images/BÄM/Berlin Merib B&W Scans/G 2100-I MERIB (Priese)/West Wall/west wall north part/BÄM_1107__52p_Priese_001.jpg	images/BÄM/Berlin Merib B&W Scans/G 2100-I MERIB (Priese)/West Wall/west wall north part/BÄM_1107__52p_Priese_001.JPG
images/BÄM/Giza_Abklatsche_TIFF/Kiste2/BÄM_SQ_035_001a.jpg	images/BÄM/Giza_Abklatsche_TIFF/Kiste2/BÄM_SQ_035_001a.jpg
images/BÄM/Giza_Abklatsche_TIFF/Kiste2/BÄM_SQ_035_001b.jpg	images/BÄM/Giza_Abklatsche_TIFF/Kiste2/BÄM_SQ_035_001b.jpg
images/BÄM/Giza_Abklatsche_TIFF/Kiste2/BÄM_SQ_035_002a.jpg	images/BÄM/Giza_Abklatsche_TIFF/Kiste2/BÄM_SQ_035_002a.jpg
images/BÄM/Giza_Abklatsche_TIFF/Kiste2/BÄM_SQ_035_002b.jpg	images/BÄM/Giza_Abklatsche_TIFF/Kiste2/BÄM_SQ_035_002b.jpg
images/BÄM/Giza_Abklatsche_TIFF/Kiste2/BÄM_SQ_035_003a.jpg	images/BÄM/Giza_Abklatsche_TIFF/Kiste2/BÄM_SQ_035_003a.jpg
images/BÄM/Giza_Abklatsche_TIFF/Kiste2/BÄM_SQ_035_003b.jpg	images/BÄM/Giza_Abklatsche_TIFF/Kiste2/BÄM_SQ_035_003b.jpg
images/BÄM/Giza_Abklatsche_TIFF/Kiste2/BÄM_SQ_035_004a.jpg	images/BÄM/Giza_Abklatsche_TIFF/Kiste2/BÄM_SQ_035_004a.jpg
images/BÄM/Giza_Abklatsche_TIFF/Kiste2/BÄM_SQ_035_004b.jpg	images/BÄM/Giza_Abklatsche_TIFF/Kiste2/BÄM_SQ_035_004b.jpg
images/BÄM/Giza_Abklatsche_TIFF/Kiste2/BÄM_SQ_035_005a.jpg	images/BÄM/Giza_Abklatsche_TIFF/Kiste2/BÄM_SQ_035_005a.jpg
images/BÄM/Giza_Abklatsche_TIFF/Kiste2/BÄM_SQ_035_005b.jpg	images/BÄM/Giza_Abklatsche_TIFF/Kiste2/BÄM_SQ_035_005b.jpg
images/BÄM/Giza_Abklatsche_TIFF/Kiste2/BÄM_SQ_035_006a.jpg	images/BÄM/Giza_Abklatsche_TIFF/Kiste2/BÄM_SQ_035_006a.jpg
images/BÄM/Giza_Abklatsche_TIFF/Kiste2/BÄM_SQ_035_006b.jpg	images/BÄM/Giza_Abklatsche_TIFF/Kiste2/BÄM_SQ_035_006b.jpg
images/BÄM/Giza_Abklatsche_TIFF/Kiste2/BÄM_SQ_035_007a.jpg	images/BÄM/Giza_Abklatsche_TIFF/Kiste2/BÄM_SQ_035_007a.jpg
images/BÄM/Giza_Abklatsche_TIFF/Kiste2/BÄM_SQ_035_007b.jpg	images/BÄM/Giza_Abklatsche_TIFF/Kiste2/BÄM_SQ_035_007b.jpg
images/BÄM/Giza_Abklatsche_TIFF/Kiste2/BÄM_SQ_035_008a.jpg	images/BÄM/Giza_Abklatsche_TIFF/Kiste2/BÄM_SQ_035_008a.jpg
images/BÄM/Giza_Abklatsche_TIFF/Kiste2/BÄM_SQ_035_008b.jpg	images/BÄM/Giza_Abklatsche_TIFF/Kiste2/BÄM_SQ_035_008b.jpg
images/BÄM/Giza_Abklatsche_TIFF/Kiste2/BÄM_SQ_035_009a.jpg	images/BÄM/Giza_Abklatsche_TIFF/Kiste2/BÄM_SQ_035_009a.jpg
images/BÄM/Giza_Abklatsche_TIFF/Kiste2/BÄM_SQ_035_010a.jpg	images/BÄM/Giza_Abklatsche_TIFF/Kiste2/BÄM_SQ_035_010a.jpg
images/BÄM/Giza_Abklatsche_TIFF/Kiste2/BÄM_SQ_035_011b.jpg	images/BÄM/Giza_Abklatsche_TIFF/Kiste2/BÄM_SQ_035_011b.jpg
images/BÄM/Giza_Abklatsche_TIFF/Kiste2/BÄM_SQ_035_013a.jpg	images/BÄM/Giza_Abklatsche_TIFF/Kiste2/BÄM_SQ_035_013a.jpg
images/BÄM/Giza_Abklatsche_TIFF/Kiste2/BÄM_SQ_035_013b.jpg	images/BÄM/Giza_Abklatsche_TIFF/Kiste2/BÄM_SQ_035_013b.jpg
images/BÄM/Giza_Abklatsche_TIFF/Kiste2/BÄM_SQ_035_014b.jpg	images/BÄM/Giza_Abklatsche_TIFF/Kiste2/BÄM_SQ_035_014b.jpg
images/BÄM/Giza_Abklatsche_TIFF/Kiste2/BÄM_SQ_035_015Aa.jpg	images/BÄM/Giza_Abklatsche_TIFF/Kiste2/BÄM_SQ_035_015Aa.jpg
images/BÄM/Giza_Abklatsche_TIFF/Kiste2/BÄM_SQ_035_015Ab.jpg	images/BÄM/Giza_Abklatsche_TIFF/Kiste2/BÄM_SQ_035_015Ab.jpg
images/BÄM/Giza_Abklatsche_TIFF/Kiste2/BÄM_SQ_035_015Ba.jpg	images/BÄM/Giza_Abklatsche_TIFF/Kiste2/BÄM_SQ_035_015Ba.jpg
images/BÄM/Giza_Abklatsche_TIFF/Kiste2/BÄM_SQ_035_015Bb.jpg	images/BÄM/Giza_Abklatsche_TIFF/Kiste2/BÄM_SQ_035_015Bb.jpg
images/BÄM/Giza_Abklatsche_TIFF/Kiste2/BÄM_SQ_035_017a.jpg	images/BÄM/Giza_Abklatsche_TIFF/Kiste2/BÄM_SQ_035_017a.jpg
images/BÄM/Giza_Abklatsche_TIFF/Kiste2/BÄM_SQ_035_017b.jpg	images/BÄM/Giza_Abklatsche_TIFF/Kiste2/BÄM_SQ_035_017b.jpg
images/BÄM/Giza_Abklatsche_TIFF/Kiste2/BÄM_SQ_035_018a.jpg	images/BÄM/Giza_Abklatsche_TIFF/Kiste2/BÄM_SQ_035_018a.jpg
images/BÄM/Giza_Abklatsche_TIFF/Kiste2/BÄM_SQ_035_018b.jpg	images/BÄM/Giza_Abklatsche_TIFF/Kiste2/BÄM_SQ_035_018b.jpg
images/BÄM/Giza_Abklatsche_TIFF/Kiste2/BÄM_SQ_035_021a.jpg	images/BÄM/Giza_Abklatsche_TIFF/Kiste2/BÄM_SQ_035_021a.jpg
images/BÄM/Giza_Abklatsche_TIFF/Kiste2/BÄM_SQ_035_021b.jpg	images/BÄM/Giza_Abklatsche_TIFF/Kiste2/BÄM_SQ_035_021b.jpg
images/BÄM/Giza_Abklatsche_TIFF/Kiste2/BÄM_SQ_035_022a.jpg	images/BÄM/Giza_Abklatsche_TIFF/Kiste2/BÄM_SQ_035_022a.jpg
images/BÄM/Giza_Abklatsche_TIFF/Kiste2/BÄM_SQ_035_022b.jpg	images/BÄM/Giza_Abklatsche_TIFF/Kiste2/BÄM_SQ_035_022b.jpg
images/BÄM/Giza_Abklatsche_TIFF/Kiste2/BÄM_SQ_035_023a.jpg	images/BÄM/Giza_Abklatsche_TIFF/Kiste2/BÄM_SQ_035_023a.jpg
images/BÄM/Giza_Abklatsche_TIFF/Kiste2/BÄM_SQ_035_023b.jpg	images/BÄM/Giza_Abklatsche_TIFF/Kiste2/BÄM_SQ_035_023b.jpg
images/BÄM/Giza_Abklatsche_TIFF/Kiste2/Thumbnails/BÄM_SQ_035_001a_thumb.jpg	images/BÄM/Giza_Abklatsche_TIFF/Kiste2/Thumbnails/BÄM_SQ_035_001a_thumb.jpg
images/BÄM/Giza_Abklatsche_TIFF/Kiste2/Thumbnails/BÄM_SQ_035_001b_thumb.jpg	images/BÄM/Giza_Abklatsche_TIFF/Kiste2/Thumbnails/BÄM_SQ_035_001b_thumb.jpg
images/BÄM/Giza_Abklatsche_TIFF/Kiste2/Thumbnails/BÄM_SQ_035_002a_thumb.jpg	images/BÄM/Giza_Abklatsche_TIFF/Kiste2/Thumbnails/BÄM_SQ_035_002a_thumb.jpg
images/BÄM/Giza_Abklatsche_TIFF/Kiste2/Thumbnails/BÄM_SQ_035_002b_thumb.jpg	images/BÄM/Giza_Abklatsche_TIFF/Kiste2/Thumbnails/BÄM_SQ_035_002b_thumb.jpg
images/BÄM/Giza_Abklatsche_TIFF/Kiste2/Thumbnails/BÄM_SQ_035_003a_thumb.jpg	images/BÄM/Giza_Abklatsche_TIFF/Kiste2/Thumbnails/BÄM_SQ_035_003a_thumb.jpg
images/BÄM/Giza_Abklatsche_TIFF/Kiste2/Thumbnails/BÄM_SQ_035_003b_thumb.jpg	images/BÄM/Giza_Abklatsche_TIFF/Kiste2/Thumbnails/BÄM_SQ_035_003b_thumb.jpg
images/BÄM/Giza_Abklatsche_TIFF/Kiste2/Thumbnails/BÄM_SQ_035_004a_thumb.jpg	images/BÄM/Giza_Abklatsche_TIFF/Kiste2/Thumbnails/BÄM_SQ_035_004a_thumb.jpg
images/BÄM/Giza_Abklatsche_TIFF/Kiste2/Thumbnails/BÄM_SQ_035_004b_thumb.jpg	images/BÄM/Giza_Abklatsche_TIFF/Kiste2/Thumbnails/BÄM_SQ_035_004b_thumb.jpg
images/BÄM/Giza_Abklatsche_TIFF/Kiste2/Thumbnails/BÄM_SQ_035_005a_thumb.jpg	images/BÄM/Giza_Abklatsche_TIFF/Kiste2/Thumbnails/BÄM_SQ_035_005a_thumb.jpg
images/BÄM/Giza_Abklatsche_TIFF/Kiste2/Thumbnails/BÄM_SQ_035_005b_thumb.jpg	images/BÄM/Giza_Abklatsche_TIFF/Kiste2/Thumbnails/BÄM_SQ_035_005b_thumb.jpg
images/BÄM/Giza_Abklatsche_TIFF/Kiste2/Thumbnails/BÄM_SQ_035_006a_thumb.jpg	images/BÄM/Giza_Abklatsche_TIFF/Kiste2/Thumbnails/BÄM_SQ_035_006a_thumb.jpg
images/BÄM/Giza_Abklatsche_TIFF/Kiste2/Thumbnails/BÄM_SQ_035_006b_thumb.jpg	images/BÄM/Giza_Abklatsche_TIFF/Kiste2/Thumbnails/BÄM_SQ_035_006b_thumb.jpg
images/BÄM/Giza_Abklatsche_TIFF/Kiste2/Thumbnails/BÄM_SQ_035_007a_thumb.jpg	images/BÄM/Giza_Abklatsche_TIFF/Kiste2/Thumbnails/BÄM_SQ_035_007a_thumb.jpg
images/BÄM/Giza_Abklatsche_TIFF/Kiste2/Thumbnails/BÄM_SQ_035_007b_thumb.jpg	images/BÄM/Giza_Abklatsche_TIFF/Kiste2/Thumbnails/BÄM_SQ_035_007b_thumb.jpg
images/BÄM/Giza_Abklatsche_TIFF/Kiste2/Thumbnails/BÄM_SQ_035_008a_thumb.jpg	images/BÄM/Giza_Abklatsche_TIFF/Kiste2/Thumbnails/BÄM_SQ_035_008a_thumb.jpg
images/BÄM/Giza_Abklatsche_TIFF/Kiste2/Thumbnails/BÄM_SQ_035_008b_thumb.jpg	images/BÄM/Giza_Abklatsche_TIFF/Kiste2/Thumbnails/BÄM_SQ_035_008b_thumb.jpg
images/BÄM/Giza_Abklatsche_TIFF/Kiste2/Thumbnails/BÄM_SQ_035_013a_thumb.jpg	images/BÄM/Giza_Abklatsche_TIFF/Kiste2/Thumbnails/BÄM_SQ_035_013a_thumb.jpg
images/BÄM/Giza_Abklatsche_TIFF/Kiste2/Thumbnails/BÄM_SQ_035_013b_thumb.jpg	images/BÄM/Giza_Abklatsche_TIFF/Kiste2/Thumbnails/BÄM_SQ_035_013b_thumb.jpg
images/BÄM/Giza_Abklatsche_TIFF/Kiste2/Thumbnails/BÄM_SQ_035_015Aa_thumb.jpg	images/BÄM/Giza_Abklatsche_TIFF/Kiste2/Thumbnails/BÄM_SQ_035_015Aa_thumb.jpg
images/BÄM/Giza_Abklatsche_TIFF/Kiste2/Thumbnails/BÄM_SQ_035_015Ab_thumb.jpg	images/BÄM/Giza_Abklatsche_TIFF/Kiste2/Thumbnails/BÄM_SQ_035_015Ab_thumb.jpg
images/BÄM/Giza_Abklatsche_TIFF/Kiste2/Thumbnails/BÄM_SQ_035_015Ba_thumb.jpg	images/BÄM/Giza_Abklatsche_TIFF/Kiste2/Thumbnails/BÄM_SQ_035_015Ba_thumb.jpg
images/BÄM/Giza_Abklatsche_TIFF/Kiste2/Thumbnails/BÄM_SQ_035_015Bb_thumb.jpg	images/BÄM/Giza_Abklatsche_TIFF/Kiste2/Thumbnails/BÄM_SQ_035_015Bb_thumb.jpg
images/BÄM/Giza_Abklatsche_TIFF/Kiste2/Thumbnails/BÄM_SQ_035_018a_thumb.jpg	images/BÄM/Giza_Abklatsche_TIFF/Kiste2/Thumbnails/BÄM_SQ_035_018a_thumb.jpg
images/BÄM/Giza_Abklatsche_TIFF/Kiste2/Thumbnails/BÄM_SQ_035_018b_thumb.jpg	images/BÄM/Giza_Abklatsche_TIFF/Kiste2/Thumbnails/BÄM_SQ_035_018b_thumb.jpg
images/BÄM/Giza_Abklatsche_TIFF/Kiste2/Thumbnails/BÄM_SQ_035_021a_thumb.jpg	images/BÄM/Giza_Abklatsche_TIFF/Kiste2/Thumbnails/BÄM_SQ_035_021a_thumb.jpg
images/BÄM/Giza_Abklatsche_TIFF/Kiste2/Thumbnails/BÄM_SQ_035_021b_thumb.jpg	images/BÄM/Giza_Abklatsche_TIFF/Kiste2/Thumbnails/BÄM_SQ_035_021b_thumb.jpg
images/BÄM/Giza_Abklatsche_TIFF/Kiste2/Thumbnails/BÄM_SQ_035_022a_thumb.jpg	images/BÄM/Giza_Abklatsche_TIFF/Kiste2/Thumbnails/BÄM_SQ_035_022a_thumb.jpg
images/BÄM/Giza_Abklatsche_TIFF/Kiste2/Thumbnails/BÄM_SQ_035_022b_thumb.jpg	images/BÄM/Giza_Abklatsche_TIFF/Kiste2/Thumbnails/BÄM_SQ_035_022b_thumb.jpg
images/BÄM/Giza_Abklatsche_TIFF/Kiste2/Thumbnails/BÄM_SQ_035_023a_thumb.jpg	images/BÄM/Giza_Abklatsche_TIFF/Kiste2/Thumbnails/BÄM_SQ_035_023a_thumb.jpg
images/BÄM/Giza_Abklatsche_TIFF/Kiste2/Thumbnails/BÄM_SQ_035_023b_thumb.jpg	images/BÄM/Giza_Abklatsche_TIFF/Kiste2/Thumbnails/BÄM_SQ_035_023b_thumb.jpg
images/BÄM/Giza_Abklatsche_TIFF/Kiste4/Thumbnails/BÄM_SQ_040_044_002a(1)_thumb.jpg	images/BÄM/Giza_Abklatsche_TIFF/Kiste4/Thumbnails/BÄM_SQ_040_044_002a(1)_thumb.jpg
images/GPH/3D Model Stills/Avatars/George Reisner/GPH_3D_Reisner_2010-08-13_wip_001.jpg	images/GPH/3D Model Stills/Avatars_PDM broke all links_remove from TMS Collections/George Reisner/GPH_3D_Reisner_2010-08-13_wip_001.jpg
images/GPH/3D Model Stills/Avatars/George Reisner/GPH_3D_Reisner_2010-08-13_wip_002.jpg	images/GPH/3D Model Stills/Avatars_PDM broke all links_remove from TMS Collections/George Reisner/GPH_3D_Reisner_2010-08-13_wip_002.jpg
images/GPH/3D Model Stills/Avatars/George Reisner/GPH_3D_Reisner_2010-08-13_wip_003.jpg	images/GPH/3D Model Stills/Avatars_PDM broke all links_remove from TMS Collections/George Reisner/GPH_3D_Reisner_2010-08-13_wip_003.jpg
images/GPH/3D Model Stills/Avatars/George Reisner/GPH_3D_Reisner_2010-08-13_wip_004.jpg	images/GPH/3D Model Stills/Avatars_PDM broke all links_remove from TMS Collections/George Reisner/GPH_3D_Reisner_2010-08-13_wip_004.jpg
images/GPH/3D Model Stills/Avatars/George Reisner/GPH_3D_Reisner_2010-08-13_wip_005.jpg	images/GPH/3D Model Stills/Avatars_PDM broke all links_remove from TMS Collections/George Reisner/GPH_3D_Reisner_2010-08-13_wip_005.jpg
images/GPH/3D Model Stills/Avatars/George Reisner/GPH_3D_Reisner_2010-08-13_wip_006.jpg	images/GPH/3D Model Stills/Avatars_PDM broke all links_remove from TMS Collections/George Reisner/GPH_3D_Reisner_2010-08-13_wip_006.jpg
images/GPH/3D Model Stills/Avatars/George Reisner/GPH_3D_Reisner_2010-08-13_wip_007.jpg	images/GPH/3D Model Stills/Avatars_PDM broke all links_remove from TMS Collections/George Reisner/GPH_3D_Reisner_2010-08-13_wip_007.jpg
images/GPH/3D Model Stills/Avatars/George Reisner/GPH_3D_Reisner_2010-08-22_wip_001.jpg	images/GPH/3D Model Stills/Avatars_PDM broke all links_remove from TMS Collections/George Reisner/GPH_3D_Reisner_2010-08-22_wip_001.jpg
images/GPH/3D Model Stills/Avatars/George Reisner/GPH_3D_Reisner_2010-08-22_wip_002.jpg	images/GPH/3D Model Stills/Avatars_PDM broke all links_remove from TMS Collections/George Reisner/GPH_3D_Reisner_2010-08-22_wip_002.jpg
images/GPH/3D Model Stills/Avatars/George Reisner/GPH_3D_Reisner_2010-08-22_wip_003.jpg	images/GPH/3D Model Stills/Avatars_PDM broke all links_remove from TMS Collections/George Reisner/GPH_3D_Reisner_2010-08-22_wip_003.jpg
images/GPH/3D Model Stills/Avatars/George Reisner/GPH_3D_Reisner_2010-08-22_wip_004.jpg	images/GPH/3D Model Stills/Avatars_PDM broke all links_remove from TMS Collections/George Reisner/GPH_3D_Reisner_2010-08-22_wip_004.jpg
images/GPH/3D Model Stills/Avatars/George Reisner/GPH_3D_Reisner_2010-08-22_wip_005.jpg	images/GPH/3D Model Stills/Avatars_PDM broke all links_remove from TMS Collections/George Reisner/GPH_3D_Reisner_2010-08-22_wip_005.jpg
images/GPH/3D Model Stills/Avatars/George Reisner/GPH_3D_Reisner_2010-08-27_wip_001.jpg	images/GPH/3D Model Stills/Avatars_PDM broke all links_remove from TMS Collections/George Reisner/GPH_3D_Reisner_2010-08-27_wip_001.jpg
images/GPH/3D Model Stills/Avatars/George Reisner/GPH_3D_Reisner_2010-08-27_wip_002.jpg	images/GPH/3D Model Stills/Avatars_PDM broke all links_remove from TMS Collections/George Reisner/GPH_3D_Reisner_2010-08-27_wip_002.jpg
images/GPH/3D Model Stills/Avatars/George Reisner/GPH_3D_Reisner_2010-09-02_wip_001.jpg	images/GPH/3D Model Stills/Avatars_PDM broke all links_remove from TMS Collections/George Reisner/GPH_3D_Reisner_2010-09-02_wip_001.jpg
images/GPH/3D Model Stills/Avatars/George Reisner/GPH_3D_Reisner_2010-09-02_wip_002.jpg	images/GPH/3D Model Stills/Avatars_PDM broke all links_remove from TMS Collections/George Reisner/GPH_3D_Reisner_2010-09-02_wip_002.jpg
images/GPH/3D Model Stills/Avatars/George Reisner/GPH_3D_Reisner_2010-09-02_wip_003.jpg	images/GPH/3D Model Stills/Avatars_PDM broke all links_remove from TMS Collections/George Reisner/GPH_3D_Reisner_2010-09-02_wip_003.jpg
images/GPH/3D Model Stills/Avatars/George Reisner/GPH_3D_Reisner_2010-09-02_wip_004.jpg	images/GPH/3D Model Stills/Avatars_PDM broke all links_remove from TMS Collections/George Reisner/GPH_3D_Reisner_2010-09-02_wip_004.jpg
images/GPH/3D Model Stills/Avatars/George Reisner/GPH_3D_Reisner_2010-09-02_wip_005.jpg	images/GPH/3D Model Stills/Avatars_PDM broke all links_remove from TMS Collections/George Reisner/GPH_3D_Reisner_2010-09-02_wip_005.jpg
images/GPH/3D Model Stills/Avatars/George Reisner/GPH_3D_Reisner_2010-09-02_wip_006.jpg	images/GPH/3D Model Stills/Avatars_PDM broke all links_remove from TMS Collections/George Reisner/GPH_3D_Reisner_2010-09-02_wip_006.jpg
images/GPH/3D Model Stills/Avatars/George Reisner/GPH_3D_Reisner_2010-09-22_wip_001.jpg	images/GPH/3D Model Stills/Avatars_PDM broke all links_remove from TMS Collections/George Reisner/GPH_3D_Reisner_2010-09-22_wip_001.jpg
images/GPH/3D Model Stills/Avatars/George Reisner/GPH_3D_Reisner_2011-06-02_wip_001.jpg	images/GPH/3D Model Stills/Avatars_PDM broke all links_remove from TMS Collections/George Reisner/GPH_3D_Reisner_2011-06-02_wip_001.jpg
images/GPH/3D Model Stills/Avatars/George Reisner/GPH_3D_Reisner_2011-10-13_wip_001.jpg	images/GPH/3D Model Stills/Avatars_PDM broke all links_remove from TMS Collections/George Reisner/GPH_3D_Reisner_2011-10-13_wip_001.jpg
images/GPH/3D Model Stills/Avatars/George Reisner/GPH_3D_Reisner_2011-10-13_wip_002.jpg	images/GPH/3D Model Stills/Avatars_PDM broke all links_remove from TMS Collections/George Reisner/GPH_3D_Reisner_2011-10-13_wip_002.jpg
images/GPH/3D Model Stills/Avatars/George Reisner/GPH_3D_Reisner_2011-10-13_wip_003.jpg	images/GPH/3D Model Stills/Avatars_PDM broke all links_remove from TMS Collections/George Reisner/GPH_3D_Reisner_2011-10-13_wip_003.jpg
images/GPH/3D Model Stills/Avatars/George Reisner/GPH_3D_Reisner_2011-10-13_wip_004.jpg	images/GPH/3D Model Stills/Avatars_PDM broke all links_remove from TMS Collections/George Reisner/GPH_3D_Reisner_2011-10-13_wip_004.jpg
images/GPH/3D Model Stills/Avatars/George Reisner/GPH_3D_Reisner_2011-10-13_wip_005.jpg	images/GPH/3D Model Stills/Avatars_PDM broke all links_remove from TMS Collections/George Reisner/GPH_3D_Reisner_2011-10-13_wip_005.jpg
images/GPH/3D Model Stills/Avatars/George Reisner/GPH_3D_Reisner_2011-10-13_wip_006.jpg	images/GPH/3D Model Stills/Avatars_PDM broke all links_remove from TMS Collections/George Reisner/GPH_3D_Reisner_2011-10-13_wip_006.jpg
images/GPH/3D Model Stills/Avatars/George Reisner/GPH_3D_Reisner_2011-10-13_wip_007.jpg	images/GPH/3D Model Stills/Avatars_PDM broke all links_remove from TMS Collections/George Reisner/GPH_3D_Reisner_2011-10-13_wip_007.jpg
images/GPH/3D Model Stills/Avatars/George Reisner/GPH_3D_Reisner_2011-10-13_wip_008.jpg	images/GPH/3D Model Stills/Avatars_PDM broke all links_remove from TMS Collections/George Reisner/GPH_3D_Reisner_2011-10-13_wip_008.jpg
images/GPH/3D Model Stills/Avatars/George Reisner/GPH_3D_Reisner_2011-10-13_wip_009.jpg	images/GPH/3D Model Stills/Avatars_PDM broke all links_remove from TMS Collections/George Reisner/GPH_3D_Reisner_2011-10-13_wip_009.jpg
images/GPH/3D Model Stills/Avatars/George Reisner/GPH_3D_Reisner_2011-10-13_wip_010.jpg	images/GPH/3D Model Stills/Avatars_PDM broke all links_remove from TMS Collections/George Reisner/GPH_3D_Reisner_2011-10-13_wip_010.jpg
images/GPH/3D Model Stills/Avatars/George Reisner/GPH_3D_Reisner_2011-10-13_wip_011.jpg	images/GPH/3D Model Stills/Avatars_PDM broke all links_remove from TMS Collections/George Reisner/GPH_3D_Reisner_2011-10-13_wip_011.jpg
images/GPH/3D Model Stills/Avatars/George Reisner/GPH_3D_Reisner_2011-10-13_wip_012.jpg	images/GPH/3D Model Stills/Avatars_PDM broke all links_remove from TMS Collections/George Reisner/GPH_3D_Reisner_2011-10-13_wip_012.jpg
images/GPH/3D Model Stills/Avatars/George Reisner/GPH_3D_Reisner_2011-10-13_wip_013.jpg	images/GPH/3D Model Stills/Avatars_PDM broke all links_remove from TMS Collections/George Reisner/GPH_3D_Reisner_2011-10-13_wip_013.jpg
images/GPH/3D Model Stills/Avatars/George Reisner/GPH_3D_Reisner_2011-10-13_wip_014.jpg	images/GPH/3D Model Stills/Avatars_PDM broke all links_remove from TMS Collections/George Reisner/GPH_3D_Reisner_2011-10-13_wip_014.jpg
images/GPH/3D Model Stills/Avatars/George Reisner/GPH_3D_Reisner_2011-10-13_wip_015.jpg	images/GPH/3D Model Stills/Avatars_PDM broke all links_remove from TMS Collections/George Reisner/GPH_3D_Reisner_2011-10-13_wip_015.jpg
images/GPH/3D Model Stills/Avatars/George Reisner/GPH_3D_Reisner_2011-10-13_wip_016.jpg	images/GPH/3D Model Stills/Avatars_PDM broke all links_remove from TMS Collections/George Reisner/GPH_3D_Reisner_2011-10-13_wip_016.jpg
images/GPH/3D Model Stills/Avatars/George Reisner/GPH_3D_Reisner_2011-10-18_wip_001.jpg	images/GPH/3D Model Stills/Avatars_PDM broke all links_remove from TMS Collections/George Reisner/GPH_3D_Reisner_2011-10-18_wip_001.jpg
images/GPH/3D Model Stills/Avatars/George Reisner/GPH_3D_Reisner_2011-10-18_wip_002.jpg	images/GPH/3D Model Stills/Avatars_PDM broke all links_remove from TMS Collections/George Reisner/GPH_3D_Reisner_2011-10-18_wip_002.jpg
images/GPH/3D Model Stills/Avatars/George Reisner/GPH_3D_Reisner_2011-10-18_wip_003.jpg	images/GPH/3D Model Stills/Avatars_PDM broke all links_remove from TMS Collections/George Reisner/GPH_3D_Reisner_2011-10-18_wip_003.jpg
images/GPH/3D Model Stills/Avatars/George Reisner/GPH_3D_Reisner_2011-10-24_wip_001.jpg	images/GPH/3D Model Stills/Avatars_PDM broke all links_remove from TMS Collections/George Reisner/GPH_3D_Reisner_2011-10-24_wip_001.jpg
images/GPH/3D Model Stills/Avatars/George Reisner/GPH_3D_Reisner_2011-10-24_wip_002.jpg	images/GPH/3D Model Stills/Avatars_PDM broke all links_remove from TMS Collections/George Reisner/GPH_3D_Reisner_2011-10-24_wip_002.jpg
images/GPH/3D Model Stills/Avatars/George Reisner/GPH_3D_Reisner_2011-10-26_wip_001.jpg	images/GPH/3D Model Stills/Avatars_PDM broke all links_remove from TMS Collections/George Reisner/GPH_3D_Reisner_2011-10-26_wip_001.jpg
images/GPH/3D Model Stills/Avatars/George Reisner/GPH_3D_Reisner_2011-10-26_wip_002.jpg	images/GPH/3D Model Stills/Avatars_PDM broke all links_remove from TMS Collections/George Reisner/GPH_3D_Reisner_2011-10-26_wip_002.jpg
images/GPH/3D Model Stills/Avatars/George Reisner/GPH_3D_Reisner_2011-10-28_wip_001.jpg	images/GPH/3D Model Stills/Avatars_PDM broke all links_remove from TMS Collections/George Reisner/GPH_3D_Reisner_2011-10-28_wip_001.jpg
images/GPH/3D Model Stills/Avatars/George Reisner/GPH_3D_Reisner_2011-11-02_wip_001.jpg	images/GPH/3D Model Stills/Avatars_PDM broke all links_remove from TMS Collections/George Reisner/GPH_3D_Reisner_2011-11-02_wip_001.jpg
images/GPH/3D Model Stills/Avatars/George Reisner/GPH_3D_Reisner_2011-11-02_wip_002.jpg	images/GPH/3D Model Stills/Avatars_PDM broke all links_remove from TMS Collections/George Reisner/GPH_3D_Reisner_2011-11-02_wip_002.jpg
images/GPH/3D Model Stills/Avatars/George Reisner/GPH_3D_Reisner_2011-11-02_wip_003.jpg	images/GPH/3D Model Stills/Avatars_PDM broke all links_remove from TMS Collections/George Reisner/GPH_3D_Reisner_2011-11-02_wip_003.jpg
images/GPH/3D Model Stills/Avatars/George Reisner/GPH_3D_Reisner_2011-11-02_wip_004.jpg	images/GPH/3D Model Stills/Avatars_PDM broke all links_remove from TMS Collections/George Reisner/GPH_3D_Reisner_2011-11-02_wip_004.jpg
images/GPH/3D Model Stills/Avatars/George Reisner/GPH_3D_Reisner_2011-11-02_wip_005.jpg	images/GPH/3D Model Stills/Avatars_PDM broke all links_remove from TMS Collections/George Reisner/GPH_3D_Reisner_2011-11-02_wip_005.jpg
images/GPH/3D Model Stills/Avatars/George Reisner/GPH_3D_Reisner_2011-11-02_wip_006.jpg	images/GPH/3D Model Stills/Avatars_PDM broke all links_remove from TMS Collections/George Reisner/GPH_3D_Reisner_2011-11-02_wip_006.jpg
images/GPH/3D Model Stills/Avatars/George Reisner/GPH_3D_Reisner_2012-05-15_wip_001.jpg	images/GPH/3D Model Stills/Avatars_PDM broke all links_remove from TMS Collections/George Reisner/GPH_3D_Reisner_2012-05-15_wip_001.jpg
images/GPH/3D Model Stills/Avatars/George Reisner/GPH_3D_Reisner_2012-05-15_wip_002.jpg	images/GPH/3D Model Stills/Avatars_PDM broke all links_remove from TMS Collections/George Reisner/GPH_3D_Reisner_2012-05-15_wip_002.jpg
images/GPH/3D Model Stills/Avatars/George Reisner/GPH_3D_Reisner_2012-05-16_wip_001.jpg	images/GPH/3D Model Stills/Avatars_PDM broke all links_remove from TMS Collections/George Reisner/GPH_3D_Reisner_2012-05-16_wip_001.jpg
images/GPH/3D Model Stills/Avatars/George Reisner/GPH_3D_Reisner_2012-05-16_wip_002.jpg	images/GPH/3D Model Stills/Avatars_PDM broke all links_remove from TMS Collections/George Reisner/GPH_3D_Reisner_2012-05-16_wip_002.jpg
images/GPH/3D Model Stills/Avatars/George Reisner/GPH_3D_Reisner_2012-05-16_wip_003.jpg	images/GPH/3D Model Stills/Avatars_PDM broke all links_remove from TMS Collections/George Reisner/GPH_3D_Reisner_2012-05-16_wip_003.jpg
images/GPH/3D Model Stills/Avatars/George Reisner/GPH_3D_Reisner_2012-05-18_wip_001.jpg	images/GPH/3D Model Stills/Avatars_PDM broke all links_remove from TMS Collections/George Reisner/GPH_3D_Reisner_2012-05-18_wip_001.jpg
images/GPH/3D Model Stills/Avatars/George Reisner/GPH_3D_Reisner_2012-05-18_wip_002.jpg	images/GPH/3D Model Stills/Avatars_PDM broke all links_remove from TMS Collections/George Reisner/GPH_3D_Reisner_2012-05-18_wip_002.jpg
images/GPH/3D Model Stills/Avatars/George Reisner/GPH_3D_Reisner_2012-05-18_wip_003.jpg	images/GPH/3D Model Stills/Avatars_PDM broke all links_remove from TMS Collections/George Reisner/GPH_3D_Reisner_2012-05-18_wip_003.jpg
images/GPH/3D Model Stills/Avatars/George Reisner/GPH_3D_Reisner_2013-08-02_wip_001.jpg	images/GPH/3D Model Stills/Avatars_PDM broke all links_remove from TMS Collections/George Reisner/GPH_3D_Reisner_2013-08-02_wip_001.jpg
images/GPH/3D Model Stills/Avatars/George Reisner/GPH_3D_Reisner_2013-08-14_wip_001.jpg	images/GPH/3D Model Stills/Avatars_PDM broke all links_remove from TMS Collections/George Reisner/GPH_3D_Reisner_2013-08-14_wip_001.jpg
images/GPH/3D Model Stills/Avatars/George Reisner/GPH_3D_Reisner_2013-08-14_wip_002.jpg	images/GPH/3D Model Stills/Avatars_PDM broke all links_remove from TMS Collections/George Reisner/GPH_3D_Reisner_2013-08-14_wip_002.jpg
images/GPH/3D Model Stills/Avatars/George Reisner/GPH_3D_Reisner_2013-08-14_wip_003.jpg	images/GPH/3D Model Stills/Avatars_PDM broke all links_remove from TMS Collections/George Reisner/GPH_3D_Reisner_2013-08-14_wip_003.jpg
images/GPH/3D Model Stills/Avatars/George Reisner/GPH_3D_Reisner_2013-08-14_wip_004.jpg	images/GPH/3D Model Stills/Avatars_PDM broke all links_remove from TMS Collections/George Reisner/GPH_3D_Reisner_2013-08-14_wip_004.jpg
images/GPH/3D Model Stills/Avatars/George Reisner/GPH_3D_Reisner_2014-03-25_wip_001.jpg	images/GPH/3D Model Stills/Avatars_PDM broke all links_remove from TMS Collections/George Reisner/GPH_3D_Reisner_2014-03-25_wip_001.jpg
images/GPH/3D Model Stills/Avatars/George Reisner/Thumbnails/GPH_3D_Reisner_2010-08-13_wip_001_thumb.jpg	images/GPH/3D Model Stills/Avatars_PDM broke all links_remove from TMS Collections/George Reisner/Thumbnails_remove from TMS Collections/GPH_3D_Reisner_2010-08-13_wip_001_thumb.jpg
images/GPH/3D Model Stills/Avatars/George Reisner/Thumbnails/GPH_3D_Reisner_2010-08-13_wip_002_thumb.jpg	images/GPH/3D Model Stills/Avatars_PDM broke all links_remove from TMS Collections/George Reisner/Thumbnails_remove from TMS Collections/GPH_3D_Reisner_2010-08-13_wip_002_thumb.jpg
images/GPH/3D Model Stills/Avatars/George Reisner/Thumbnails/GPH_3D_Reisner_2010-08-13_wip_003_thumb.jpg	images/GPH/3D Model Stills/Avatars_PDM broke all links_remove from TMS Collections/George Reisner/Thumbnails_remove from TMS Collections/GPH_3D_Reisner_2010-08-13_wip_003_thumb.jpg
images/GPH/3D Model Stills/Avatars/George Reisner/Thumbnails/GPH_3D_Reisner_2010-08-13_wip_004_thumb.jpg	images/GPH/3D Model Stills/Avatars_PDM broke all links_remove from TMS Collections/George Reisner/Thumbnails_remove from TMS Collections/GPH_3D_Reisner_2010-08-13_wip_004_thumb.jpg
images/GPH/3D Model Stills/Avatars/George Reisner/Thumbnails/GPH_3D_Reisner_2010-08-13_wip_005_thumb.jpg	images/GPH/3D Model Stills/Avatars_PDM broke all links_remove from TMS Collections/George Reisner/Thumbnails_remove from TMS Collections/GPH_3D_Reisner_2010-08-13_wip_005_thumb.jpg
images/GPH/3D Model Stills/Avatars/George Reisner/Thumbnails/GPH_3D_Reisner_2010-08-13_wip_006_thumb.jpg	images/GPH/3D Model Stills/Avatars_PDM broke all links_remove from TMS Collections/George Reisner/Thumbnails_remove from TMS Collections/GPH_3D_Reisner_2010-08-13_wip_006_thumb.jpg
images/GPH/3D Model Stills/Avatars/George Reisner/Thumbnails/GPH_3D_Reisner_2010-08-13_wip_007_thumb.jpg	images/GPH/3D Model Stills/Avatars_PDM broke all links_remove from TMS Collections/George Reisner/Thumbnails_remove from TMS Collections/GPH_3D_Reisner_2010-08-13_wip_007_thumb.jpg
images/GPH/3D Model Stills/Avatars/George Reisner/Thumbnails/GPH_3D_Reisner_2010-08-22_wip_001_thumb.jpg	images/GPH/3D Model Stills/Avatars_PDM broke all links_remove from TMS Collections/George Reisner/Thumbnails_remove from TMS Collections/GPH_3D_Reisner_2010-08-22_wip_001_thumb.jpg
images/GPH/3D Model Stills/Avatars/George Reisner/Thumbnails/GPH_3D_Reisner_2010-08-22_wip_002_thumb.jpg	images/GPH/3D Model Stills/Avatars_PDM broke all links_remove from TMS Collections/George Reisner/Thumbnails_remove from TMS Collections/GPH_3D_Reisner_2010-08-22_wip_002_thumb.jpg
images/GPH/3D Model Stills/Avatars/George Reisner/Thumbnails/GPH_3D_Reisner_2010-08-22_wip_003_thumb.jpg	images/GPH/3D Model Stills/Avatars_PDM broke all links_remove from TMS Collections/George Reisner/Thumbnails_remove from TMS Collections/GPH_3D_Reisner_2010-08-22_wip_003_thumb.jpg
images/GPH/3D Model Stills/Avatars/George Reisner/Thumbnails/GPH_3D_Reisner_2010-08-22_wip_004_thumb.jpg	images/GPH/3D Model Stills/Avatars_PDM broke all links_remove from TMS Collections/George Reisner/Thumbnails_remove from TMS Collections/GPH_3D_Reisner_2010-08-22_wip_004_thumb.jpg
images/GPH/3D Model Stills/Avatars/George Reisner/Thumbnails/GPH_3D_Reisner_2010-08-22_wip_005_thumb.jpg	images/GPH/3D Model Stills/Avatars_PDM broke all links_remove from TMS Collections/George Reisner/Thumbnails_remove from TMS Collections/GPH_3D_Reisner_2010-08-22_wip_005_thumb.jpg
images/GPH/3D Model Stills/Avatars/George Reisner/Thumbnails/GPH_3D_Reisner_2010-08-27_wip_001_thumb.jpg	images/GPH/3D Model Stills/Avatars_PDM broke all links_remove from TMS Collections/George Reisner/Thumbnails_remove from TMS Collections/GPH_3D_Reisner_2010-08-27_wip_001_thumb.jpg
images/GPH/3D Model Stills/Avatars/George Reisner/Thumbnails/GPH_3D_Reisner_2010-08-27_wip_002_thumb.jpg	images/GPH/3D Model Stills/Avatars_PDM broke all links_remove from TMS Collections/George Reisner/Thumbnails_remove from TMS Collections/GPH_3D_Reisner_2010-08-27_wip_002_thumb.jpg
images/GPH/3D Model Stills/Avatars/George Reisner/Thumbnails/GPH_3D_Reisner_2010-09-02_wip_001_thumb.jpg	images/GPH/3D Model Stills/Avatars_PDM broke all links_remove from TMS Collections/George Reisner/Thumbnails_remove from TMS Collections/GPH_3D_Reisner_2010-09-02_wip_001_thumb.jpg
images/GPH/3D Model Stills/Avatars/George Reisner/Thumbnails/GPH_3D_Reisner_2010-09-02_wip_002_thumb.jpg	images/GPH/3D Model Stills/Avatars_PDM broke all links_remove from TMS Collections/George Reisner/Thumbnails_remove from TMS Collections/GPH_3D_Reisner_2010-09-02_wip_002_thumb.jpg
images/GPH/3D Model Stills/Avatars/George Reisner/Thumbnails/GPH_3D_Reisner_2010-09-02_wip_003_thumb.jpg	images/GPH/3D Model Stills/Avatars_PDM broke all links_remove from TMS Collections/George Reisner/Thumbnails_remove from TMS Collections/GPH_3D_Reisner_2010-09-02_wip_003_thumb.jpg
images/GPH/3D Model Stills/Avatars/George Reisner/Thumbnails/GPH_3D_Reisner_2010-09-02_wip_004_thumb.jpg	images/GPH/3D Model Stills/Avatars_PDM broke all links_remove from TMS Collections/George Reisner/Thumbnails_remove from TMS Collections/GPH_3D_Reisner_2010-09-02_wip_004_thumb.jpg
images/GPH/3D Model Stills/Avatars/George Reisner/Thumbnails/GPH_3D_Reisner_2010-09-02_wip_005_thumb.jpg	images/GPH/3D Model Stills/Avatars_PDM broke all links_remove from TMS Collections/George Reisner/Thumbnails_remove from TMS Collections/GPH_3D_Reisner_2010-09-02_wip_005_thumb.jpg
images/GPH/3D Model Stills/Avatars/George Reisner/Thumbnails/GPH_3D_Reisner_2010-09-02_wip_006_thumb.jpg	images/GPH/3D Model Stills/Avatars_PDM broke all links_remove from TMS Collections/George Reisner/Thumbnails_remove from TMS Collections/GPH_3D_Reisner_2010-09-02_wip_006_thumb.jpg
images/GPH/3D Model Stills/Avatars/George Reisner/Thumbnails/GPH_3D_Reisner_2010-09-22_wip_001_thumb.jpg	images/GPH/3D Model Stills/Avatars_PDM broke all links_remove from TMS Collections/George Reisner/Thumbnails_remove from TMS Collections/GPH_3D_Reisner_2010-09-22_wip_001_thumb.jpg
images/GPH/3D Model Stills/Avatars/George Reisner/Thumbnails/GPH_3D_Reisner_2011-06-02_wip_001_thumb.jpg	images/GPH/3D Model Stills/Avatars_PDM broke all links_remove from TMS Collections/George Reisner/Thumbnails_remove from TMS Collections/GPH_3D_Reisner_2011-06-02_wip_001_thumb.jpg
images/GPH/3D Model Stills/Avatars/George Reisner/Thumbnails/GPH_3D_Reisner_2011-10-13_wip_001_thumb.jpg	images/GPH/3D Model Stills/Avatars_PDM broke all links_remove from TMS Collections/George Reisner/Thumbnails_remove from TMS Collections/GPH_3D_Reisner_2011-10-13_wip_001_thumb.jpg
images/GPH/3D Model Stills/Avatars/George Reisner/Thumbnails/GPH_3D_Reisner_2011-10-13_wip_002_thumb.jpg	images/GPH/3D Model Stills/Avatars_PDM broke all links_remove from TMS Collections/George Reisner/Thumbnails_remove from TMS Collections/GPH_3D_Reisner_2011-10-13_wip_002_thumb.jpg
images/GPH/3D Model Stills/Avatars/George Reisner/Thumbnails/GPH_3D_Reisner_2011-10-13_wip_003_thumb.jpg	images/GPH/3D Model Stills/Avatars_PDM broke all links_remove from TMS Collections/George Reisner/Thumbnails_remove from TMS Collections/GPH_3D_Reisner_2011-10-13_wip_003_thumb.jpg
images/GPH/3D Model Stills/Avatars/George Reisner/Thumbnails/GPH_3D_Reisner_2011-10-13_wip_004_thumb.jpg	images/GPH/3D Model Stills/Avatars_PDM broke all links_remove from TMS Collections/George Reisner/Thumbnails_remove from TMS Collections/GPH_3D_Reisner_2011-10-13_wip_004_thumb.jpg
images/GPH/3D Model Stills/Avatars/George Reisner/Thumbnails/GPH_3D_Reisner_2011-10-13_wip_005_thumb.jpg	images/GPH/3D Model Stills/Avatars_PDM broke all links_remove from TMS Collections/George Reisner/Thumbnails_remove from TMS Collections/GPH_3D_Reisner_2011-10-13_wip_005_thumb.jpg
images/GPH/3D Model Stills/Avatars/George Reisner/Thumbnails/GPH_3D_Reisner_2011-10-13_wip_006_thumb.jpg	images/GPH/3D Model Stills/Avatars_PDM broke all links_remove from TMS Collections/George Reisner/Thumbnails_remove from TMS Collections/GPH_3D_Reisner_2011-10-13_wip_006_thumb.jpg
images/GPH/3D Model Stills/Avatars/George Reisner/Thumbnails/GPH_3D_Reisner_2011-10-13_wip_007_thumb.jpg	images/GPH/3D Model Stills/Avatars_PDM broke all links_remove from TMS Collections/George Reisner/Thumbnails_remove from TMS Collections/GPH_3D_Reisner_2011-10-13_wip_007_thumb.jpg
images/GPH/3D Model Stills/Avatars/George Reisner/Thumbnails/GPH_3D_Reisner_2011-10-13_wip_008_thumb.jpg	images/GPH/3D Model Stills/Avatars_PDM broke all links_remove from TMS Collections/George Reisner/Thumbnails_remove from TMS Collections/GPH_3D_Reisner_2011-10-13_wip_008_thumb.jpg
images/GPH/3D Model Stills/Avatars/George Reisner/Thumbnails/GPH_3D_Reisner_2011-10-13_wip_009_thumb.jpg	images/GPH/3D Model Stills/Avatars_PDM broke all links_remove from TMS Collections/George Reisner/Thumbnails_remove from TMS Collections/GPH_3D_Reisner_2011-10-13_wip_009_thumb.jpg
images/GPH/3D Model Stills/Avatars/George Reisner/Thumbnails/GPH_3D_Reisner_2011-10-13_wip_010_thumb.jpg	images/GPH/3D Model Stills/Avatars_PDM broke all links_remove from TMS Collections/George Reisner/Thumbnails_remove from TMS Collections/GPH_3D_Reisner_2011-10-13_wip_010_thumb.jpg
images/GPH/3D Model Stills/Avatars/George Reisner/Thumbnails/GPH_3D_Reisner_2011-10-13_wip_011_thumb.jpg	images/GPH/3D Model Stills/Avatars_PDM broke all links_remove from TMS Collections/George Reisner/Thumbnails_remove from TMS Collections/GPH_3D_Reisner_2011-10-13_wip_011_thumb.jpg
images/GPH/3D Model Stills/Avatars/George Reisner/Thumbnails/GPH_3D_Reisner_2011-10-13_wip_012_thumb.jpg	images/GPH/3D Model Stills/Avatars_PDM broke all links_remove from TMS Collections/George Reisner/Thumbnails_remove from TMS Collections/GPH_3D_Reisner_2011-10-13_wip_012_thumb.jpg
images/GPH/3D Model Stills/Avatars/George Reisner/Thumbnails/GPH_3D_Reisner_2011-10-13_wip_013_thumb.jpg	images/GPH/3D Model Stills/Avatars_PDM broke all links_remove from TMS Collections/George Reisner/Thumbnails_remove from TMS Collections/GPH_3D_Reisner_2011-10-13_wip_013_thumb.jpg
images/GPH/3D Model Stills/Avatars/George Reisner/Thumbnails/GPH_3D_Reisner_2011-10-13_wip_014_thumb.jpg	images/GPH/3D Model Stills/Avatars_PDM broke all links_remove from TMS Collections/George Reisner/Thumbnails_remove from TMS Collections/GPH_3D_Reisner_2011-10-13_wip_014_thumb.jpg
images/GPH/3D Model Stills/Avatars/George Reisner/Thumbnails/GPH_3D_Reisner_2011-10-13_wip_015_thumb.jpg	images/GPH/3D Model Stills/Avatars_PDM broke all links_remove from TMS Collections/George Reisner/Thumbnails_remove from TMS Collections/GPH_3D_Reisner_2011-10-13_wip_015_thumb.jpg
images/GPH/3D Model Stills/Avatars/George Reisner/Thumbnails/GPH_3D_Reisner_2011-10-13_wip_016_thumb.jpg	images/GPH/3D Model Stills/Avatars_PDM broke all links_remove from TMS Collections/George Reisner/Thumbnails_remove from TMS Collections/GPH_3D_Reisner_2011-10-13_wip_016_thumb.jpg
images/GPH/3D Model Stills/Avatars/George Reisner/Thumbnails/GPH_3D_Reisner_2011-10-18_wip_001_thumb.jpg	images/GPH/3D Model Stills/Avatars_PDM broke all links_remove from TMS Collections/George Reisner/Thumbnails_remove from TMS Collections/GPH_3D_Reisner_2011-10-18_wip_001_thumb.jpg
images/GPH/3D Model Stills/Avatars/George Reisner/Thumbnails/GPH_3D_Reisner_2011-10-18_wip_002_thumb.jpg	images/GPH/3D Model Stills/Avatars_PDM broke all links_remove from TMS Collections/George Reisner/Thumbnails_remove from TMS Collections/GPH_3D_Reisner_2011-10-18_wip_002_thumb.jpg
images/GPH/3D Model Stills/Avatars/George Reisner/Thumbnails/GPH_3D_Reisner_2011-10-18_wip_003_thumb.jpg	images/GPH/3D Model Stills/Avatars_PDM broke all links_remove from TMS Collections/George Reisner/Thumbnails_remove from TMS Collections/GPH_3D_Reisner_2011-10-18_wip_003_thumb.jpg
images/GPH/3D Model Stills/Avatars/George Reisner/Thumbnails/GPH_3D_Reisner_2011-10-24_wip_001_thumb.jpg	images/GPH/3D Model Stills/Avatars_PDM broke all links_remove from TMS Collections/George Reisner/Thumbnails_remove from TMS Collections/GPH_3D_Reisner_2011-10-24_wip_001_thumb.jpg
images/GPH/3D Model Stills/Avatars/George Reisner/Thumbnails/GPH_3D_Reisner_2011-10-24_wip_002_thumb.jpg	images/GPH/3D Model Stills/Avatars_PDM broke all links_remove from TMS Collections/George Reisner/Thumbnails_remove from TMS Collections/GPH_3D_Reisner_2011-10-24_wip_002_thumb.jpg
images/GPH/3D Model Stills/Avatars/George Reisner/Thumbnails/GPH_3D_Reisner_2011-10-26_wip_001_thumb.jpg	images/GPH/3D Model Stills/Avatars_PDM broke all links_remove from TMS Collections/George Reisner/Thumbnails_remove from TMS Collections/GPH_3D_Reisner_2011-10-26_wip_001_thumb.jpg
images/GPH/3D Model Stills/Avatars/George Reisner/Thumbnails/GPH_3D_Reisner_2011-10-26_wip_002_thumb.jpg	images/GPH/3D Model Stills/Avatars_PDM broke all links_remove from TMS Collections/George Reisner/Thumbnails_remove from TMS Collections/GPH_3D_Reisner_2011-10-26_wip_002_thumb.jpg
images/GPH/3D Model Stills/Avatars/George Reisner/Thumbnails/GPH_3D_Reisner_2011-10-28_wip_001_thumb.jpg	images/GPH/3D Model Stills/Avatars_PDM broke all links_remove from TMS Collections/George Reisner/Thumbnails_remove from TMS Collections/GPH_3D_Reisner_2011-10-28_wip_001_thumb.jpg
images/GPH/3D Model Stills/Avatars/George Reisner/Thumbnails/GPH_3D_Reisner_2011-11-02_wip_001_thumb.jpg	images/GPH/3D Model Stills/Avatars_PDM broke all links_remove from TMS Collections/George Reisner/Thumbnails_remove from TMS Collections/GPH_3D_Reisner_2011-11-02_wip_001_thumb.jpg
images/GPH/3D Model Stills/Avatars/George Reisner/Thumbnails/GPH_3D_Reisner_2011-11-02_wip_002_thumb.jpg	images/GPH/3D Model Stills/Avatars_PDM broke all links_remove from TMS Collections/George Reisner/Thumbnails_remove from TMS Collections/GPH_3D_Reisner_2011-11-02_wip_002_thumb.jpg
images/GPH/3D Model Stills/Avatars/George Reisner/Thumbnails/GPH_3D_Reisner_2011-11-02_wip_003_thumb.jpg	images/GPH/3D Model Stills/Avatars_PDM broke all links_remove from TMS Collections/George Reisner/Thumbnails_remove from TMS Collections/GPH_3D_Reisner_2011-11-02_wip_003_thumb.jpg
images/GPH/3D Model Stills/Avatars/George Reisner/Thumbnails/GPH_3D_Reisner_2011-11-02_wip_004_thumb.jpg	images/GPH/3D Model Stills/Avatars_PDM broke all links_remove from TMS Collections/George Reisner/Thumbnails_remove from TMS Collections/GPH_3D_Reisner_2011-11-02_wip_004_thumb.jpg
images/GPH/3D Model Stills/Avatars/George Reisner/Thumbnails/GPH_3D_Reisner_2011-11-02_wip_005_thumb.jpg	images/GPH/3D Model Stills/Avatars_PDM broke all links_remove from TMS Collections/George Reisner/Thumbnails_remove from TMS Collections/GPH_3D_Reisner_2011-11-02_wip_005_thumb.jpg
images/GPH/3D Model Stills/Avatars/George Reisner/Thumbnails/GPH_3D_Reisner_2011-11-02_wip_006_thumb.jpg	images/GPH/3D Model Stills/Avatars_PDM broke all links_remove from TMS Collections/George Reisner/Thumbnails_remove from TMS Collections/GPH_3D_Reisner_2011-11-02_wip_006_thumb.jpg
images/GPH/3D Model Stills/Avatars/George Reisner/Thumbnails/GPH_3D_Reisner_2012-05-15_wip_001_thumb.jpg	images/GPH/3D Model Stills/Avatars_PDM broke all links_remove from TMS Collections/George Reisner/Thumbnails_remove from TMS Collections/GPH_3D_Reisner_2012-05-15_wip_001_thumb.jpg
images/GPH/3D Model Stills/Avatars/George Reisner/Thumbnails/GPH_3D_Reisner_2012-05-15_wip_002_thumb.jpg	images/GPH/3D Model Stills/Avatars_PDM broke all links_remove from TMS Collections/George Reisner/Thumbnails_remove from TMS Collections/GPH_3D_Reisner_2012-05-15_wip_002_thumb.jpg
images/GPH/3D Model Stills/Avatars/George Reisner/Thumbnails/GPH_3D_Reisner_2012-05-16_wip_001_thumb.jpg	images/GPH/3D Model Stills/Avatars_PDM broke all links_remove from TMS Collections/George Reisner/Thumbnails_remove from TMS Collections/GPH_3D_Reisner_2012-05-16_wip_001_thumb.jpg
images/GPH/3D Model Stills/Avatars/George Reisner/Thumbnails/GPH_3D_Reisner_2012-05-16_wip_002_thumb.jpg	images/GPH/3D Model Stills/Avatars_PDM broke all links_remove from TMS Collections/George Reisner/Thumbnails_remove from TMS Collections/GPH_3D_Reisner_2012-05-16_wip_002_thumb.jpg
images/GPH/3D Model Stills/Avatars/George Reisner/Thumbnails/GPH_3D_Reisner_2012-05-16_wip_003_thumb.jpg	images/GPH/3D Model Stills/Avatars_PDM broke all links_remove from TMS Collections/George Reisner/Thumbnails_remove from TMS Collections/GPH_3D_Reisner_2012-05-16_wip_003_thumb.jpg
images/GPH/3D Model Stills/Avatars/George Reisner/Thumbnails/GPH_3D_Reisner_2012-05-18_wip_001_thumb.jpg	images/GPH/3D Model Stills/Avatars_PDM broke all links_remove from TMS Collections/George Reisner/Thumbnails_remove from TMS Collections/GPH_3D_Reisner_2012-05-18_wip_001_thumb.jpg
images/GPH/3D Model Stills/Avatars/George Reisner/Thumbnails/GPH_3D_Reisner_2012-05-18_wip_002_thumb.jpg	images/GPH/3D Model Stills/Avatars_PDM broke all links_remove from TMS Collections/George Reisner/Thumbnails_remove from TMS Collections/GPH_3D_Reisner_2012-05-18_wip_002_thumb.jpg
images/GPH/3D Model Stills/Avatars/George Reisner/Thumbnails/GPH_3D_Reisner_2012-05-18_wip_003_thumb.jpg	images/GPH/3D Model Stills/Avatars_PDM broke all links_remove from TMS Collections/George Reisner/Thumbnails_remove from TMS Collections/GPH_3D_Reisner_2012-05-18_wip_003_thumb.jpg
images/GPH/3D Model Stills/Avatars/George Reisner/Thumbnails/GPH_3D_Reisner_2013-08-02_wip_001_thumb.jpg	images/GPH/3D Model Stills/Avatars_PDM broke all links_remove from TMS Collections/George Reisner/Thumbnails_remove from TMS Collections/GPH_3D_Reisner_2013-08-02_wip_001_thumb.jpg
images/GPH/3D Model Stills/Avatars/George Reisner/Thumbnails/GPH_3D_Reisner_2013-08-14_wip_001_thumb.jpg	images/GPH/3D Model Stills/Avatars_PDM broke all links_remove from TMS Collections/George Reisner/Thumbnails_remove from TMS Collections/GPH_3D_Reisner_2013-08-14_wip_001_thumb.jpg
images/GPH/3D Model Stills/Avatars/George Reisner/Thumbnails/GPH_3D_Reisner_2013-08-14_wip_002_thumb.jpg	images/GPH/3D Model Stills/Avatars_PDM broke all links_remove from TMS Collections/George Reisner/Thumbnails_remove from TMS Collections/GPH_3D_Reisner_2013-08-14_wip_002_thumb.jpg
images/GPH/3D Model Stills/Avatars/George Reisner/Thumbnails/GPH_3D_Reisner_2013-08-14_wip_003_thumb.jpg	images/GPH/3D Model Stills/Avatars_PDM broke all links_remove from TMS Collections/George Reisner/Thumbnails_remove from TMS Collections/GPH_3D_Reisner_2013-08-14_wip_003_thumb.jpg
images/GPH/3D Model Stills/Avatars/George Reisner/Thumbnails/GPH_3D_Reisner_2013-08-14_wip_004_thumb.jpg	images/GPH/3D Model Stills/Avatars_PDM broke all links_remove from TMS Collections/George Reisner/Thumbnails_remove from TMS Collections/GPH_3D_Reisner_2013-08-14_wip_004_thumb.jpg
images/GPH/3D Model Stills/Avatars/George Reisner/Thumbnails/GPH_3D_Reisner_2014-03-25_wip_001_thumb.jpg	images/GPH/3D Model Stills/Avatars_PDM broke all links_remove from TMS Collections/George Reisner/Thumbnails_remove from TMS Collections/GPH_3D_Reisner_2014-03-25_wip_001_thumb.jpg
images/GPH/3D Model Stills/Avatars/Hetepheres I/GPH_3D_Hetepheres_2012-04-10_wip_001.jpg	images/GPH/3D Model Stills/Avatars_PDM broke all links_remove from TMS Collections/Hetepheres I/GPH_3D_Hetepheres_2012-04-10_wip_001.jpg
images/GPH/3D Model Stills/Avatars/Hetepheres I/GPH_3D_Hetepheres_2012-05-16_wip_001.jpg	images/GPH/3D Model Stills/Avatars_PDM broke all links_remove from TMS Collections/Hetepheres I/GPH_3D_Hetepheres_2012-05-16_wip_001.jpg
images/GPH/3D Model Stills/Avatars/Hetepheres I/GPH_3D_Hetepheres_2012-05-16_wip_002.jpg	images/GPH/3D Model Stills/Avatars_PDM broke all links_remove from TMS Collections/Hetepheres I/GPH_3D_Hetepheres_2012-05-16_wip_002.jpg
images/GPH/3D Model Stills/Avatars/Hetepheres I/GPH_3D_Hetepheres_2012-05-16_wip_003.jpg	images/GPH/3D Model Stills/Avatars_PDM broke all links_remove from TMS Collections/Hetepheres I/GPH_3D_Hetepheres_2012-05-16_wip_003.jpg
images/GPH/3D Model Stills/Avatars/Hetepheres I/GPH_3D_Hetepheres_2012-05-16_wip_004.jpg	images/GPH/3D Model Stills/Avatars_PDM broke all links_remove from TMS Collections/Hetepheres I/GPH_3D_Hetepheres_2012-05-16_wip_004.jpg
images/GPH/3D Model Stills/Avatars/Hetepheres I/GPH_3D_Hetepheres_2012-05-16_wip_005.jpg	images/GPH/3D Model Stills/Avatars_PDM broke all links_remove from TMS Collections/Hetepheres I/GPH_3D_Hetepheres_2012-05-16_wip_005.jpg
images/GPH/3D Model Stills/Avatars/Hetepheres I/GPH_3D_Hetepheres_2012-05-16_wip_006.jpg	images/GPH/3D Model Stills/Avatars_PDM broke all links_remove from TMS Collections/Hetepheres I/GPH_3D_Hetepheres_2012-05-16_wip_006.jpg
images/GPH/3D Model Stills/Avatars/Hetepheres I/GPH_3D_Hetepheres_2012-05-16_wip_007.jpg	images/GPH/3D Model Stills/Avatars_PDM broke all links_remove from TMS Collections/Hetepheres I/GPH_3D_Hetepheres_2012-05-16_wip_007.jpg
images/GPH/3D Model Stills/Avatars/Hetepheres I/GPH_3D_Hetepheres_2012-05-16_wip_008.jpg	images/GPH/3D Model Stills/Avatars_PDM broke all links_remove from TMS Collections/Hetepheres I/GPH_3D_Hetepheres_2012-05-16_wip_008.jpg
images/GPH/3D Model Stills/Avatars/Hetepheres I/GPH_3D_Hetepheres_2012-05-16_wip_009.jpg	images/GPH/3D Model Stills/Avatars_PDM broke all links_remove from TMS Collections/Hetepheres I/GPH_3D_Hetepheres_2012-05-16_wip_009.jpg
images/GPH/3D Model Stills/Avatars/Hetepheres I/GPH_3D_Hetepheres_2012-05-16_wip_010.jpg	images/GPH/3D Model Stills/Avatars_PDM broke all links_remove from TMS Collections/Hetepheres I/GPH_3D_Hetepheres_2012-05-16_wip_010.jpg
images/GPH/3D Model Stills/Avatars/Hetepheres I/GPH_3D_Hetepheres_2012-05-17_wip_001.jpg	images/GPH/3D Model Stills/Avatars_PDM broke all links_remove from TMS Collections/Hetepheres I/GPH_3D_Hetepheres_2012-05-17_wip_001.jpg
images/GPH/3D Model Stills/Avatars/Hetepheres I/GPH_3D_Hetepheres_2012-05-17_wip_002.jpg	images/GPH/3D Model Stills/Avatars_PDM broke all links_remove from TMS Collections/Hetepheres I/GPH_3D_Hetepheres_2012-05-17_wip_002.jpg
images/GPH/3D Model Stills/Avatars/Hetepheres I/GPH_3D_Hetepheres_2012-05-17_wip_003.jpg	images/GPH/3D Model Stills/Avatars_PDM broke all links_remove from TMS Collections/Hetepheres I/GPH_3D_Hetepheres_2012-05-17_wip_003.jpg
images/GPH/3D Model Stills/Avatars/Hetepheres I/GPH_3D_Hetepheres_2012-05-17_wip_004.jpg	images/GPH/3D Model Stills/Avatars_PDM broke all links_remove from TMS Collections/Hetepheres I/GPH_3D_Hetepheres_2012-05-17_wip_004.jpg
images/GPH/3D Model Stills/Avatars/Hetepheres I/GPH_3D_Hetepheres_2012-05-17_wip_005.jpg	images/GPH/3D Model Stills/Avatars_PDM broke all links_remove from TMS Collections/Hetepheres I/GPH_3D_Hetepheres_2012-05-17_wip_005.jpg
images/GPH/3D Model Stills/Avatars/Hetepheres I/GPH_3D_Hetepheres_2012-05-17_wip_006.jpg	images/GPH/3D Model Stills/Avatars_PDM broke all links_remove from TMS Collections/Hetepheres I/GPH_3D_Hetepheres_2012-05-17_wip_006.jpg
images/GPH/3D Model Stills/Avatars/Hetepheres I/GPH_3D_Hetepheres_2012-05-17_wip_007.jpg	images/GPH/3D Model Stills/Avatars_PDM broke all links_remove from TMS Collections/Hetepheres I/GPH_3D_Hetepheres_2012-05-17_wip_007.jpg
images/GPH/3D Model Stills/Avatars/Hetepheres I/GPH_3D_Hetepheres_2012-05-17_wip_008.jpg	images/GPH/3D Model Stills/Avatars_PDM broke all links_remove from TMS Collections/Hetepheres I/GPH_3D_Hetepheres_2012-05-17_wip_008.jpg
images/GPH/3D Model Stills/Avatars/Hetepheres I/GPH_3D_Hetepheres_2012-05-17_wip_009.jpg	images/GPH/3D Model Stills/Avatars_PDM broke all links_remove from TMS Collections/Hetepheres I/GPH_3D_Hetepheres_2012-05-17_wip_009.jpg
images/GPH/3D Model Stills/Avatars/Hetepheres I/GPH_3D_Hetepheres_2012-05-17_wip_010.jpg	images/GPH/3D Model Stills/Avatars_PDM broke all links_remove from TMS Collections/Hetepheres I/GPH_3D_Hetepheres_2012-05-17_wip_010.jpg
images/GPH/3D Model Stills/Avatars/Hetepheres I/GPH_3D_Hetepheres_2012-05-17_wip_011.jpg	images/GPH/3D Model Stills/Avatars_PDM broke all links_remove from TMS Collections/Hetepheres I/GPH_3D_Hetepheres_2012-05-17_wip_011.jpg
images/GPH/3D Model Stills/Avatars/Hetepheres I/GPH_3D_Hetepheres_2012-05-17_wip_012.jpg	images/GPH/3D Model Stills/Avatars_PDM broke all links_remove from TMS Collections/Hetepheres I/GPH_3D_Hetepheres_2012-05-17_wip_012.jpg
images/GPH/3D Model Stills/Avatars/Hetepheres I/GPH_3D_Hetepheres_2012-05-17_wip_013.jpg	images/GPH/3D Model Stills/Avatars_PDM broke all links_remove from TMS Collections/Hetepheres I/GPH_3D_Hetepheres_2012-05-17_wip_013.jpg
images/GPH/3D Model Stills/Avatars/Hetepheres I/GPH_3D_Hetepheres_2012-05-17_wip_014.jpg	images/GPH/3D Model Stills/Avatars_PDM broke all links_remove from TMS Collections/Hetepheres I/GPH_3D_Hetepheres_2012-05-17_wip_014.jpg
images/GPH/3D Model Stills/Avatars/Hetepheres I/GPH_3D_Hetepheres_2012-05-17_wip_015.jpg	images/GPH/3D Model Stills/Avatars_PDM broke all links_remove from TMS Collections/Hetepheres I/GPH_3D_Hetepheres_2012-05-17_wip_015.jpg
images/GPH/3D Model Stills/Avatars/Hetepheres I/GPH_3D_Hetepheres_2012-05-17_wip_016.jpg	images/GPH/3D Model Stills/Avatars_PDM broke all links_remove from TMS Collections/Hetepheres I/GPH_3D_Hetepheres_2012-05-17_wip_016.jpg
images/GPH/3D Model Stills/Avatars/Hetepheres I/GPH_3D_Hetepheres_2012-05-17_wip_017.jpg	images/GPH/3D Model Stills/Avatars_PDM broke all links_remove from TMS Collections/Hetepheres I/GPH_3D_Hetepheres_2012-05-17_wip_017.jpg
images/GPH/3D Model Stills/Avatars/Hetepheres I/GPH_3D_Hetepheres_2012-05-17_wip_018.jpg	images/GPH/3D Model Stills/Avatars_PDM broke all links_remove from TMS Collections/Hetepheres I/GPH_3D_Hetepheres_2012-05-17_wip_018.jpg
images/GPH/3D Model Stills/Avatars/Hetepheres I/GPH_3D_Hetepheres_2012-05-17_wip_019.jpg	images/GPH/3D Model Stills/Avatars_PDM broke all links_remove from TMS Collections/Hetepheres I/GPH_3D_Hetepheres_2012-05-17_wip_019.jpg
images/GPH/3D Model Stills/Avatars/Hetepheres I/GPH_3D_Hetepheres_2012-05-17_wip_020.jpg	images/GPH/3D Model Stills/Avatars_PDM broke all links_remove from TMS Collections/Hetepheres I/GPH_3D_Hetepheres_2012-05-17_wip_020.jpg
images/GPH/3D Model Stills/Avatars/Hetepheres I/GPH_3D_Hetepheres_2012-05-17_wip_021.jpg	images/GPH/3D Model Stills/Avatars_PDM broke all links_remove from TMS Collections/Hetepheres I/GPH_3D_Hetepheres_2012-05-17_wip_021.jpg
images/GPH/3D Model Stills/Avatars/Hetepheres I/GPH_3D_Hetepheres_2012-05-17_wip_022.jpg	images/GPH/3D Model Stills/Avatars_PDM broke all links_remove from TMS Collections/Hetepheres I/GPH_3D_Hetepheres_2012-05-17_wip_022.jpg
images/GPH/3D Model Stills/Avatars/Hetepheres I/GPH_3D_Hetepheres_2012-05-17_wip_023.jpg	images/GPH/3D Model Stills/Avatars_PDM broke all links_remove from TMS Collections/Hetepheres I/GPH_3D_Hetepheres_2012-05-17_wip_023.jpg
images/GPH/3D Model Stills/Avatars/Hetepheres I/GPH_3D_Hetepheres_2012-05-17_wip_024.jpg	images/GPH/3D Model Stills/Avatars_PDM broke all links_remove from TMS Collections/Hetepheres I/GPH_3D_Hetepheres_2012-05-17_wip_024.jpg
images/GPH/3D Model Stills/Avatars/Hetepheres I/GPH_3D_Hetepheres_2012-05-17_wip_025.jpg	images/GPH/3D Model Stills/Avatars_PDM broke all links_remove from TMS Collections/Hetepheres I/GPH_3D_Hetepheres_2012-05-17_wip_025.jpg
images/GPH/3D Model Stills/Avatars/Hetepheres I/GPH_3D_Hetepheres_2012-05-17_wip_026.jpg	images/GPH/3D Model Stills/Avatars_PDM broke all links_remove from TMS Collections/Hetepheres I/GPH_3D_Hetepheres_2012-05-17_wip_026.jpg
images/GPH/3D Model Stills/Avatars/Hetepheres I/GPH_3D_Hetepheres_2012-05-17_wip_027.jpg	images/GPH/3D Model Stills/Avatars_PDM broke all links_remove from TMS Collections/Hetepheres I/GPH_3D_Hetepheres_2012-05-17_wip_027.jpg
images/GPH/3D Model Stills/Avatars/Hetepheres I/GPH_3D_Hetepheres_2012-05-17_wip_028.jpg	images/GPH/3D Model Stills/Avatars_PDM broke all links_remove from TMS Collections/Hetepheres I/GPH_3D_Hetepheres_2012-05-17_wip_028.jpg
images/GPH/3D Model Stills/Avatars/Hetepheres I/GPH_3D_Hetepheres_2012-05-17_wip_029.jpg	images/GPH/3D Model Stills/Avatars_PDM broke all links_remove from TMS Collections/Hetepheres I/GPH_3D_Hetepheres_2012-05-17_wip_029.jpg
images/GPH/3D Model Stills/Avatars/Hetepheres I/GPH_3D_Hetepheres_2012-05-17_wip_030.jpg	images/GPH/3D Model Stills/Avatars_PDM broke all links_remove from TMS Collections/Hetepheres I/GPH_3D_Hetepheres_2012-05-17_wip_030.jpg
images/GPH/3D Model Stills/Avatars/Hetepheres I/GPH_3D_Hetepheres_2012-05-17_wip_031.jpg	images/GPH/3D Model Stills/Avatars_PDM broke all links_remove from TMS Collections/Hetepheres I/GPH_3D_Hetepheres_2012-05-17_wip_031.jpg
images/GPH/3D Model Stills/Avatars/Hetepheres I/GPH_3D_Hetepheres_2012-05-17_wip_032.jpg	images/GPH/3D Model Stills/Avatars_PDM broke all links_remove from TMS Collections/Hetepheres I/GPH_3D_Hetepheres_2012-05-17_wip_032.jpg
images/GPH/3D Model Stills/Avatars/Hetepheres I/GPH_3D_Hetepheres_2012-05-17_wip_033.jpg	images/GPH/3D Model Stills/Avatars_PDM broke all links_remove from TMS Collections/Hetepheres I/GPH_3D_Hetepheres_2012-05-17_wip_033.jpg
images/GPH/3D Model Stills/Avatars/Hetepheres I/GPH_3D_Hetepheres_2012-05-17_wip_034.jpg	images/GPH/3D Model Stills/Avatars_PDM broke all links_remove from TMS Collections/Hetepheres I/GPH_3D_Hetepheres_2012-05-17_wip_034.jpg
images/GPH/3D Model Stills/Avatars/Hetepheres I/GPH_3D_Hetepheres_2012-05-17_wip_035.jpg	images/GPH/3D Model Stills/Avatars_PDM broke all links_remove from TMS Collections/Hetepheres I/GPH_3D_Hetepheres_2012-05-17_wip_035.jpg
images/GPH/3D Model Stills/Avatars/Hetepheres I/GPH_3D_Hetepheres_2012-05-17_wip_036.jpg	images/GPH/3D Model Stills/Avatars_PDM broke all links_remove from TMS Collections/Hetepheres I/GPH_3D_Hetepheres_2012-05-17_wip_036.jpg
images/GPH/3D Model Stills/Avatars/Hetepheres I/GPH_3D_Hetepheres_2012-05-17_wip_037.jpg	images/GPH/3D Model Stills/Avatars_PDM broke all links_remove from TMS Collections/Hetepheres I/GPH_3D_Hetepheres_2012-05-17_wip_037.jpg
images/GPH/3D Model Stills/Avatars/Hetepheres I/GPH_3D_Hetepheres_2012-05-17_wip_038.jpg	images/GPH/3D Model Stills/Avatars_PDM broke all links_remove from TMS Collections/Hetepheres I/GPH_3D_Hetepheres_2012-05-17_wip_038.jpg
images/GPH/3D Model Stills/Avatars/Hetepheres I/GPH_3D_Hetepheres_2012-05-17_wip_039.jpg	images/GPH/3D Model Stills/Avatars_PDM broke all links_remove from TMS Collections/Hetepheres I/GPH_3D_Hetepheres_2012-05-17_wip_039.jpg
images/GPH/3D Model Stills/Avatars/Hetepheres I/GPH_3D_Hetepheres_2012-05-17_wip_040.jpg	images/GPH/3D Model Stills/Avatars_PDM broke all links_remove from TMS Collections/Hetepheres I/GPH_3D_Hetepheres_2012-05-17_wip_040.jpg
images/GPH/3D Model Stills/Avatars/Hetepheres I/GPH_3D_Hetepheres_2012-05-17_wip_041.jpg	images/GPH/3D Model Stills/Avatars_PDM broke all links_remove from TMS Collections/Hetepheres I/GPH_3D_Hetepheres_2012-05-17_wip_041.jpg
images/GPH/3D Model Stills/Avatars/Hetepheres I/GPH_3D_Hetepheres_2012-05-17_wip_042.jpg	images/GPH/3D Model Stills/Avatars_PDM broke all links_remove from TMS Collections/Hetepheres I/GPH_3D_Hetepheres_2012-05-17_wip_042.jpg
images/GPH/3D Model Stills/Avatars/Hetepheres I/GPH_3D_Hetepheres_2012-05-17_wip_043.jpg	images/GPH/3D Model Stills/Avatars_PDM broke all links_remove from TMS Collections/Hetepheres I/GPH_3D_Hetepheres_2012-05-17_wip_043.jpg
images/GPH/3D Model Stills/Avatars/Hetepheres I/GPH_3D_Hetepheres_2012-05-17_wip_044.jpg	images/GPH/3D Model Stills/Avatars_PDM broke all links_remove from TMS Collections/Hetepheres I/GPH_3D_Hetepheres_2012-05-17_wip_044.jpg
images/GPH/3D Model Stills/Avatars/Hetepheres I/GPH_3D_Hetepheres_2012-05-17_wip_045.jpg	images/GPH/3D Model Stills/Avatars_PDM broke all links_remove from TMS Collections/Hetepheres I/GPH_3D_Hetepheres_2012-05-17_wip_045.jpg
images/GPH/3D Model Stills/Avatars/Hetepheres I/GPH_3D_Hetepheres_2012-05-17_wip_046.jpg	images/GPH/3D Model Stills/Avatars_PDM broke all links_remove from TMS Collections/Hetepheres I/GPH_3D_Hetepheres_2012-05-17_wip_046.jpg
images/GPH/3D Model Stills/Avatars/Hetepheres I/GPH_3D_Hetepheres_2012-05-17_wip_047.jpg	images/GPH/3D Model Stills/Avatars_PDM broke all links_remove from TMS Collections/Hetepheres I/GPH_3D_Hetepheres_2012-05-17_wip_047.jpg
images/GPH/3D Model Stills/Avatars/Hetepheres I/GPH_3D_Hetepheres_2012-05-17_wip_048.jpg	images/GPH/3D Model Stills/Avatars_PDM broke all links_remove from TMS Collections/Hetepheres I/GPH_3D_Hetepheres_2012-05-17_wip_048.jpg
images/GPH/3D Model Stills/Avatars/Hetepheres I/GPH_3D_Hetepheres_2012-05-17_wip_049.jpg	images/GPH/3D Model Stills/Avatars_PDM broke all links_remove from TMS Collections/Hetepheres I/GPH_3D_Hetepheres_2012-05-17_wip_049.jpg
images/GPH/3D Model Stills/Avatars/Hetepheres I/GPH_3D_Hetepheres_2012-05-17_wip_050.jpg	images/GPH/3D Model Stills/Avatars_PDM broke all links_remove from TMS Collections/Hetepheres I/GPH_3D_Hetepheres_2012-05-17_wip_050.jpg
images/GPH/3D Model Stills/Avatars/Hetepheres I/GPH_3D_Hetepheres_2012-05-17_wip_051.jpg	images/GPH/3D Model Stills/Avatars_PDM broke all links_remove from TMS Collections/Hetepheres I/GPH_3D_Hetepheres_2012-05-17_wip_051.jpg
images/GPH/3D Model Stills/Avatars/Hetepheres I/GPH_3D_Hetepheres_2012-05-17_wip_052.jpg	images/GPH/3D Model Stills/Avatars_PDM broke all links_remove from TMS Collections/Hetepheres I/GPH_3D_Hetepheres_2012-05-17_wip_052.jpg
images/GPH/3D Model Stills/Avatars/Hetepheres I/GPH_3D_Hetepheres_2012-05-17_wip_053.jpg	images/GPH/3D Model Stills/Avatars_PDM broke all links_remove from TMS Collections/Hetepheres I/GPH_3D_Hetepheres_2012-05-17_wip_053.jpg
images/GPH/3D Model Stills/Avatars/Hetepheres I/GPH_3D_Hetepheres_2012-05-17_wip_054.jpg	images/GPH/3D Model Stills/Avatars_PDM broke all links_remove from TMS Collections/Hetepheres I/GPH_3D_Hetepheres_2012-05-17_wip_054.jpg
images/GPH/3D Model Stills/Avatars/Hetepheres I/GPH_3D_Hetepheres_2012-05-17_wip_055.jpg	images/GPH/3D Model Stills/Avatars_PDM broke all links_remove from TMS Collections/Hetepheres I/GPH_3D_Hetepheres_2012-05-17_wip_055.jpg
images/GPH/3D Model Stills/Avatars/Hetepheres I/GPH_3D_Hetepheres_2012-05-17_wip_056.jpg	images/GPH/3D Model Stills/Avatars_PDM broke all links_remove from TMS Collections/Hetepheres I/GPH_3D_Hetepheres_2012-05-17_wip_056.jpg
images/GPH/3D Model Stills/Avatars/Hetepheres I/GPH_3D_Hetepheres_2012-05-17_wip_057.jpg	images/GPH/3D Model Stills/Avatars_PDM broke all links_remove from TMS Collections/Hetepheres I/GPH_3D_Hetepheres_2012-05-17_wip_057.jpg
images/GPH/3D Model Stills/Avatars/Hetepheres I/GPH_3D_Hetepheres_2012-05-17_wip_058.jpg	images/GPH/3D Model Stills/Avatars_PDM broke all links_remove from TMS Collections/Hetepheres I/GPH_3D_Hetepheres_2012-05-17_wip_058.jpg
images/GPH/3D Model Stills/Avatars/Hetepheres I/GPH_3D_Hetepheres_2012-05-17_wip_059.jpg	images/GPH/3D Model Stills/Avatars_PDM broke all links_remove from TMS Collections/Hetepheres I/GPH_3D_Hetepheres_2012-05-17_wip_059.jpg
images/GPH/3D Model Stills/Avatars/Hetepheres I/GPH_3D_Hetepheres_2012-05-17_wip_060.jpg	images/GPH/3D Model Stills/Avatars_PDM broke all links_remove from TMS Collections/Hetepheres I/GPH_3D_Hetepheres_2012-05-17_wip_060.jpg
images/GPH/3D Model Stills/Avatars/Hetepheres I/GPH_3D_Hetepheres_2012-05-17_wip_061.jpg	images/GPH/3D Model Stills/Avatars_PDM broke all links_remove from TMS Collections/Hetepheres I/GPH_3D_Hetepheres_2012-05-17_wip_061.jpg
images/GPH/3D Model Stills/Avatars/Hetepheres I/GPH_3D_Hetepheres_2012-05-17_wip_062.jpg	images/GPH/3D Model Stills/Avatars_PDM broke all links_remove from TMS Collections/Hetepheres I/GPH_3D_Hetepheres_2012-05-17_wip_062.jpg
images/GPH/3D Model Stills/Avatars/Hetepheres I/GPH_3D_Hetepheres_2012-05-17_wip_063.jpg	images/GPH/3D Model Stills/Avatars_PDM broke all links_remove from TMS Collections/Hetepheres I/GPH_3D_Hetepheres_2012-05-17_wip_063.jpg
images/GPH/3D Model Stills/Avatars/Hetepheres I/GPH_3D_Hetepheres_2012-05-17_wip_064.jpg	images/GPH/3D Model Stills/Avatars_PDM broke all links_remove from TMS Collections/Hetepheres I/GPH_3D_Hetepheres_2012-05-17_wip_064.jpg
images/GPH/3D Model Stills/Avatars/Hetepheres I/GPH_3D_Hetepheres_2012-05-17_wip_065.jpg	images/GPH/3D Model Stills/Avatars_PDM broke all links_remove from TMS Collections/Hetepheres I/GPH_3D_Hetepheres_2012-05-17_wip_065.jpg
images/GPH/3D Model Stills/Avatars/Hetepheres I/GPH_3D_Hetepheres_2012-05-17_wip_066.jpg	images/GPH/3D Model Stills/Avatars_PDM broke all links_remove from TMS Collections/Hetepheres I/GPH_3D_Hetepheres_2012-05-17_wip_066.jpg
images/GPH/3D Model Stills/Avatars/Hetepheres I/GPH_3D_Hetepheres_2012-05-17_wip_067.jpg	images/GPH/3D Model Stills/Avatars_PDM broke all links_remove from TMS Collections/Hetepheres I/GPH_3D_Hetepheres_2012-05-17_wip_067.jpg
images/GPH/3D Model Stills/Avatars/Hetepheres I/GPH_3D_Hetepheres_2012-05-18_wip_001.jpg	images/GPH/3D Model Stills/Avatars_PDM broke all links_remove from TMS Collections/Hetepheres I/GPH_3D_Hetepheres_2012-05-18_wip_001.jpg
images/GPH/3D Model Stills/Avatars/Hetepheres I/GPH_3D_Hetepheres_2012-05-18_wip_002.jpg	images/GPH/3D Model Stills/Avatars_PDM broke all links_remove from TMS Collections/Hetepheres I/GPH_3D_Hetepheres_2012-05-18_wip_002.jpg
images/GPH/3D Model Stills/Avatars/Hetepheres I/GPH_3D_Hetepheres_2012-05-18_wip_003.jpg	images/GPH/3D Model Stills/Avatars_PDM broke all links_remove from TMS Collections/Hetepheres I/GPH_3D_Hetepheres_2012-05-18_wip_003.jpg
images/GPH/3D Model Stills/Avatars/Hetepheres I/GPH_3D_Hetepheres_2012-11-06_wip_001.jpg	images/GPH/3D Model Stills/Avatars_PDM broke all links_remove from TMS Collections/Hetepheres I/GPH_3D_Hetepheres_2012-11-06_wip_001.jpg
images/GPH/3D Model Stills/Avatars/Hetepheres I/GPH_3D_Hetepheres_2013-10-23_wip_001.jpg	images/GPH/3D Model Stills/Avatars_PDM broke all links_remove from TMS Collections/Hetepheres I/GPH_3D_Hetepheres_2013-10-23_wip_001.jpg
images/GPH/3D Model Stills/Avatars/Hetepheres I/Thumbnails/GPH_3D_Hetepheres_2012-04-10_wip_001_thumb.jpg	images/GPH/3D Model Stills/Avatars_PDM broke all links_remove from TMS Collections/Hetepheres I/Thumbnails_remove from TMS Collections/GPH_3D_Hetepheres_2012-04-10_wip_001_thumb.jpg
images/GPH/3D Model Stills/Avatars/Hetepheres I/Thumbnails/GPH_3D_Hetepheres_2012-05-16_wip_001_thumb.jpg	images/GPH/3D Model Stills/Avatars_PDM broke all links_remove from TMS Collections/Hetepheres I/Thumbnails_remove from TMS Collections/GPH_3D_Hetepheres_2012-05-16_wip_001_thumb.jpg
images/GPH/3D Model Stills/Avatars/Hetepheres I/Thumbnails/GPH_3D_Hetepheres_2012-05-16_wip_002_thumb.jpg	images/GPH/3D Model Stills/Avatars_PDM broke all links_remove from TMS Collections/Hetepheres I/Thumbnails_remove from TMS Collections/GPH_3D_Hetepheres_2012-05-16_wip_002_thumb.jpg
images/GPH/3D Model Stills/Avatars/Hetepheres I/Thumbnails/GPH_3D_Hetepheres_2012-05-16_wip_003_thumb.jpg	images/GPH/3D Model Stills/Avatars_PDM broke all links_remove from TMS Collections/Hetepheres I/Thumbnails_remove from TMS Collections/GPH_3D_Hetepheres_2012-05-16_wip_003_thumb.jpg
images/GPH/3D Model Stills/Avatars/Hetepheres I/Thumbnails/GPH_3D_Hetepheres_2012-05-16_wip_004_thumb.jpg	images/GPH/3D Model Stills/Avatars_PDM broke all links_remove from TMS Collections/Hetepheres I/Thumbnails_remove from TMS Collections/GPH_3D_Hetepheres_2012-05-16_wip_004_thumb.jpg
images/GPH/3D Model Stills/Avatars/Hetepheres I/Thumbnails/GPH_3D_Hetepheres_2012-05-16_wip_005_thumb.jpg	images/GPH/3D Model Stills/Avatars_PDM broke all links_remove from TMS Collections/Hetepheres I/Thumbnails_remove from TMS Collections/GPH_3D_Hetepheres_2012-05-16_wip_005_thumb.jpg
images/GPH/3D Model Stills/Avatars/Hetepheres I/Thumbnails/GPH_3D_Hetepheres_2012-05-16_wip_006_thumb.jpg	images/GPH/3D Model Stills/Avatars_PDM broke all links_remove from TMS Collections/Hetepheres I/Thumbnails_remove from TMS Collections/GPH_3D_Hetepheres_2012-05-16_wip_006_thumb.jpg
images/GPH/3D Model Stills/Avatars/Hetepheres I/Thumbnails/GPH_3D_Hetepheres_2012-05-16_wip_007_thumb.jpg	images/GPH/3D Model Stills/Avatars_PDM broke all links_remove from TMS Collections/Hetepheres I/Thumbnails_remove from TMS Collections/GPH_3D_Hetepheres_2012-05-16_wip_007_thumb.jpg
images/GPH/3D Model Stills/Avatars/Hetepheres I/Thumbnails/GPH_3D_Hetepheres_2012-05-16_wip_008_thumb.jpg	images/GPH/3D Model Stills/Avatars_PDM broke all links_remove from TMS Collections/Hetepheres I/Thumbnails_remove from TMS Collections/GPH_3D_Hetepheres_2012-05-16_wip_008_thumb.jpg
images/GPH/3D Model Stills/Avatars/Hetepheres I/Thumbnails/GPH_3D_Hetepheres_2012-05-16_wip_009_thumb.jpg	images/GPH/3D Model Stills/Avatars_PDM broke all links_remove from TMS Collections/Hetepheres I/Thumbnails_remove from TMS Collections/GPH_3D_Hetepheres_2012-05-16_wip_009_thumb.jpg
images/GPH/3D Model Stills/Avatars/Hetepheres I/Thumbnails/GPH_3D_Hetepheres_2012-05-16_wip_010_thumb.jpg	images/GPH/3D Model Stills/Avatars_PDM broke all links_remove from TMS Collections/Hetepheres I/Thumbnails_remove from TMS Collections/GPH_3D_Hetepheres_2012-05-16_wip_010_thumb.jpg
images/GPH/3D Model Stills/Avatars/Hetepheres I/Thumbnails/GPH_3D_Hetepheres_2012-05-17_wip_001_thumb.jpg	images/GPH/3D Model Stills/Avatars_PDM broke all links_remove from TMS Collections/Hetepheres I/Thumbnails_remove from TMS Collections/GPH_3D_Hetepheres_2012-05-17_wip_001_thumb.jpg
images/GPH/3D Model Stills/Avatars/Hetepheres I/Thumbnails/GPH_3D_Hetepheres_2012-05-17_wip_002_thumb.jpg	images/GPH/3D Model Stills/Avatars_PDM broke all links_remove from TMS Collections/Hetepheres I/Thumbnails_remove from TMS Collections/GPH_3D_Hetepheres_2012-05-17_wip_002_thumb.jpg
images/GPH/3D Model Stills/Avatars/Hetepheres I/Thumbnails/GPH_3D_Hetepheres_2012-05-17_wip_003_thumb.jpg	images/GPH/3D Model Stills/Avatars_PDM broke all links_remove from TMS Collections/Hetepheres I/Thumbnails_remove from TMS Collections/GPH_3D_Hetepheres_2012-05-17_wip_003_thumb.jpg
images/GPH/3D Model Stills/Avatars/Hetepheres I/Thumbnails/GPH_3D_Hetepheres_2012-05-17_wip_004_thumb.jpg	images/GPH/3D Model Stills/Avatars_PDM broke all links_remove from TMS Collections/Hetepheres I/Thumbnails_remove from TMS Collections/GPH_3D_Hetepheres_2012-05-17_wip_004_thumb.jpg
images/GPH/3D Model Stills/Avatars/Hetepheres I/Thumbnails/GPH_3D_Hetepheres_2012-05-17_wip_005_thumb.jpg	images/GPH/3D Model Stills/Avatars_PDM broke all links_remove from TMS Collections/Hetepheres I/Thumbnails_remove from TMS Collections/GPH_3D_Hetepheres_2012-05-17_wip_005_thumb.jpg
images/GPH/3D Model Stills/Avatars/Hetepheres I/Thumbnails/GPH_3D_Hetepheres_2012-05-17_wip_006_thumb.jpg	images/GPH/3D Model Stills/Avatars_PDM broke all links_remove from TMS Collections/Hetepheres I/Thumbnails_remove from TMS Collections/GPH_3D_Hetepheres_2012-05-17_wip_006_thumb.jpg
images/GPH/3D Model Stills/Avatars/Hetepheres I/Thumbnails/GPH_3D_Hetepheres_2012-05-17_wip_007_thumb.jpg	images/GPH/3D Model Stills/Avatars_PDM broke all links_remove from TMS Collections/Hetepheres I/Thumbnails_remove from TMS Collections/GPH_3D_Hetepheres_2012-05-17_wip_007_thumb.jpg
images/GPH/3D Model Stills/Avatars/Hetepheres I/Thumbnails/GPH_3D_Hetepheres_2012-05-17_wip_008_thumb.jpg	images/GPH/3D Model Stills/Avatars_PDM broke all links_remove from TMS Collections/Hetepheres I/Thumbnails_remove from TMS Collections/GPH_3D_Hetepheres_2012-05-17_wip_008_thumb.jpg
images/GPH/3D Model Stills/Avatars/Hetepheres I/Thumbnails/GPH_3D_Hetepheres_2012-05-17_wip_009_thumb.jpg	images/GPH/3D Model Stills/Avatars_PDM broke all links_remove from TMS Collections/Hetepheres I/Thumbnails_remove from TMS Collections/GPH_3D_Hetepheres_2012-05-17_wip_009_thumb.jpg
images/GPH/3D Model Stills/Avatars/Hetepheres I/Thumbnails/GPH_3D_Hetepheres_2012-05-17_wip_010_thumb.jpg	images/GPH/3D Model Stills/Avatars_PDM broke all links_remove from TMS Collections/Hetepheres I/Thumbnails_remove from TMS Collections/GPH_3D_Hetepheres_2012-05-17_wip_010_thumb.jpg
images/GPH/3D Model Stills/Avatars/Hetepheres I/Thumbnails/GPH_3D_Hetepheres_2012-05-17_wip_011_thumb.jpg	images/GPH/3D Model Stills/Avatars_PDM broke all links_remove from TMS Collections/Hetepheres I/Thumbnails_remove from TMS Collections/GPH_3D_Hetepheres_2012-05-17_wip_011_thumb.jpg
images/GPH/3D Model Stills/Avatars/Hetepheres I/Thumbnails/GPH_3D_Hetepheres_2012-05-17_wip_012_thumb.jpg	images/GPH/3D Model Stills/Avatars_PDM broke all links_remove from TMS Collections/Hetepheres I/Thumbnails_remove from TMS Collections/GPH_3D_Hetepheres_2012-05-17_wip_012_thumb.jpg
images/GPH/3D Model Stills/Avatars/Hetepheres I/Thumbnails/GPH_3D_Hetepheres_2012-05-17_wip_013_thumb.jpg	images/GPH/3D Model Stills/Avatars_PDM broke all links_remove from TMS Collections/Hetepheres I/Thumbnails_remove from TMS Collections/GPH_3D_Hetepheres_2012-05-17_wip_013_thumb.jpg
images/GPH/3D Model Stills/Avatars/Hetepheres I/Thumbnails/GPH_3D_Hetepheres_2012-05-17_wip_014_thumb.jpg	images/GPH/3D Model Stills/Avatars_PDM broke all links_remove from TMS Collections/Hetepheres I/Thumbnails_remove from TMS Collections/GPH_3D_Hetepheres_2012-05-17_wip_014_thumb.jpg
images/GPH/3D Model Stills/Avatars/Hetepheres I/Thumbnails/GPH_3D_Hetepheres_2012-05-17_wip_015_thumb.jpg	images/GPH/3D Model Stills/Avatars_PDM broke all links_remove from TMS Collections/Hetepheres I/Thumbnails_remove from TMS Collections/GPH_3D_Hetepheres_2012-05-17_wip_015_thumb.jpg
images/GPH/3D Model Stills/Avatars/Hetepheres I/Thumbnails/GPH_3D_Hetepheres_2012-05-17_wip_016_thumb.jpg	images/GPH/3D Model Stills/Avatars_PDM broke all links_remove from TMS Collections/Hetepheres I/Thumbnails_remove from TMS Collections/GPH_3D_Hetepheres_2012-05-17_wip_016_thumb.jpg
images/GPH/3D Model Stills/Avatars/Hetepheres I/Thumbnails/GPH_3D_Hetepheres_2012-05-17_wip_017_thumb.jpg	images/GPH/3D Model Stills/Avatars_PDM broke all links_remove from TMS Collections/Hetepheres I/Thumbnails_remove from TMS Collections/GPH_3D_Hetepheres_2012-05-17_wip_017_thumb.jpg
images/GPH/3D Model Stills/Avatars/Hetepheres I/Thumbnails/GPH_3D_Hetepheres_2012-05-17_wip_018_thumb.jpg	images/GPH/3D Model Stills/Avatars_PDM broke all links_remove from TMS Collections/Hetepheres I/Thumbnails_remove from TMS Collections/GPH_3D_Hetepheres_2012-05-17_wip_018_thumb.jpg
images/GPH/3D Model Stills/Avatars/Hetepheres I/Thumbnails/GPH_3D_Hetepheres_2012-05-17_wip_019_thumb.jpg	images/GPH/3D Model Stills/Avatars_PDM broke all links_remove from TMS Collections/Hetepheres I/Thumbnails_remove from TMS Collections/GPH_3D_Hetepheres_2012-05-17_wip_019_thumb.jpg
images/GPH/3D Model Stills/Avatars/Hetepheres I/Thumbnails/GPH_3D_Hetepheres_2012-05-17_wip_020_thumb.jpg	images/GPH/3D Model Stills/Avatars_PDM broke all links_remove from TMS Collections/Hetepheres I/Thumbnails_remove from TMS Collections/GPH_3D_Hetepheres_2012-05-17_wip_020_thumb.jpg
images/GPH/3D Model Stills/Avatars/Hetepheres I/Thumbnails/GPH_3D_Hetepheres_2012-05-17_wip_021_thumb.jpg	images/GPH/3D Model Stills/Avatars_PDM broke all links_remove from TMS Collections/Hetepheres I/Thumbnails_remove from TMS Collections/GPH_3D_Hetepheres_2012-05-17_wip_021_thumb.jpg
images/GPH/3D Model Stills/Avatars/Hetepheres I/Thumbnails/GPH_3D_Hetepheres_2012-05-17_wip_022_thumb.jpg	images/GPH/3D Model Stills/Avatars_PDM broke all links_remove from TMS Collections/Hetepheres I/Thumbnails_remove from TMS Collections/GPH_3D_Hetepheres_2012-05-17_wip_022_thumb.jpg
images/GPH/3D Model Stills/Avatars/Hetepheres I/Thumbnails/GPH_3D_Hetepheres_2012-05-17_wip_023_thumb.jpg	images/GPH/3D Model Stills/Avatars_PDM broke all links_remove from TMS Collections/Hetepheres I/Thumbnails_remove from TMS Collections/GPH_3D_Hetepheres_2012-05-17_wip_023_thumb.jpg
images/GPH/3D Model Stills/Avatars/Hetepheres I/Thumbnails/GPH_3D_Hetepheres_2012-05-17_wip_024_thumb.jpg	images/GPH/3D Model Stills/Avatars_PDM broke all links_remove from TMS Collections/Hetepheres I/Thumbnails_remove from TMS Collections/GPH_3D_Hetepheres_2012-05-17_wip_024_thumb.jpg
images/GPH/3D Model Stills/Avatars/Hetepheres I/Thumbnails/GPH_3D_Hetepheres_2012-05-17_wip_025_thumb.jpg	images/GPH/3D Model Stills/Avatars_PDM broke all links_remove from TMS Collections/Hetepheres I/Thumbnails_remove from TMS Collections/GPH_3D_Hetepheres_2012-05-17_wip_025_thumb.jpg
images/GPH/3D Model Stills/Avatars/Hetepheres I/Thumbnails/GPH_3D_Hetepheres_2012-05-17_wip_026_thumb.jpg	images/GPH/3D Model Stills/Avatars_PDM broke all links_remove from TMS Collections/Hetepheres I/Thumbnails_remove from TMS Collections/GPH_3D_Hetepheres_2012-05-17_wip_026_thumb.jpg
images/GPH/3D Model Stills/Avatars/Hetepheres I/Thumbnails/GPH_3D_Hetepheres_2012-05-17_wip_027_thumb.jpg	images/GPH/3D Model Stills/Avatars_PDM broke all links_remove from TMS Collections/Hetepheres I/Thumbnails_remove from TMS Collections/GPH_3D_Hetepheres_2012-05-17_wip_027_thumb.jpg
images/GPH/3D Model Stills/Avatars/Hetepheres I/Thumbnails/GPH_3D_Hetepheres_2012-05-17_wip_028_thumb.jpg	images/GPH/3D Model Stills/Avatars_PDM broke all links_remove from TMS Collections/Hetepheres I/Thumbnails_remove from TMS Collections/GPH_3D_Hetepheres_2012-05-17_wip_028_thumb.jpg
images/GPH/3D Model Stills/Avatars/Hetepheres I/Thumbnails/GPH_3D_Hetepheres_2012-05-17_wip_029_thumb.jpg	images/GPH/3D Model Stills/Avatars_PDM broke all links_remove from TMS Collections/Hetepheres I/Thumbnails_remove from TMS Collections/GPH_3D_Hetepheres_2012-05-17_wip_029_thumb.jpg
images/GPH/3D Model Stills/Avatars/Hetepheres I/Thumbnails/GPH_3D_Hetepheres_2012-05-17_wip_030_thumb.jpg	images/GPH/3D Model Stills/Avatars_PDM broke all links_remove from TMS Collections/Hetepheres I/Thumbnails_remove from TMS Collections/GPH_3D_Hetepheres_2012-05-17_wip_030_thumb.jpg
images/GPH/3D Model Stills/Avatars/Hetepheres I/Thumbnails/GPH_3D_Hetepheres_2012-05-17_wip_031_thumb.jpg	images/GPH/3D Model Stills/Avatars_PDM broke all links_remove from TMS Collections/Hetepheres I/Thumbnails_remove from TMS Collections/GPH_3D_Hetepheres_2012-05-17_wip_031_thumb.jpg
images/GPH/3D Model Stills/Avatars/Hetepheres I/Thumbnails/GPH_3D_Hetepheres_2012-05-17_wip_032_thumb.jpg	images/GPH/3D Model Stills/Avatars_PDM broke all links_remove from TMS Collections/Hetepheres I/Thumbnails_remove from TMS Collections/GPH_3D_Hetepheres_2012-05-17_wip_032_thumb.jpg
images/GPH/3D Model Stills/Avatars/Hetepheres I/Thumbnails/GPH_3D_Hetepheres_2012-05-17_wip_033_thumb.jpg	images/GPH/3D Model Stills/Avatars_PDM broke all links_remove from TMS Collections/Hetepheres I/Thumbnails_remove from TMS Collections/GPH_3D_Hetepheres_2012-05-17_wip_033_thumb.jpg
images/GPH/3D Model Stills/Avatars/Hetepheres I/Thumbnails/GPH_3D_Hetepheres_2012-05-17_wip_034_thumb.jpg	images/GPH/3D Model Stills/Avatars_PDM broke all links_remove from TMS Collections/Hetepheres I/Thumbnails_remove from TMS Collections/GPH_3D_Hetepheres_2012-05-17_wip_034_thumb.jpg
images/GPH/3D Model Stills/Avatars/Hetepheres I/Thumbnails/GPH_3D_Hetepheres_2012-05-17_wip_035_thumb.jpg	images/GPH/3D Model Stills/Avatars_PDM broke all links_remove from TMS Collections/Hetepheres I/Thumbnails_remove from TMS Collections/GPH_3D_Hetepheres_2012-05-17_wip_035_thumb.jpg
images/GPH/3D Model Stills/Avatars/Hetepheres I/Thumbnails/GPH_3D_Hetepheres_2012-05-17_wip_036_thumb.jpg	images/GPH/3D Model Stills/Avatars_PDM broke all links_remove from TMS Collections/Hetepheres I/Thumbnails_remove from TMS Collections/GPH_3D_Hetepheres_2012-05-17_wip_036_thumb.jpg
images/GPH/3D Model Stills/Avatars/Hetepheres I/Thumbnails/GPH_3D_Hetepheres_2012-05-17_wip_037_thumb.jpg	images/GPH/3D Model Stills/Avatars_PDM broke all links_remove from TMS Collections/Hetepheres I/Thumbnails_remove from TMS Collections/GPH_3D_Hetepheres_2012-05-17_wip_037_thumb.jpg
images/GPH/3D Model Stills/Avatars/Hetepheres I/Thumbnails/GPH_3D_Hetepheres_2012-05-17_wip_038_thumb.jpg	images/GPH/3D Model Stills/Avatars_PDM broke all links_remove from TMS Collections/Hetepheres I/Thumbnails_remove from TMS Collections/GPH_3D_Hetepheres_2012-05-17_wip_038_thumb.jpg
images/GPH/3D Model Stills/Avatars/Hetepheres I/Thumbnails/GPH_3D_Hetepheres_2012-05-17_wip_039_thumb.jpg	images/GPH/3D Model Stills/Avatars_PDM broke all links_remove from TMS Collections/Hetepheres I/Thumbnails_remove from TMS Collections/GPH_3D_Hetepheres_2012-05-17_wip_039_thumb.jpg
images/GPH/3D Model Stills/Avatars/Hetepheres I/Thumbnails/GPH_3D_Hetepheres_2012-05-17_wip_040_thumb.jpg	images/GPH/3D Model Stills/Avatars_PDM broke all links_remove from TMS Collections/Hetepheres I/Thumbnails_remove from TMS Collections/GPH_3D_Hetepheres_2012-05-17_wip_040_thumb.jpg
images/GPH/3D Model Stills/Avatars/Hetepheres I/Thumbnails/GPH_3D_Hetepheres_2012-05-17_wip_041_thumb.jpg	images/GPH/3D Model Stills/Avatars_PDM broke all links_remove from TMS Collections/Hetepheres I/Thumbnails_remove from TMS Collections/GPH_3D_Hetepheres_2012-05-17_wip_041_thumb.jpg
images/GPH/3D Model Stills/Avatars/Hetepheres I/Thumbnails/GPH_3D_Hetepheres_2012-05-17_wip_042_thumb.jpg	images/GPH/3D Model Stills/Avatars_PDM broke all links_remove from TMS Collections/Hetepheres I/Thumbnails_remove from TMS Collections/GPH_3D_Hetepheres_2012-05-17_wip_042_thumb.jpg
images/GPH/3D Model Stills/Avatars/Hetepheres I/Thumbnails/GPH_3D_Hetepheres_2012-05-17_wip_043_thumb.jpg	images/GPH/3D Model Stills/Avatars_PDM broke all links_remove from TMS Collections/Hetepheres I/Thumbnails_remove from TMS Collections/GPH_3D_Hetepheres_2012-05-17_wip_043_thumb.jpg
images/GPH/3D Model Stills/Avatars/Hetepheres I/Thumbnails/GPH_3D_Hetepheres_2012-05-17_wip_044_thumb.jpg	images/GPH/3D Model Stills/Avatars_PDM broke all links_remove from TMS Collections/Hetepheres I/Thumbnails_remove from TMS Collections/GPH_3D_Hetepheres_2012-05-17_wip_044_thumb.jpg
images/GPH/3D Model Stills/Avatars/Hetepheres I/Thumbnails/GPH_3D_Hetepheres_2012-05-17_wip_045_thumb.jpg	images/GPH/3D Model Stills/Avatars_PDM broke all links_remove from TMS Collections/Hetepheres I/Thumbnails_remove from TMS Collections/GPH_3D_Hetepheres_2012-05-17_wip_045_thumb.jpg
images/GPH/3D Model Stills/Avatars/Hetepheres I/Thumbnails/GPH_3D_Hetepheres_2012-05-17_wip_046_thumb.jpg	images/GPH/3D Model Stills/Avatars_PDM broke all links_remove from TMS Collections/Hetepheres I/Thumbnails_remove from TMS Collections/GPH_3D_Hetepheres_2012-05-17_wip_046_thumb.jpg
images/GPH/3D Model Stills/Avatars/Hetepheres I/Thumbnails/GPH_3D_Hetepheres_2012-05-17_wip_047_thumb.jpg	images/GPH/3D Model Stills/Avatars_PDM broke all links_remove from TMS Collections/Hetepheres I/Thumbnails_remove from TMS Collections/GPH_3D_Hetepheres_2012-05-17_wip_047_thumb.jpg
images/GPH/3D Model Stills/Avatars/Hetepheres I/Thumbnails/GPH_3D_Hetepheres_2012-05-17_wip_048_thumb.jpg	images/GPH/3D Model Stills/Avatars_PDM broke all links_remove from TMS Collections/Hetepheres I/Thumbnails_remove from TMS Collections/GPH_3D_Hetepheres_2012-05-17_wip_048_thumb.jpg
images/GPH/3D Model Stills/Avatars/Hetepheres I/Thumbnails/GPH_3D_Hetepheres_2012-05-17_wip_049_thumb.jpg	images/GPH/3D Model Stills/Avatars_PDM broke all links_remove from TMS Collections/Hetepheres I/Thumbnails_remove from TMS Collections/GPH_3D_Hetepheres_2012-05-17_wip_049_thumb.jpg
images/GPH/3D Model Stills/Avatars/Hetepheres I/Thumbnails/GPH_3D_Hetepheres_2012-05-17_wip_050_thumb.jpg	images/GPH/3D Model Stills/Avatars_PDM broke all links_remove from TMS Collections/Hetepheres I/Thumbnails_remove from TMS Collections/GPH_3D_Hetepheres_2012-05-17_wip_050_thumb.jpg
images/GPH/3D Model Stills/Avatars/Hetepheres I/Thumbnails/GPH_3D_Hetepheres_2012-05-17_wip_051_thumb.jpg	images/GPH/3D Model Stills/Avatars_PDM broke all links_remove from TMS Collections/Hetepheres I/Thumbnails_remove from TMS Collections/GPH_3D_Hetepheres_2012-05-17_wip_051_thumb.jpg
images/GPH/3D Model Stills/Avatars/Hetepheres I/Thumbnails/GPH_3D_Hetepheres_2012-05-17_wip_052_thumb.jpg	images/GPH/3D Model Stills/Avatars_PDM broke all links_remove from TMS Collections/Hetepheres I/Thumbnails_remove from TMS Collections/GPH_3D_Hetepheres_2012-05-17_wip_052_thumb.jpg
images/GPH/3D Model Stills/Avatars/Hetepheres I/Thumbnails/GPH_3D_Hetepheres_2012-05-17_wip_053_thumb.jpg	images/GPH/3D Model Stills/Avatars_PDM broke all links_remove from TMS Collections/Hetepheres I/Thumbnails_remove from TMS Collections/GPH_3D_Hetepheres_2012-05-17_wip_053_thumb.jpg
images/GPH/3D Model Stills/Avatars/Hetepheres I/Thumbnails/GPH_3D_Hetepheres_2012-05-17_wip_054_thumb.jpg	images/GPH/3D Model Stills/Avatars_PDM broke all links_remove from TMS Collections/Hetepheres I/Thumbnails_remove from TMS Collections/GPH_3D_Hetepheres_2012-05-17_wip_054_thumb.jpg
images/GPH/3D Model Stills/Avatars/Hetepheres I/Thumbnails/GPH_3D_Hetepheres_2012-05-17_wip_055_thumb.jpg	images/GPH/3D Model Stills/Avatars_PDM broke all links_remove from TMS Collections/Hetepheres I/Thumbnails_remove from TMS Collections/GPH_3D_Hetepheres_2012-05-17_wip_055_thumb.jpg
images/GPH/3D Model Stills/Avatars/Hetepheres I/Thumbnails/GPH_3D_Hetepheres_2012-05-17_wip_056_thumb.jpg	images/GPH/3D Model Stills/Avatars_PDM broke all links_remove from TMS Collections/Hetepheres I/Thumbnails_remove from TMS Collections/GPH_3D_Hetepheres_2012-05-17_wip_056_thumb.jpg
images/GPH/3D Model Stills/Avatars/Hetepheres I/Thumbnails/GPH_3D_Hetepheres_2012-05-17_wip_057_thumb.jpg	images/GPH/3D Model Stills/Avatars_PDM broke all links_remove from TMS Collections/Hetepheres I/Thumbnails_remove from TMS Collections/GPH_3D_Hetepheres_2012-05-17_wip_057_thumb.jpg
images/GPH/3D Model Stills/Avatars/Hetepheres I/Thumbnails/GPH_3D_Hetepheres_2012-05-17_wip_058_thumb.jpg	images/GPH/3D Model Stills/Avatars_PDM broke all links_remove from TMS Collections/Hetepheres I/Thumbnails_remove from TMS Collections/GPH_3D_Hetepheres_2012-05-17_wip_058_thumb.jpg
images/GPH/3D Model Stills/Avatars/Hetepheres I/Thumbnails/GPH_3D_Hetepheres_2012-05-17_wip_059_thumb.jpg	images/GPH/3D Model Stills/Avatars_PDM broke all links_remove from TMS Collections/Hetepheres I/Thumbnails_remove from TMS Collections/GPH_3D_Hetepheres_2012-05-17_wip_059_thumb.jpg
images/GPH/3D Model Stills/Avatars/Hetepheres I/Thumbnails/GPH_3D_Hetepheres_2012-05-17_wip_060_thumb.jpg	images/GPH/3D Model Stills/Avatars_PDM broke all links_remove from TMS Collections/Hetepheres I/Thumbnails_remove from TMS Collections/GPH_3D_Hetepheres_2012-05-17_wip_060_thumb.jpg
images/GPH/3D Model Stills/Avatars/Hetepheres I/Thumbnails/GPH_3D_Hetepheres_2012-05-17_wip_061_thumb.jpg	images/GPH/3D Model Stills/Avatars_PDM broke all links_remove from TMS Collections/Hetepheres I/Thumbnails_remove from TMS Collections/GPH_3D_Hetepheres_2012-05-17_wip_061_thumb.jpg
images/GPH/3D Model Stills/Avatars/Hetepheres I/Thumbnails/GPH_3D_Hetepheres_2012-05-17_wip_062_thumb.jpg	images/GPH/3D Model Stills/Avatars_PDM broke all links_remove from TMS Collections/Hetepheres I/Thumbnails_remove from TMS Collections/GPH_3D_Hetepheres_2012-05-17_wip_062_thumb.jpg
images/GPH/3D Model Stills/Avatars/Hetepheres I/Thumbnails/GPH_3D_Hetepheres_2012-05-17_wip_063_thumb.jpg	images/GPH/3D Model Stills/Avatars_PDM broke all links_remove from TMS Collections/Hetepheres I/Thumbnails_remove from TMS Collections/GPH_3D_Hetepheres_2012-05-17_wip_063_thumb.jpg
images/GPH/3D Model Stills/Avatars/Hetepheres I/Thumbnails/GPH_3D_Hetepheres_2012-05-17_wip_064_thumb.jpg	images/GPH/3D Model Stills/Avatars_PDM broke all links_remove from TMS Collections/Hetepheres I/Thumbnails_remove from TMS Collections/GPH_3D_Hetepheres_2012-05-17_wip_064_thumb.jpg
images/GPH/3D Model Stills/Avatars/Hetepheres I/Thumbnails/GPH_3D_Hetepheres_2012-05-17_wip_065_thumb.jpg	images/GPH/3D Model Stills/Avatars_PDM broke all links_remove from TMS Collections/Hetepheres I/Thumbnails_remove from TMS Collections/GPH_3D_Hetepheres_2012-05-17_wip_065_thumb.jpg
images/GPH/3D Model Stills/Avatars/Hetepheres I/Thumbnails/GPH_3D_Hetepheres_2012-05-17_wip_066_thumb.jpg	images/GPH/3D Model Stills/Avatars_PDM broke all links_remove from TMS Collections/Hetepheres I/Thumbnails_remove from TMS Collections/GPH_3D_Hetepheres_2012-05-17_wip_066_thumb.jpg
images/GPH/3D Model Stills/Avatars/Hetepheres I/Thumbnails/GPH_3D_Hetepheres_2012-05-17_wip_067_thumb.jpg	images/GPH/3D Model Stills/Avatars_PDM broke all links_remove from TMS Collections/Hetepheres I/Thumbnails_remove from TMS Collections/GPH_3D_Hetepheres_2012-05-17_wip_067_thumb.jpg
images/GPH/3D Model Stills/Avatars/Hetepheres I/Thumbnails/GPH_3D_Hetepheres_2012-05-18_wip_001_thumb.jpg	images/GPH/3D Model Stills/Avatars_PDM broke all links_remove from TMS Collections/Hetepheres I/Thumbnails_remove from TMS Collections/GPH_3D_Hetepheres_2012-05-18_wip_001_thumb.jpg
images/GPH/3D Model Stills/Avatars/Hetepheres I/Thumbnails/GPH_3D_Hetepheres_2012-05-18_wip_002_thumb.jpg	images/GPH/3D Model Stills/Avatars_PDM broke all links_remove from TMS Collections/Hetepheres I/Thumbnails_remove from TMS Collections/GPH_3D_Hetepheres_2012-05-18_wip_002_thumb.jpg
images/GPH/3D Model Stills/Avatars/Hetepheres I/Thumbnails/GPH_3D_Hetepheres_2012-05-18_wip_003_thumb.jpg	images/GPH/3D Model Stills/Avatars_PDM broke all links_remove from TMS Collections/Hetepheres I/Thumbnails_remove from TMS Collections/GPH_3D_Hetepheres_2012-05-18_wip_003_thumb.jpg
images/GPH/3D Model Stills/Avatars/Hetepheres I/Thumbnails/GPH_3D_Hetepheres_2012-11-06_wip_001_thumb.jpg	images/GPH/3D Model Stills/Avatars_PDM broke all links_remove from TMS Collections/Hetepheres I/Thumbnails_remove from TMS Collections/GPH_3D_Hetepheres_2012-11-06_wip_001_thumb.jpg
images/GPH/3D Model Stills/Avatars/Hetepheres I/Thumbnails/GPH_3D_Hetepheres_2013-10-23_wip_001_thumb.jpg	images/GPH/3D Model Stills/Avatars_PDM broke all links_remove from TMS Collections/Hetepheres I/Thumbnails_remove from TMS Collections/GPH_3D_Hetepheres_2013-10-23_wip_001_thumb.jpg
images/GPH/3D Model Stills/Avatars/Mahmoud Said Ahmed Diraz/GPH_3D_Mahmoud_2011-09-12_wip_001.jpg	images/GPH/3D Model Stills/Avatars_PDM broke all links_remove from TMS Collections/Mahmoud Said Ahmed Diraz/GPH_3D_Mahmoud_2011-09-12_wip_001.jpg
images/GPH/3D Model Stills/Avatars/Mahmoud Said Ahmed Diraz/GPH_3D_Mahmoud_2011-09-12_wip_002.jpg	images/GPH/3D Model Stills/Avatars_PDM broke all links_remove from TMS Collections/Mahmoud Said Ahmed Diraz/GPH_3D_Mahmoud_2011-09-12_wip_002.jpg
images/GPH/3D Model Stills/Avatars/Mahmoud Said Ahmed Diraz/GPH_3D_Mahmoud_2011-09-15_wip_001.jpg	images/GPH/3D Model Stills/Avatars_PDM broke all links_remove from TMS Collections/Mahmoud Said Ahmed Diraz/GPH_3D_Mahmoud_2011-09-15_wip_001.jpg
images/GPH/3D Model Stills/Avatars/Mahmoud Said Ahmed Diraz/GPH_3D_Mahmoud_2011-09-15_wip_002.jpg	images/GPH/3D Model Stills/Avatars_PDM broke all links_remove from TMS Collections/Mahmoud Said Ahmed Diraz/GPH_3D_Mahmoud_2011-09-15_wip_002.jpg
images/GPH/3D Model Stills/Avatars/Mahmoud Said Ahmed Diraz/GPH_3D_Mahmoud_2011-10-11_wip_001.jpg	images/GPH/3D Model Stills/Avatars_PDM broke all links_remove from TMS Collections/Mahmoud Said Ahmed Diraz/GPH_3D_Mahmoud_2011-10-11_wip_001.jpg
images/GPH/3D Model Stills/Avatars/Mahmoud Said Ahmed Diraz/GPH_3D_Mahmoud_2011-10-11_wip_002.jpg	images/GPH/3D Model Stills/Avatars_PDM broke all links_remove from TMS Collections/Mahmoud Said Ahmed Diraz/GPH_3D_Mahmoud_2011-10-11_wip_002.jpg
images/GPH/3D Model Stills/Avatars/Mahmoud Said Ahmed Diraz/GPH_3D_Mahmoud_2012-05-16_wip_001.jpg	images/GPH/3D Model Stills/Avatars_PDM broke all links_remove from TMS Collections/Mahmoud Said Ahmed Diraz/GPH_3D_Mahmoud_2012-05-16_wip_001.jpg
images/GPH/3D Model Stills/Avatars/Mahmoud Said Ahmed Diraz/GPH_3D_Mahmoud_2012-05-16_wip_002.jpg	images/GPH/3D Model Stills/Avatars_PDM broke all links_remove from TMS Collections/Mahmoud Said Ahmed Diraz/GPH_3D_Mahmoud_2012-05-16_wip_002.jpg
images/GPH/3D Model Stills/Avatars/Mahmoud Said Ahmed Diraz/GPH_3D_Mahmoud_2012-05-16_wip_003.jpg	images/GPH/3D Model Stills/Avatars_PDM broke all links_remove from TMS Collections/Mahmoud Said Ahmed Diraz/GPH_3D_Mahmoud_2012-05-16_wip_003.jpg
images/GPH/3D Model Stills/Avatars/Mahmoud Said Ahmed Diraz/GPH_3D_Mahmoud_2012-05-16_wip_004.jpg	images/GPH/3D Model Stills/Avatars_PDM broke all links_remove from TMS Collections/Mahmoud Said Ahmed Diraz/GPH_3D_Mahmoud_2012-05-16_wip_004.jpg
images/GPH/3D Model Stills/Avatars/Mahmoud Said Ahmed Diraz/GPH_3D_Mahmoud_2014-03-24_wip_001.jpg	images/GPH/3D Model Stills/Avatars_PDM broke all links_remove from TMS Collections/Mahmoud Said Ahmed Diraz/GPH_3D_Mahmoud_2014-03-24_wip_001.jpg
images/GPH/3D Model Stills/Avatars/Mahmoud Said Ahmed Diraz/Thumbnails/GPH_3D_Mahmoud_2011-09-12_wip_001_thumb.jpg	images/GPH/3D Model Stills/Avatars_PDM broke all links_remove from TMS Collections/Mahmoud Said Ahmed Diraz/Thumbnails_remove from TMS Collections/GPH_3D_Mahmoud_2011-09-12_wip_001_thumb.jpg
images/GPH/3D Model Stills/Avatars/Mahmoud Said Ahmed Diraz/Thumbnails/GPH_3D_Mahmoud_2011-09-12_wip_002_thumb.jpg	images/GPH/3D Model Stills/Avatars_PDM broke all links_remove from TMS Collections/Mahmoud Said Ahmed Diraz/Thumbnails_remove from TMS Collections/GPH_3D_Mahmoud_2011-09-12_wip_002_thumb.jpg
images/GPH/3D Model Stills/Avatars/Mahmoud Said Ahmed Diraz/Thumbnails/GPH_3D_Mahmoud_2011-09-15_wip_001_thumb.jpg	images/GPH/3D Model Stills/Avatars_PDM broke all links_remove from TMS Collections/Mahmoud Said Ahmed Diraz/Thumbnails_remove from TMS Collections/GPH_3D_Mahmoud_2011-09-15_wip_001_thumb.jpg
images/GPH/3D Model Stills/Avatars/Mahmoud Said Ahmed Diraz/Thumbnails/GPH_3D_Mahmoud_2011-09-15_wip_002_thumb.jpg	images/GPH/3D Model Stills/Avatars_PDM broke all links_remove from TMS Collections/Mahmoud Said Ahmed Diraz/Thumbnails_remove from TMS Collections/GPH_3D_Mahmoud_2011-09-15_wip_002_thumb.jpg
images/GPH/3D Model Stills/Avatars/Mahmoud Said Ahmed Diraz/Thumbnails/GPH_3D_Mahmoud_2011-10-11_wip_001_thumb.jpg	images/GPH/3D Model Stills/Avatars_PDM broke all links_remove from TMS Collections/Mahmoud Said Ahmed Diraz/Thumbnails_remove from TMS Collections/GPH_3D_Mahmoud_2011-10-11_wip_001_thumb.jpg
images/GPH/3D Model Stills/Avatars/Mahmoud Said Ahmed Diraz/Thumbnails/GPH_3D_Mahmoud_2011-10-11_wip_002_thumb.jpg	images/GPH/3D Model Stills/Avatars_PDM broke all links_remove from TMS Collections/Mahmoud Said Ahmed Diraz/Thumbnails_remove from TMS Collections/GPH_3D_Mahmoud_2011-10-11_wip_002_thumb.jpg
images/GPH/3D Model Stills/Avatars/Mahmoud Said Ahmed Diraz/Thumbnails/GPH_3D_Mahmoud_2012-05-16_wip_001_thumb.jpg	images/GPH/3D Model Stills/Avatars_PDM broke all links_remove from TMS Collections/Mahmoud Said Ahmed Diraz/Thumbnails_remove from TMS Collections/GPH_3D_Mahmoud_2012-05-16_wip_001_thumb.jpg
images/GPH/3D Model Stills/Avatars/Mahmoud Said Ahmed Diraz/Thumbnails/GPH_3D_Mahmoud_2012-05-16_wip_002_thumb.jpg	images/GPH/3D Model Stills/Avatars_PDM broke all links_remove from TMS Collections/Mahmoud Said Ahmed Diraz/Thumbnails_remove from TMS Collections/GPH_3D_Mahmoud_2012-05-16_wip_002_thumb.jpg
images/GPH/3D Model Stills/Avatars/Mahmoud Said Ahmed Diraz/Thumbnails/GPH_3D_Mahmoud_2012-05-16_wip_003_thumb.jpg	images/GPH/3D Model Stills/Avatars_PDM broke all links_remove from TMS Collections/Mahmoud Said Ahmed Diraz/Thumbnails_remove from TMS Collections/GPH_3D_Mahmoud_2012-05-16_wip_003_thumb.jpg
images/GPH/3D Model Stills/Avatars/Mahmoud Said Ahmed Diraz/Thumbnails/GPH_3D_Mahmoud_2012-05-16_wip_004_thumb.jpg	images/GPH/3D Model Stills/Avatars_PDM broke all links_remove from TMS Collections/Mahmoud Said Ahmed Diraz/Thumbnails_remove from TMS Collections/GPH_3D_Mahmoud_2012-05-16_wip_004_thumb.jpg
images/GPH/3D Model Stills/Avatars/Mahmoud Said Ahmed Diraz/Thumbnails/GPH_3D_Mahmoud_2014-03-24_wip_001_thumb.jpg	images/GPH/3D Model Stills/Avatars_PDM broke all links_remove from TMS Collections/Mahmoud Said Ahmed Diraz/Thumbnails_remove from TMS Collections/GPH_3D_Mahmoud_2014-03-24_wip_001_thumb.jpg
images/GPH/3D Model Stills/Avatars/Mohammed Said Ahmed Diraz/GPH_3D_Mohammed_2011-05-31_wip_001.jpg	images/GPH/3D Model Stills/Avatars_PDM broke all links_remove from TMS Collections/Mohammed Said Ahmed Diraz/GPH_3D_Mohammed_2011-05-31_wip_001.jpg
images/GPH/3D Model Stills/Avatars/Mohammed Said Ahmed Diraz/GPH_3D_Mohammed_2011-05-31_wip_002.jpg	images/GPH/3D Model Stills/Avatars_PDM broke all links_remove from TMS Collections/Mohammed Said Ahmed Diraz/GPH_3D_Mohammed_2011-05-31_wip_002.jpg
images/GPH/3D Model Stills/Avatars/Mohammed Said Ahmed Diraz/GPH_3D_Mohammed_2011-05-31_wip_003.jpg	images/GPH/3D Model Stills/Avatars_PDM broke all links_remove from TMS Collections/Mohammed Said Ahmed Diraz/GPH_3D_Mohammed_2011-05-31_wip_003.jpg
images/GPH/3D Model Stills/Avatars/Mohammed Said Ahmed Diraz/GPH_3D_Mohammed_2011-05-31_wip_004.jpg	images/GPH/3D Model Stills/Avatars_PDM broke all links_remove from TMS Collections/Mohammed Said Ahmed Diraz/GPH_3D_Mohammed_2011-05-31_wip_004.jpg
images/GPH/3D Model Stills/Avatars/Mohammed Said Ahmed Diraz/GPH_3D_Mohammed_2011-06-01_wip_001.jpg	images/GPH/3D Model Stills/Avatars_PDM broke all links_remove from TMS Collections/Mohammed Said Ahmed Diraz/GPH_3D_Mohammed_2011-06-01_wip_001.jpg
images/GPH/3D Model Stills/Avatars/Mohammed Said Ahmed Diraz/GPH_3D_Mohammed_2011-06-01_wip_002.jpg	images/GPH/3D Model Stills/Avatars_PDM broke all links_remove from TMS Collections/Mohammed Said Ahmed Diraz/GPH_3D_Mohammed_2011-06-01_wip_002.jpg
images/GPH/3D Model Stills/Avatars/Mohammed Said Ahmed Diraz/GPH_3D_Mohammed_2011-06-06_wip_001.jpg	images/GPH/3D Model Stills/Avatars_PDM broke all links_remove from TMS Collections/Mohammed Said Ahmed Diraz/GPH_3D_Mohammed_2011-06-06_wip_001.jpg
images/GPH/3D Model Stills/Avatars/Mohammed Said Ahmed Diraz/GPH_3D_Mohammed_2011-06-06_wip_002.jpg	images/GPH/3D Model Stills/Avatars_PDM broke all links_remove from TMS Collections/Mohammed Said Ahmed Diraz/GPH_3D_Mohammed_2011-06-06_wip_002.jpg
images/GPH/3D Model Stills/Avatars/Mohammed Said Ahmed Diraz/GPH_3D_Mohammed_2011-06-06_wip_003.jpg	images/GPH/3D Model Stills/Avatars_PDM broke all links_remove from TMS Collections/Mohammed Said Ahmed Diraz/GPH_3D_Mohammed_2011-06-06_wip_003.jpg
images/GPH/3D Model Stills/Avatars/Mohammed Said Ahmed Diraz/GPH_3D_Mohammed_2011-06-08_wip_001.jpg	images/GPH/3D Model Stills/Avatars_PDM broke all links_remove from TMS Collections/Mohammed Said Ahmed Diraz/GPH_3D_Mohammed_2011-06-08_wip_001.jpg
images/GPH/3D Model Stills/Avatars/Mohammed Said Ahmed Diraz/GPH_3D_Mohammed_2011-06-08_wip_002.jpg	images/GPH/3D Model Stills/Avatars_PDM broke all links_remove from TMS Collections/Mohammed Said Ahmed Diraz/GPH_3D_Mohammed_2011-06-08_wip_002.jpg
images/GPH/3D Model Stills/Avatars/Mohammed Said Ahmed Diraz/GPH_3D_Mohammed_2011-06-08_wip_003.jpg	images/GPH/3D Model Stills/Avatars_PDM broke all links_remove from TMS Collections/Mohammed Said Ahmed Diraz/GPH_3D_Mohammed_2011-06-08_wip_003.jpg
images/GPH/3D Model Stills/Avatars/Mohammed Said Ahmed Diraz/GPH_3D_Mohammed_2011-06-08_wip_004.jpg	images/GPH/3D Model Stills/Avatars_PDM broke all links_remove from TMS Collections/Mohammed Said Ahmed Diraz/GPH_3D_Mohammed_2011-06-08_wip_004.jpg
images/GPH/3D Model Stills/Avatars/Mohammed Said Ahmed Diraz/GPH_3D_Mohammed_2011-06-08_wip_005.jpg	images/GPH/3D Model Stills/Avatars_PDM broke all links_remove from TMS Collections/Mohammed Said Ahmed Diraz/GPH_3D_Mohammed_2011-06-08_wip_005.jpg
images/GPH/3D Model Stills/Avatars/Mohammed Said Ahmed Diraz/GPH_3D_Mohammed_2011-06-09_wip_001.jpg	images/GPH/3D Model Stills/Avatars_PDM broke all links_remove from TMS Collections/Mohammed Said Ahmed Diraz/GPH_3D_Mohammed_2011-06-09_wip_001.jpg
images/GPH/3D Model Stills/Avatars/Mohammed Said Ahmed Diraz/GPH_3D_Mohammed_2011-06-09_wip_002.jpg	images/GPH/3D Model Stills/Avatars_PDM broke all links_remove from TMS Collections/Mohammed Said Ahmed Diraz/GPH_3D_Mohammed_2011-06-09_wip_002.jpg
images/GPH/3D Model Stills/Avatars/Mohammed Said Ahmed Diraz/GPH_3D_Mohammed_2011-06-10_wip_001.jpg	images/GPH/3D Model Stills/Avatars_PDM broke all links_remove from TMS Collections/Mohammed Said Ahmed Diraz/GPH_3D_Mohammed_2011-06-10_wip_001.jpg
images/GPH/3D Model Stills/Avatars/Mohammed Said Ahmed Diraz/GPH_3D_Mohammed_2011-06-10_wip_002.jpg	images/GPH/3D Model Stills/Avatars_PDM broke all links_remove from TMS Collections/Mohammed Said Ahmed Diraz/GPH_3D_Mohammed_2011-06-10_wip_002.jpg
images/GPH/3D Model Stills/Avatars/Mohammed Said Ahmed Diraz/GPH_3D_Mohammed_2011-06-17_wip_001.jpg	images/GPH/3D Model Stills/Avatars_PDM broke all links_remove from TMS Collections/Mohammed Said Ahmed Diraz/GPH_3D_Mohammed_2011-06-17_wip_001.jpg
images/GPH/3D Model Stills/Avatars/Mohammed Said Ahmed Diraz/GPH_3D_Mohammed_2011-09-07_wip_001.jpg	images/GPH/3D Model Stills/Avatars_PDM broke all links_remove from TMS Collections/Mohammed Said Ahmed Diraz/GPH_3D_Mohammed_2011-09-07_wip_001.jpg
images/GPH/3D Model Stills/Avatars/Mohammed Said Ahmed Diraz/GPH_3D_Mohammed_2011-09-07_wip_002.jpg	images/GPH/3D Model Stills/Avatars_PDM broke all links_remove from TMS Collections/Mohammed Said Ahmed Diraz/GPH_3D_Mohammed_2011-09-07_wip_002.jpg
images/GPH/3D Model Stills/Avatars/Mohammed Said Ahmed Diraz/GPH_3D_Mohammed_2012-05-16_wip_001.jpg	images/GPH/3D Model Stills/Avatars_PDM broke all links_remove from TMS Collections/Mohammed Said Ahmed Diraz/GPH_3D_Mohammed_2012-05-16_wip_001.jpg
images/GPH/3D Model Stills/Avatars/Mohammed Said Ahmed Diraz/GPH_3D_Mohammed_2012-05-16_wip_002.jpg	images/GPH/3D Model Stills/Avatars_PDM broke all links_remove from TMS Collections/Mohammed Said Ahmed Diraz/GPH_3D_Mohammed_2012-05-16_wip_002.jpg
images/GPH/3D Model Stills/Avatars/Mohammed Said Ahmed Diraz/GPH_3D_Mohammed_2012-05-16_wip_003.jpg	images/GPH/3D Model Stills/Avatars_PDM broke all links_remove from TMS Collections/Mohammed Said Ahmed Diraz/GPH_3D_Mohammed_2012-05-16_wip_003.jpg
images/GPH/3D Model Stills/Avatars/Mohammed Said Ahmed Diraz/GPH_3D_Mohammed_2012-05-16_wip_004.jpg	images/GPH/3D Model Stills/Avatars_PDM broke all links_remove from TMS Collections/Mohammed Said Ahmed Diraz/GPH_3D_Mohammed_2012-05-16_wip_004.jpg
images/GPH/3D Model Stills/Avatars/Mohammed Said Ahmed Diraz/Thumbnails/GPH_3D_Mohammed_2011-05-31_wip_001_thumb.jpg	images/GPH/3D Model Stills/Avatars_PDM broke all links_remove from TMS Collections/Mohammed Said Ahmed Diraz/Thumbnails_remove from TMS Collections/GPH_3D_Mohammed_2011-05-31_wip_001_thumb.jpg
images/GPH/3D Model Stills/Avatars/Mohammed Said Ahmed Diraz/Thumbnails/GPH_3D_Mohammed_2011-05-31_wip_002_thumb.jpg	images/GPH/3D Model Stills/Avatars_PDM broke all links_remove from TMS Collections/Mohammed Said Ahmed Diraz/Thumbnails_remove from TMS Collections/GPH_3D_Mohammed_2011-05-31_wip_002_thumb.jpg
images/GPH/3D Model Stills/Avatars/Mohammed Said Ahmed Diraz/Thumbnails/GPH_3D_Mohammed_2011-05-31_wip_003_thumb.jpg	images/GPH/3D Model Stills/Avatars_PDM broke all links_remove from TMS Collections/Mohammed Said Ahmed Diraz/Thumbnails_remove from TMS Collections/GPH_3D_Mohammed_2011-05-31_wip_003_thumb.jpg
images/GPH/3D Model Stills/Avatars/Mohammed Said Ahmed Diraz/Thumbnails/GPH_3D_Mohammed_2011-05-31_wip_004_thumb.jpg	images/GPH/3D Model Stills/Avatars_PDM broke all links_remove from TMS Collections/Mohammed Said Ahmed Diraz/Thumbnails_remove from TMS Collections/GPH_3D_Mohammed_2011-05-31_wip_004_thumb.jpg
images/GPH/3D Model Stills/Avatars/Mohammed Said Ahmed Diraz/Thumbnails/GPH_3D_Mohammed_2011-06-01_wip_001_thumb.jpg	images/GPH/3D Model Stills/Avatars_PDM broke all links_remove from TMS Collections/Mohammed Said Ahmed Diraz/Thumbnails_remove from TMS Collections/GPH_3D_Mohammed_2011-06-01_wip_001_thumb.jpg
images/GPH/3D Model Stills/Avatars/Mohammed Said Ahmed Diraz/Thumbnails/GPH_3D_Mohammed_2011-06-01_wip_002_thumb.jpg	images/GPH/3D Model Stills/Avatars_PDM broke all links_remove from TMS Collections/Mohammed Said Ahmed Diraz/Thumbnails_remove from TMS Collections/GPH_3D_Mohammed_2011-06-01_wip_002_thumb.jpg
images/GPH/3D Model Stills/Avatars/Mohammed Said Ahmed Diraz/Thumbnails/GPH_3D_Mohammed_2011-06-06_wip_001_thumb.jpg	images/GPH/3D Model Stills/Avatars_PDM broke all links_remove from TMS Collections/Mohammed Said Ahmed Diraz/Thumbnails_remove from TMS Collections/GPH_3D_Mohammed_2011-06-06_wip_001_thumb.jpg
images/GPH/3D Model Stills/Avatars/Mohammed Said Ahmed Diraz/Thumbnails/GPH_3D_Mohammed_2011-06-06_wip_002_thumb.jpg	images/GPH/3D Model Stills/Avatars_PDM broke all links_remove from TMS Collections/Mohammed Said Ahmed Diraz/Thumbnails_remove from TMS Collections/GPH_3D_Mohammed_2011-06-06_wip_002_thumb.jpg
images/GPH/3D Model Stills/Avatars/Mohammed Said Ahmed Diraz/Thumbnails/GPH_3D_Mohammed_2011-06-06_wip_003_thumb.jpg	images/GPH/3D Model Stills/Avatars_PDM broke all links_remove from TMS Collections/Mohammed Said Ahmed Diraz/Thumbnails_remove from TMS Collections/GPH_3D_Mohammed_2011-06-06_wip_003_thumb.jpg
images/GPH/3D Model Stills/Avatars/Mohammed Said Ahmed Diraz/Thumbnails/GPH_3D_Mohammed_2011-06-08_wip_001_thumb.jpg	images/GPH/3D Model Stills/Avatars_PDM broke all links_remove from TMS Collections/Mohammed Said Ahmed Diraz/Thumbnails_remove from TMS Collections/GPH_3D_Mohammed_2011-06-08_wip_001_thumb.jpg
images/GPH/3D Model Stills/Avatars/Mohammed Said Ahmed Diraz/Thumbnails/GPH_3D_Mohammed_2011-06-08_wip_002_thumb.jpg	images/GPH/3D Model Stills/Avatars_PDM broke all links_remove from TMS Collections/Mohammed Said Ahmed Diraz/Thumbnails_remove from TMS Collections/GPH_3D_Mohammed_2011-06-08_wip_002_thumb.jpg
images/GPH/3D Model Stills/Avatars/Mohammed Said Ahmed Diraz/Thumbnails/GPH_3D_Mohammed_2011-06-08_wip_003_thumb.jpg	images/GPH/3D Model Stills/Avatars_PDM broke all links_remove from TMS Collections/Mohammed Said Ahmed Diraz/Thumbnails_remove from TMS Collections/GPH_3D_Mohammed_2011-06-08_wip_003_thumb.jpg
images/GPH/3D Model Stills/Avatars/Mohammed Said Ahmed Diraz/Thumbnails/GPH_3D_Mohammed_2011-06-08_wip_004_thumb.jpg	images/GPH/3D Model Stills/Avatars_PDM broke all links_remove from TMS Collections/Mohammed Said Ahmed Diraz/Thumbnails_remove from TMS Collections/GPH_3D_Mohammed_2011-06-08_wip_004_thumb.jpg
images/GPH/3D Model Stills/Avatars/Mohammed Said Ahmed Diraz/Thumbnails/GPH_3D_Mohammed_2011-06-08_wip_005_thumb.jpg	images/GPH/3D Model Stills/Avatars_PDM broke all links_remove from TMS Collections/Mohammed Said Ahmed Diraz/Thumbnails_remove from TMS Collections/GPH_3D_Mohammed_2011-06-08_wip_005_thumb.jpg
images/GPH/3D Model Stills/Avatars/Mohammed Said Ahmed Diraz/Thumbnails/GPH_3D_Mohammed_2011-06-09_wip_001_thumb.jpg	images/GPH/3D Model Stills/Avatars_PDM broke all links_remove from TMS Collections/Mohammed Said Ahmed Diraz/Thumbnails_remove from TMS Collections/GPH_3D_Mohammed_2011-06-09_wip_001_thumb.jpg
images/GPH/3D Model Stills/Avatars/Mohammed Said Ahmed Diraz/Thumbnails/GPH_3D_Mohammed_2011-06-09_wip_002_thumb.jpg	images/GPH/3D Model Stills/Avatars_PDM broke all links_remove from TMS Collections/Mohammed Said Ahmed Diraz/Thumbnails_remove from TMS Collections/GPH_3D_Mohammed_2011-06-09_wip_002_thumb.jpg
images/GPH/3D Model Stills/Avatars/Mohammed Said Ahmed Diraz/Thumbnails/GPH_3D_Mohammed_2011-06-10_wip_001_thumb.jpg	images/GPH/3D Model Stills/Avatars_PDM broke all links_remove from TMS Collections/Mohammed Said Ahmed Diraz/Thumbnails_remove from TMS Collections/GPH_3D_Mohammed_2011-06-10_wip_001_thumb.jpg
images/GPH/3D Model Stills/Avatars/Mohammed Said Ahmed Diraz/Thumbnails/GPH_3D_Mohammed_2011-06-10_wip_002_thumb.jpg	images/GPH/3D Model Stills/Avatars_PDM broke all links_remove from TMS Collections/Mohammed Said Ahmed Diraz/Thumbnails_remove from TMS Collections/GPH_3D_Mohammed_2011-06-10_wip_002_thumb.jpg
images/GPH/3D Model Stills/Avatars/Mohammed Said Ahmed Diraz/Thumbnails/GPH_3D_Mohammed_2011-06-17_wip_001_thumb.jpg	images/GPH/3D Model Stills/Avatars_PDM broke all links_remove from TMS Collections/Mohammed Said Ahmed Diraz/Thumbnails_remove from TMS Collections/GPH_3D_Mohammed_2011-06-17_wip_001_thumb.jpg
images/GPH/3D Model Stills/Avatars/Mohammed Said Ahmed Diraz/Thumbnails/GPH_3D_Mohammed_2011-09-07_wip_001_thumb.jpg	images/GPH/3D Model Stills/Avatars_PDM broke all links_remove from TMS Collections/Mohammed Said Ahmed Diraz/Thumbnails_remove from TMS Collections/GPH_3D_Mohammed_2011-09-07_wip_001_thumb.jpg
images/GPH/3D Model Stills/Avatars/Mohammed Said Ahmed Diraz/Thumbnails/GPH_3D_Mohammed_2011-09-07_wip_002_thumb.jpg	images/GPH/3D Model Stills/Avatars_PDM broke all links_remove from TMS Collections/Mohammed Said Ahmed Diraz/Thumbnails_remove from TMS Collections/GPH_3D_Mohammed_2011-09-07_wip_002_thumb.jpg
images/GPH/3D Model Stills/Avatars/Mohammed Said Ahmed Diraz/Thumbnails/GPH_3D_Mohammed_2012-05-16_wip_001_thumb.jpg	images/GPH/3D Model Stills/Avatars_PDM broke all links_remove from TMS Collections/Mohammed Said Ahmed Diraz/Thumbnails_remove from TMS Collections/GPH_3D_Mohammed_2012-05-16_wip_001_thumb.jpg
images/GPH/3D Model Stills/Avatars/Mohammed Said Ahmed Diraz/Thumbnails/GPH_3D_Mohammed_2012-05-16_wip_002_thumb.jpg	images/GPH/3D Model Stills/Avatars_PDM broke all links_remove from TMS Collections/Mohammed Said Ahmed Diraz/Thumbnails_remove from TMS Collections/GPH_3D_Mohammed_2012-05-16_wip_002_thumb.jpg
images/GPH/3D Model Stills/Avatars/Mohammed Said Ahmed Diraz/Thumbnails/GPH_3D_Mohammed_2012-05-16_wip_003_thumb.jpg	images/GPH/3D Model Stills/Avatars_PDM broke all links_remove from TMS Collections/Mohammed Said Ahmed Diraz/Thumbnails_remove from TMS Collections/GPH_3D_Mohammed_2012-05-16_wip_003_thumb.jpg
images/GPH/3D Model Stills/Avatars/Mohammed Said Ahmed Diraz/Thumbnails/GPH_3D_Mohammed_2012-05-16_wip_004_thumb.jpg	images/GPH/3D Model Stills/Avatars_PDM broke all links_remove from TMS Collections/Mohammed Said Ahmed Diraz/Thumbnails_remove from TMS Collections/GPH_3D_Mohammed_2012-05-16_wip_004_thumb.jpg
images/GPH/3D Model Stills/Eastern Cemetery/G 7530-7540 /GPH_3D_G 7530-7540_2011-01-26_wip_001.jpg	images/GPH/3D Model Stills/Eastern Cemetery/G 7530-7540/GPH_3D_G 7530-7540_2011-01-26_wip_001.jpg
images/GPH/3D Model Stills/Eastern Cemetery/G 7530-7540 /GPH_3D_G 7530-7540_2011-10-25_wip_001.jpg	images/GPH/3D Model Stills/Eastern Cemetery/G 7530-7540/GPH_3D_G 7530-7540_2011-10-25_wip_001.jpg
images/GPH/3D Model Stills/Eastern Cemetery/G 7530-7540 /GPH_3D_G 7530-7540_2011-10-25_wip_002.jpg	images/GPH/3D Model Stills/Eastern Cemetery/G 7530-7540/GPH_3D_G 7530-7540_2011-10-25_wip_002.jpg
images/GPH/3D Model Stills/Eastern Cemetery/G 7530-7540 /GPH_3D_G 7530-7540_2011-11-01_wip_001.jpg	images/GPH/3D Model Stills/Eastern Cemetery/G 7530-7540/GPH_3D_G 7530-7540_2011-11-01_wip_001.jpg
images/GPH/3D Model Stills/Eastern Cemetery/G 7530-7540 /GPH_3D_G 7530-7540_2011-11-01_wip_002.jpg	images/GPH/3D Model Stills/Eastern Cemetery/G 7530-7540/GPH_3D_G 7530-7540_2011-11-01_wip_002.jpg
images/GPH/3D Model Stills/Eastern Cemetery/G 7530-7540 /GPH_3D_G 7530-7540_2011-11-01_wip_003.jpg	images/GPH/3D Model Stills/Eastern Cemetery/G 7530-7540/GPH_3D_G 7530-7540_2011-11-01_wip_003.jpg
images/GPH/3D Model Stills/Eastern Cemetery/G 7530-7540 /GPH_3D_G 7530-7540_2011-11-03_wip_001.jpg	images/GPH/3D Model Stills/Eastern Cemetery/G 7530-7540/GPH_3D_G 7530-7540_2011-11-03_wip_001.jpg
images/GPH/3D Model Stills/Eastern Cemetery/G 7530-7540 /GPH_3D_G 7530-7540_2011-11-03_wip_002.jpg	images/GPH/3D Model Stills/Eastern Cemetery/G 7530-7540/GPH_3D_G 7530-7540_2011-11-03_wip_002.jpg
images/GPH/3D Model Stills/Eastern Cemetery/G 7530-7540 /GPH_3D_G 7530-7540_2011-11-03_wip_003.jpg	images/GPH/3D Model Stills/Eastern Cemetery/G 7530-7540/GPH_3D_G 7530-7540_2011-11-03_wip_003.jpg
images/GPH/3D Model Stills/Eastern Cemetery/G 7530-7540 /GPH_3D_G 7530-7540_2011-11-03_wip_004.jpg	images/GPH/3D Model Stills/Eastern Cemetery/G 7530-7540/GPH_3D_G 7530-7540_2011-11-03_wip_004.jpg
images/GPH/3D Model Stills/Eastern Cemetery/G 7530-7540 /GPH_3D_G 7530-7540_2011-11-03_wip_005.jpg	images/GPH/3D Model Stills/Eastern Cemetery/G 7530-7540/GPH_3D_G 7530-7540_2011-11-03_wip_005.jpg
images/GPH/3D Model Stills/Eastern Cemetery/G 7530-7540 /GPH_3D_G 7530-7540_2011-11-03_wip_006.jpg	images/GPH/3D Model Stills/Eastern Cemetery/G 7530-7540/GPH_3D_G 7530-7540_2011-11-03_wip_006.jpg
images/GPH/3D Model Stills/Eastern Cemetery/G 7530-7540 /GPH_3D_G 7530-7540_2011-11-03_wip_007.jpg	images/GPH/3D Model Stills/Eastern Cemetery/G 7530-7540/GPH_3D_G 7530-7540_2011-11-03_wip_007.jpg
images/GPH/3D Model Stills/Eastern Cemetery/G 7530-7540 /GPH_3D_G 7530-7540_2011-11-03_wip_008.jpg	images/GPH/3D Model Stills/Eastern Cemetery/G 7530-7540/GPH_3D_G 7530-7540_2011-11-03_wip_008.jpg
images/GPH/3D Model Stills/Eastern Cemetery/G 7530-7540 /GPH_3D_G 7530-7540_2011-11-03_wip_009.jpg	images/GPH/3D Model Stills/Eastern Cemetery/G 7530-7540/GPH_3D_G 7530-7540_2011-11-03_wip_009.jpg
images/GPH/3D Model Stills/Eastern Cemetery/G 7530-7540 /GPH_3D_G 7530-7540_2011-11-03_wip_010.jpg	images/GPH/3D Model Stills/Eastern Cemetery/G 7530-7540/GPH_3D_G 7530-7540_2011-11-03_wip_010.jpg
images/GPH/3D Model Stills/Eastern Cemetery/G 7530-7540 /GPH_3D_G 7530-7540_2011-11-03_wip_011.jpg	images/GPH/3D Model Stills/Eastern Cemetery/G 7530-7540/GPH_3D_G 7530-7540_2011-11-03_wip_011.jpg
images/GPH/3D Model Stills/Eastern Cemetery/G 7530-7540 /GPH_3D_G 7530-7540_2011-11-04_wip_001.jpg	images/GPH/3D Model Stills/Eastern Cemetery/G 7530-7540/GPH_3D_G 7530-7540_2011-11-04_wip_001.jpg
images/GPH/3D Model Stills/Eastern Cemetery/G 7530-7540 /GPH_3D_G 7530-7540_2011-11-04_wip_002.jpg	images/GPH/3D Model Stills/Eastern Cemetery/G 7530-7540/GPH_3D_G 7530-7540_2011-11-04_wip_002.jpg
images/GPH/3D Model Stills/Eastern Cemetery/G 7530-7540 /GPH_3D_G 7530-7540_2011-11-04_wip_003.jpg	images/GPH/3D Model Stills/Eastern Cemetery/G 7530-7540/GPH_3D_G 7530-7540_2011-11-04_wip_003.jpg
images/GPH/3D Model Stills/Eastern Cemetery/G 7530-7540 /GPH_3D_G 7530-7540_2011-11-04_wip_004.jpg	images/GPH/3D Model Stills/Eastern Cemetery/G 7530-7540/GPH_3D_G 7530-7540_2011-11-04_wip_004.jpg
images/GPH/3D Model Stills/Eastern Cemetery/G 7530-7540 /GPH_3D_G 7530-7540_2011-11-04_wip_005.jpg	images/GPH/3D Model Stills/Eastern Cemetery/G 7530-7540/GPH_3D_G 7530-7540_2011-11-04_wip_005.jpg
images/GPH/3D Model Stills/Eastern Cemetery/G 7530-7540 /GPH_3D_G 7530-7540_2011-11-04_wip_006.jpg	images/GPH/3D Model Stills/Eastern Cemetery/G 7530-7540/GPH_3D_G 7530-7540_2011-11-04_wip_006.jpg
images/GPH/3D Model Stills/Eastern Cemetery/G 7530-7540 /GPH_3D_G 7530-7540_2011-11-04_wip_007.jpg	images/GPH/3D Model Stills/Eastern Cemetery/G 7530-7540/GPH_3D_G 7530-7540_2011-11-04_wip_007.jpg
images/GPH/3D Model Stills/Eastern Cemetery/G 7530-7540 /GPH_3D_G 7530-7540_2011-11-04_wip_008.jpg	images/GPH/3D Model Stills/Eastern Cemetery/G 7530-7540/GPH_3D_G 7530-7540_2011-11-04_wip_008.jpg
images/GPH/3D Model Stills/Eastern Cemetery/G 7530-7540 /GPH_3D_G 7530-7540_2011-12-19_wip_001.jpg	images/GPH/3D Model Stills/Eastern Cemetery/G 7530-7540/GPH_3D_G 7530-7540_2011-12-19_wip_001.jpg
images/GPH/3D Model Stills/Eastern Cemetery/G 7530-7540 /GPH_3D_G 7530-7540_2011-12-19_wip_002.jpg	images/GPH/3D Model Stills/Eastern Cemetery/G 7530-7540/GPH_3D_G 7530-7540_2011-12-19_wip_002.jpg
images/GPH/3D Model Stills/Eastern Cemetery/G 7530-7540 /GPH_3D_G 7530-7540_2011-12-19_wip_003.jpg	images/GPH/3D Model Stills/Eastern Cemetery/G 7530-7540/GPH_3D_G 7530-7540_2011-12-19_wip_003.jpg
images/GPH/3D Model Stills/Eastern Cemetery/G 7530-7540 /GPH_3D_G 7530-7540_2011-12-19_wip_004.jpg	images/GPH/3D Model Stills/Eastern Cemetery/G 7530-7540/GPH_3D_G 7530-7540_2011-12-19_wip_004.jpg
images/GPH/3D Model Stills/Eastern Cemetery/G 7530-7540 /GPH_3D_G 7530-7540_2011-12-19_wip_005.jpg	images/GPH/3D Model Stills/Eastern Cemetery/G 7530-7540/GPH_3D_G 7530-7540_2011-12-19_wip_005.jpg
images/GPH/3D Model Stills/Eastern Cemetery/G 7530-7540 /GPH_3D_G 7530-7540_2011-12-19_wip_006.jpg	images/GPH/3D Model Stills/Eastern Cemetery/G 7530-7540/GPH_3D_G 7530-7540_2011-12-19_wip_006.jpg
images/GPH/3D Model Stills/Eastern Cemetery/G 7530-7540 /GPH_3D_G 7530-7540_2011-12-19_wip_007.jpg	images/GPH/3D Model Stills/Eastern Cemetery/G 7530-7540/GPH_3D_G 7530-7540_2011-12-19_wip_007.jpg
images/GPH/3D Model Stills/Eastern Cemetery/G 7530-7540 /GPH_3D_G 7530-7540_2011-12-19_wip_008.jpg	images/GPH/3D Model Stills/Eastern Cemetery/G 7530-7540/GPH_3D_G 7530-7540_2011-12-19_wip_008.jpg
images/GPH/3D Model Stills/Eastern Cemetery/G 7530-7540 /GPH_3D_G 7530-7540_2012-01-03_wip_001.jpg	images/GPH/3D Model Stills/Eastern Cemetery/G 7530-7540/GPH_3D_G 7530-7540_2012-01-03_wip_001.jpg
images/GPH/3D Model Stills/Eastern Cemetery/G 7530-7540 /GPH_3D_G 7530-7540_2012-01-10_wip_001.jpg	images/GPH/3D Model Stills/Eastern Cemetery/G 7530-7540/GPH_3D_G 7530-7540_2012-01-10_wip_001.jpg
images/GPH/3D Model Stills/Eastern Cemetery/G 7530-7540 /GPH_3D_G 7530-7540_2012-01-10_wip_002.jpg	images/GPH/3D Model Stills/Eastern Cemetery/G 7530-7540/GPH_3D_G 7530-7540_2012-01-10_wip_002.jpg
images/GPH/3D Model Stills/Eastern Cemetery/G 7530-7540 /GPH_3D_G 7530-7540_2012-01-10_wip_003.jpg	images/GPH/3D Model Stills/Eastern Cemetery/G 7530-7540/GPH_3D_G 7530-7540_2012-01-10_wip_003.jpg
images/GPH/3D Model Stills/Eastern Cemetery/G 7530-7540 /GPH_3D_G 7530-7540_2012-01-10_wip_004.jpg	images/GPH/3D Model Stills/Eastern Cemetery/G 7530-7540/GPH_3D_G 7530-7540_2012-01-10_wip_004.jpg
images/GPH/3D Model Stills/Eastern Cemetery/G 7530-7540 /GPH_3D_G 7530-7540_2012-01-11_wip_001.jpg	images/GPH/3D Model Stills/Eastern Cemetery/G 7530-7540/GPH_3D_G 7530-7540_2012-01-11_wip_001.jpg
images/GPH/3D Model Stills/Eastern Cemetery/G 7530-7540 /GPH_3D_G 7530-7540_2012-01-11_wip_002.jpg	images/GPH/3D Model Stills/Eastern Cemetery/G 7530-7540/GPH_3D_G 7530-7540_2012-01-11_wip_002.jpg
images/GPH/3D Model Stills/Eastern Cemetery/G 7530-7540 /GPH_3D_G 7530-7540_2012-01-11_wip_003.jpg	images/GPH/3D Model Stills/Eastern Cemetery/G 7530-7540/GPH_3D_G 7530-7540_2012-01-11_wip_003.jpg
images/GPH/3D Model Stills/Eastern Cemetery/G 7530-7540 /GPH_3D_G 7530-7540_2012-01-11_wip_004.jpg	images/GPH/3D Model Stills/Eastern Cemetery/G 7530-7540/GPH_3D_G 7530-7540_2012-01-11_wip_004.jpg
images/GPH/3D Model Stills/Eastern Cemetery/G 7530-7540 /GPH_3D_G 7530-7540_2012-01-11_wip_005.jpg	images/GPH/3D Model Stills/Eastern Cemetery/G 7530-7540/GPH_3D_G 7530-7540_2012-01-11_wip_005.jpg
images/GPH/3D Model Stills/Eastern Cemetery/G 7530-7540 /GPH_3D_G 7530-7540_2012-01-11_wip_006.jpg	images/GPH/3D Model Stills/Eastern Cemetery/G 7530-7540/GPH_3D_G 7530-7540_2012-01-11_wip_006.jpg
images/GPH/3D Model Stills/Eastern Cemetery/G 7530-7540 /GPH_3D_G 7530-7540_2012-01-11_wip_007.jpg	images/GPH/3D Model Stills/Eastern Cemetery/G 7530-7540/GPH_3D_G 7530-7540_2012-01-11_wip_007.jpg
images/GPH/3D Model Stills/Eastern Cemetery/G 7530-7540 /GPH_3D_G 7530-7540_2012-01-11_wip_008.jpg	images/GPH/3D Model Stills/Eastern Cemetery/G 7530-7540/GPH_3D_G 7530-7540_2012-01-11_wip_008.jpg
images/GPH/3D Model Stills/Eastern Cemetery/G 7530-7540 /GPH_3D_G 7530-7540_2012-01-11_wip_009.jpg	images/GPH/3D Model Stills/Eastern Cemetery/G 7530-7540/GPH_3D_G 7530-7540_2012-01-11_wip_009.jpg
images/GPH/3D Model Stills/Eastern Cemetery/G 7530-7540 /GPH_3D_G 7530-7540_2012-01-11_wip_010.jpg	images/GPH/3D Model Stills/Eastern Cemetery/G 7530-7540/GPH_3D_G 7530-7540_2012-01-11_wip_010.jpg
images/GPH/3D Model Stills/Eastern Cemetery/G 7530-7540 /GPH_3D_G 7530-7540_2012-01-11_wip_011.jpg	images/GPH/3D Model Stills/Eastern Cemetery/G 7530-7540/GPH_3D_G 7530-7540_2012-01-11_wip_011.jpg
images/GPH/3D Model Stills/Eastern Cemetery/G 7530-7540 /GPH_3D_G 7530-7540_2012-01-11_wip_012.jpg	images/GPH/3D Model Stills/Eastern Cemetery/G 7530-7540/GPH_3D_G 7530-7540_2012-01-11_wip_012.jpg
images/GPH/3D Model Stills/Eastern Cemetery/G 7530-7540 /GPH_3D_G 7530-7540_2012-01-11_wip_013.jpg	images/GPH/3D Model Stills/Eastern Cemetery/G 7530-7540/GPH_3D_G 7530-7540_2012-01-11_wip_013.jpg
images/GPH/3D Model Stills/Eastern Cemetery/G 7530-7540 /GPH_3D_G 7530-7540_2012-01-12_wip_001.jpg	images/GPH/3D Model Stills/Eastern Cemetery/G 7530-7540/GPH_3D_G 7530-7540_2012-01-12_wip_001.jpg
images/GPH/3D Model Stills/Eastern Cemetery/G 7530-7540 /GPH_3D_G 7530-7540_2012-01-12_wip_002.jpg	images/GPH/3D Model Stills/Eastern Cemetery/G 7530-7540/GPH_3D_G 7530-7540_2012-01-12_wip_002.jpg
images/GPH/3D Model Stills/Eastern Cemetery/G 7530-7540 /GPH_3D_G 7530-7540_2012-01-12_wip_003.jpg	images/GPH/3D Model Stills/Eastern Cemetery/G 7530-7540/GPH_3D_G 7530-7540_2012-01-12_wip_003.jpg
images/GPH/3D Model Stills/Eastern Cemetery/G 7530-7540 /GPH_3D_G 7530-7540_2012-01-12_wip_004.jpg	images/GPH/3D Model Stills/Eastern Cemetery/G 7530-7540/GPH_3D_G 7530-7540_2012-01-12_wip_004.jpg
images/GPH/3D Model Stills/Eastern Cemetery/G 7530-7540 /GPH_3D_G 7530-7540_2012-01-12_wip_005.jpg	images/GPH/3D Model Stills/Eastern Cemetery/G 7530-7540/GPH_3D_G 7530-7540_2012-01-12_wip_005.jpg
images/GPH/3D Model Stills/Eastern Cemetery/G 7530-7540 /GPH_3D_G 7530-7540_2012-01-12_wip_006.jpg	images/GPH/3D Model Stills/Eastern Cemetery/G 7530-7540/GPH_3D_G 7530-7540_2012-01-12_wip_006.jpg
images/GPH/3D Model Stills/Eastern Cemetery/G 7530-7540 /GPH_3D_G 7530-7540_2012-01-12_wip_007.jpg	images/GPH/3D Model Stills/Eastern Cemetery/G 7530-7540/GPH_3D_G 7530-7540_2012-01-12_wip_007.jpg
images/GPH/3D Model Stills/Eastern Cemetery/G 7530-7540 /GPH_3D_G 7530-7540_2012-01-12_wip_008.jpg	images/GPH/3D Model Stills/Eastern Cemetery/G 7530-7540/GPH_3D_G 7530-7540_2012-01-12_wip_008.jpg
images/GPH/3D Model Stills/Eastern Cemetery/G 7530-7540 /GPH_3D_G 7530-7540_2012-01-12_wip_009.jpg	images/GPH/3D Model Stills/Eastern Cemetery/G 7530-7540/GPH_3D_G 7530-7540_2012-01-12_wip_009.jpg
images/GPH/3D Model Stills/Eastern Cemetery/G 7530-7540 /GPH_3D_G 7530-7540_2012-01-12_wip_010.jpg	images/GPH/3D Model Stills/Eastern Cemetery/G 7530-7540/GPH_3D_G 7530-7540_2012-01-12_wip_010.jpg
images/GPH/3D Model Stills/Eastern Cemetery/G 7530-7540 /GPH_3D_G 7530-7540_2012-01-12_wip_011.jpg	images/GPH/3D Model Stills/Eastern Cemetery/G 7530-7540/GPH_3D_G 7530-7540_2012-01-12_wip_011.jpg
images/GPH/3D Model Stills/Eastern Cemetery/G 7530-7540 /GPH_3D_G 7530-7540_2012-01-17_wip_001.jpg	images/GPH/3D Model Stills/Eastern Cemetery/G 7530-7540/GPH_3D_G 7530-7540_2012-01-17_wip_001.jpg
images/GPH/3D Model Stills/Eastern Cemetery/G 7530-7540 /GPH_3D_G 7530-7540_2012-01-17_wip_002.jpg	images/GPH/3D Model Stills/Eastern Cemetery/G 7530-7540/GPH_3D_G 7530-7540_2012-01-17_wip_002.jpg
images/GPH/3D Model Stills/Eastern Cemetery/G 7530-7540 /GPH_3D_G 7530-7540_2012-01-17_wip_003.jpg	images/GPH/3D Model Stills/Eastern Cemetery/G 7530-7540/GPH_3D_G 7530-7540_2012-01-17_wip_003.jpg
images/GPH/3D Model Stills/Eastern Cemetery/G 7530-7540 /GPH_3D_G 7530-7540_2012-01-17_wip_004.jpg	images/GPH/3D Model Stills/Eastern Cemetery/G 7530-7540/GPH_3D_G 7530-7540_2012-01-17_wip_004.jpg
images/GPH/3D Model Stills/Eastern Cemetery/G 7530-7540 /GPH_3D_G 7530-7540_2012-01-17_wip_005.jpg	images/GPH/3D Model Stills/Eastern Cemetery/G 7530-7540/GPH_3D_G 7530-7540_2012-01-17_wip_005.jpg
images/GPH/3D Model Stills/Eastern Cemetery/G 7530-7540 /GPH_3D_G 7530-7540_2012-01-17_wip_006.jpg	images/GPH/3D Model Stills/Eastern Cemetery/G 7530-7540/GPH_3D_G 7530-7540_2012-01-17_wip_006.jpg
images/GPH/3D Model Stills/Eastern Cemetery/G 7530-7540 /GPH_3D_G 7530-7540_2012-01-20_wip_001.jpg	images/GPH/3D Model Stills/Eastern Cemetery/G 7530-7540/GPH_3D_G 7530-7540_2012-01-20_wip_001.jpg
images/GPH/3D Model Stills/Eastern Cemetery/G 7530-7540 /GPH_3D_G 7530-7540_2012-01-20_wip_002.jpg	images/GPH/3D Model Stills/Eastern Cemetery/G 7530-7540/GPH_3D_G 7530-7540_2012-01-20_wip_002.jpg
images/GPH/3D Model Stills/Eastern Cemetery/G 7530-7540 /GPH_3D_G 7530-7540_2012-01-20_wip_003.jpg	images/GPH/3D Model Stills/Eastern Cemetery/G 7530-7540/GPH_3D_G 7530-7540_2012-01-20_wip_003.jpg
images/GPH/3D Model Stills/Eastern Cemetery/G 7530-7540 /GPH_3D_G 7530-7540_2012-01-20_wip_004.jpg	images/GPH/3D Model Stills/Eastern Cemetery/G 7530-7540/GPH_3D_G 7530-7540_2012-01-20_wip_004.jpg
images/GPH/3D Model Stills/Eastern Cemetery/G 7530-7540 /GPH_3D_G 7530-7540_2012-01-26_wip_001.jpg	images/GPH/3D Model Stills/Eastern Cemetery/G 7530-7540/GPH_3D_G 7530-7540_2012-01-26_wip_001.jpg
images/GPH/3D Model Stills/Eastern Cemetery/G 7530-7540 /GPH_3D_G 7530-7540_2012-01-26_wip_002.jpg	images/GPH/3D Model Stills/Eastern Cemetery/G 7530-7540/GPH_3D_G 7530-7540_2012-01-26_wip_002.jpg
images/GPH/3D Model Stills/Eastern Cemetery/G 7530-7540 /GPH_3D_G 7530-7540_2012-01-26_wip_003.jpg	images/GPH/3D Model Stills/Eastern Cemetery/G 7530-7540/GPH_3D_G 7530-7540_2012-01-26_wip_003.jpg
images/GPH/3D Model Stills/Eastern Cemetery/G 7530-7540 /GPH_3D_G 7530-7540_2012-01-26_wip_004.jpg	images/GPH/3D Model Stills/Eastern Cemetery/G 7530-7540/GPH_3D_G 7530-7540_2012-01-26_wip_004.jpg
images/GPH/3D Model Stills/Eastern Cemetery/G 7530-7540 /GPH_3D_G 7530-7540_2012-01-26_wip_005.jpg	images/GPH/3D Model Stills/Eastern Cemetery/G 7530-7540/GPH_3D_G 7530-7540_2012-01-26_wip_005.jpg
images/GPH/3D Model Stills/Eastern Cemetery/G 7530-7540 /GPH_3D_G 7530-7540_2012-01-26_wip_006.jpg	images/GPH/3D Model Stills/Eastern Cemetery/G 7530-7540/GPH_3D_G 7530-7540_2012-01-26_wip_006.jpg
images/GPH/3D Model Stills/Eastern Cemetery/G 7530-7540 /GPH_3D_G 7530-7540_2012-01-26_wip_007.jpg	images/GPH/3D Model Stills/Eastern Cemetery/G 7530-7540/GPH_3D_G 7530-7540_2012-01-26_wip_007.jpg
images/GPH/3D Model Stills/Eastern Cemetery/G 7530-7540 /GPH_3D_G 7530-7540_2012-01-26_wip_008.jpg	images/GPH/3D Model Stills/Eastern Cemetery/G 7530-7540/GPH_3D_G 7530-7540_2012-01-26_wip_008.jpg
images/GPH/3D Model Stills/Eastern Cemetery/G 7530-7540 /GPH_3D_G 7530-7540_2012-01-26_wip_009.jpg	images/GPH/3D Model Stills/Eastern Cemetery/G 7530-7540/GPH_3D_G 7530-7540_2012-01-26_wip_009.jpg
images/GPH/3D Model Stills/Eastern Cemetery/G 7530-7540 /GPH_3D_G 7530-7540_2012-01-26_wip_010.jpg	images/GPH/3D Model Stills/Eastern Cemetery/G 7530-7540/GPH_3D_G 7530-7540_2012-01-26_wip_010.jpg
images/GPH/3D Model Stills/Eastern Cemetery/G 7530-7540 /GPH_3D_G 7530-7540_2012-01-26_wip_011.jpg	images/GPH/3D Model Stills/Eastern Cemetery/G 7530-7540/GPH_3D_G 7530-7540_2012-01-26_wip_011.jpg
images/GPH/3D Model Stills/Eastern Cemetery/G 7530-7540 /GPH_3D_G 7530-7540_2012-01-26_wip_012.jpg	images/GPH/3D Model Stills/Eastern Cemetery/G 7530-7540/GPH_3D_G 7530-7540_2012-01-26_wip_012.jpg
images/GPH/3D Model Stills/Eastern Cemetery/G 7530-7540 /GPH_3D_G 7530-7540_2012-01-26_wip_013.jpg	images/GPH/3D Model Stills/Eastern Cemetery/G 7530-7540/GPH_3D_G 7530-7540_2012-01-26_wip_013.jpg
images/GPH/3D Model Stills/Eastern Cemetery/G 7530-7540 /GPH_3D_G 7530-7540_2012-01-26_wip_014.jpg	images/GPH/3D Model Stills/Eastern Cemetery/G 7530-7540/GPH_3D_G 7530-7540_2012-01-26_wip_014.jpg
images/GPH/3D Model Stills/Eastern Cemetery/G 7530-7540 /GPH_3D_G 7530-7540_2012-01-26_wip_015.jpg	images/GPH/3D Model Stills/Eastern Cemetery/G 7530-7540/GPH_3D_G 7530-7540_2012-01-26_wip_015.jpg
images/GPH/3D Model Stills/Eastern Cemetery/G 7530-7540 /GPH_3D_G 7530-7540_2012-01-27_wip_001.jpg	images/GPH/3D Model Stills/Eastern Cemetery/G 7530-7540/GPH_3D_G 7530-7540_2012-01-27_wip_001.jpg
images/GPH/3D Model Stills/Eastern Cemetery/G 7530-7540 /GPH_3D_G 7530-7540_2012-01-27_wip_002.jpg	images/GPH/3D Model Stills/Eastern Cemetery/G 7530-7540/GPH_3D_G 7530-7540_2012-01-27_wip_002.jpg
images/GPH/3D Model Stills/Eastern Cemetery/G 7530-7540 /GPH_3D_G 7530-7540_2012-01-31_wip_001.jpg	images/GPH/3D Model Stills/Eastern Cemetery/G 7530-7540/GPH_3D_G 7530-7540_2012-01-31_wip_001.jpg
images/GPH/3D Model Stills/Eastern Cemetery/G 7530-7540 /GPH_3D_G 7530-7540_2012-01-31_wip_002.jpg	images/GPH/3D Model Stills/Eastern Cemetery/G 7530-7540/GPH_3D_G 7530-7540_2012-01-31_wip_002.jpg
images/GPH/3D Model Stills/Eastern Cemetery/G 7530-7540 /GPH_3D_G 7530-7540_2012-01-31_wip_003.jpg	images/GPH/3D Model Stills/Eastern Cemetery/G 7530-7540/GPH_3D_G 7530-7540_2012-01-31_wip_003.jpg
images/GPH/3D Model Stills/Eastern Cemetery/G 7530-7540 /GPH_3D_G 7530-7540_2012-01-31_wip_004.jpg	images/GPH/3D Model Stills/Eastern Cemetery/G 7530-7540/GPH_3D_G 7530-7540_2012-01-31_wip_004.jpg
images/GPH/3D Model Stills/Eastern Cemetery/G 7530-7540 /GPH_3D_G 7530-7540_2012-01-31_wip_005.jpg	images/GPH/3D Model Stills/Eastern Cemetery/G 7530-7540/GPH_3D_G 7530-7540_2012-01-31_wip_005.jpg
images/GPH/3D Model Stills/Eastern Cemetery/G 7530-7540 /GPH_3D_G 7530-7540_2012-02-01-wip_001.jpg	images/GPH/3D Model Stills/Eastern Cemetery/G 7530-7540/GPH_3D_G 7530-7540_2012-02-01-wip_001.jpg
images/GPH/3D Model Stills/Eastern Cemetery/G 7530-7540 /GPH_3D_G 7530-7540_2012-02-01-wip_002.jpg	images/GPH/3D Model Stills/Eastern Cemetery/G 7530-7540/GPH_3D_G 7530-7540_2012-02-01-wip_002.jpg
images/GPH/3D Model Stills/Eastern Cemetery/G 7530-7540 /GPH_3D_G 7530-7540_2012-02-01-wip_003.jpg	images/GPH/3D Model Stills/Eastern Cemetery/G 7530-7540/GPH_3D_G 7530-7540_2012-02-01-wip_003.jpg
images/GPH/3D Model Stills/Eastern Cemetery/G 7530-7540 /GPH_3D_G 7530-7540_2012-02-01-wip_004.jpg	images/GPH/3D Model Stills/Eastern Cemetery/G 7530-7540/GPH_3D_G 7530-7540_2012-02-01-wip_004.jpg
images/GPH/3D Model Stills/Eastern Cemetery/G 7530-7540 /GPH_3D_G 7530-7540_2012-02-01-wip_005.jpg	images/GPH/3D Model Stills/Eastern Cemetery/G 7530-7540/GPH_3D_G 7530-7540_2012-02-01-wip_005.jpg
images/GPH/3D Model Stills/Eastern Cemetery/G 7530-7540 /GPH_3D_G 7530-7540_2012-02-01-wip_006.jpg	images/GPH/3D Model Stills/Eastern Cemetery/G 7530-7540/GPH_3D_G 7530-7540_2012-02-01-wip_006.jpg
images/GPH/3D Model Stills/Eastern Cemetery/G 7530-7540 /GPH_3D_G 7530-7540_2012-02-08_wip_001.jpg	images/GPH/3D Model Stills/Eastern Cemetery/G 7530-7540/GPH_3D_G 7530-7540_2012-02-08_wip_001.jpg
images/GPH/3D Model Stills/Eastern Cemetery/G 7530-7540 /GPH_3D_G 7530-7540_2012-02-08_wip_002.jpg	images/GPH/3D Model Stills/Eastern Cemetery/G 7530-7540/GPH_3D_G 7530-7540_2012-02-08_wip_002.jpg
images/GPH/3D Model Stills/Eastern Cemetery/G 7530-7540 /GPH_3D_G 7530-7540_2012-02-08_wip_003.jpg	images/GPH/3D Model Stills/Eastern Cemetery/G 7530-7540/GPH_3D_G 7530-7540_2012-02-08_wip_003.jpg
images/GPH/3D Model Stills/Eastern Cemetery/G 7530-7540 /GPH_3D_G 7530-7540_2012-02-08_wip_004.jpg	images/GPH/3D Model Stills/Eastern Cemetery/G 7530-7540/GPH_3D_G 7530-7540_2012-02-08_wip_004.jpg
images/GPH/3D Model Stills/Eastern Cemetery/G 7530-7540 /GPH_3D_G 7530-7540_2012-02-08_wip_005.jpg	images/GPH/3D Model Stills/Eastern Cemetery/G 7530-7540/GPH_3D_G 7530-7540_2012-02-08_wip_005.jpg
images/GPH/3D Model Stills/Eastern Cemetery/G 7530-7540 /GPH_3D_G 7530-7540_2012-02-08_wip_006.jpg	images/GPH/3D Model Stills/Eastern Cemetery/G 7530-7540/GPH_3D_G 7530-7540_2012-02-08_wip_006.jpg
images/GPH/3D Model Stills/Eastern Cemetery/G 7530-7540 /GPH_3D_G 7530-7540_2012-02-08_wip_007.jpg	images/GPH/3D Model Stills/Eastern Cemetery/G 7530-7540/GPH_3D_G 7530-7540_2012-02-08_wip_007.jpg
images/GPH/3D Model Stills/Eastern Cemetery/G 7530-7540 /GPH_3D_G 7530-7540_2012-02-08_wip_008.jpg	images/GPH/3D Model Stills/Eastern Cemetery/G 7530-7540/GPH_3D_G 7530-7540_2012-02-08_wip_008.jpg
images/GPH/3D Model Stills/Eastern Cemetery/G 7530-7540 /GPH_3D_G 7530-7540_2012-02-08_wip_009.jpg	images/GPH/3D Model Stills/Eastern Cemetery/G 7530-7540/GPH_3D_G 7530-7540_2012-02-08_wip_009.jpg
images/GPH/3D Model Stills/Eastern Cemetery/G 7530-7540 /GPH_3D_G 7530-7540_2012-02-08_wip_010.jpg	images/GPH/3D Model Stills/Eastern Cemetery/G 7530-7540/GPH_3D_G 7530-7540_2012-02-08_wip_010.jpg
images/GPH/3D Model Stills/Eastern Cemetery/G 7530-7540 /GPH_3D_G 7530-7540_2012-02-08_wip_011.jpg	images/GPH/3D Model Stills/Eastern Cemetery/G 7530-7540/GPH_3D_G 7530-7540_2012-02-08_wip_011.jpg
images/GPH/3D Model Stills/Eastern Cemetery/G 7530-7540 /GPH_3D_G 7530-7540_2012-02-08_wip_012.jpg	images/GPH/3D Model Stills/Eastern Cemetery/G 7530-7540/GPH_3D_G 7530-7540_2012-02-08_wip_012.jpg
images/GPH/3D Model Stills/Eastern Cemetery/G 7530-7540 /GPH_3D_G 7530-7540_2012-03-14_wip_001.jpg	images/GPH/3D Model Stills/Eastern Cemetery/G 7530-7540/GPH_3D_G 7530-7540_2012-03-14_wip_001.jpg
images/GPH/3D Model Stills/Eastern Cemetery/G 7530-7540 /GPH_3D_G 7530-7540_2012-03-14_wip_002.jpg	images/GPH/3D Model Stills/Eastern Cemetery/G 7530-7540/GPH_3D_G 7530-7540_2012-03-14_wip_002.jpg
images/GPH/3D Model Stills/Eastern Cemetery/G 7530-7540 /GPH_3D_G 7530-7540_2012-03-14_wip_003.jpg	images/GPH/3D Model Stills/Eastern Cemetery/G 7530-7540/GPH_3D_G 7530-7540_2012-03-14_wip_003.jpg
images/GPH/3D Model Stills/Eastern Cemetery/G 7530-7540 /GPH_3D_G 7530-7540_2012-03-14_wip_004.jpg	images/GPH/3D Model Stills/Eastern Cemetery/G 7530-7540/GPH_3D_G 7530-7540_2012-03-14_wip_004.jpg
images/GPH/3D Model Stills/Eastern Cemetery/G 7530-7540 /GPH_3D_G 7530-7540_2012-03-14_wip_005.jpg	images/GPH/3D Model Stills/Eastern Cemetery/G 7530-7540/GPH_3D_G 7530-7540_2012-03-14_wip_005.jpg
images/GPH/3D Model Stills/Eastern Cemetery/G 7530-7540 /GPH_3D_G 7530-7540_2012-03-14_wip_006.jpg	images/GPH/3D Model Stills/Eastern Cemetery/G 7530-7540/GPH_3D_G 7530-7540_2012-03-14_wip_006.jpg
images/GPH/3D Model Stills/Eastern Cemetery/G 7530-7540 /GPH_3D_G 7530-7540_2012-03-14_wip_007.jpg	images/GPH/3D Model Stills/Eastern Cemetery/G 7530-7540/GPH_3D_G 7530-7540_2012-03-14_wip_007.jpg
images/GPH/3D Model Stills/Eastern Cemetery/G 7530-7540 /GPH_3D_G 7530-7540_2012-03-14_wip_008.jpg	images/GPH/3D Model Stills/Eastern Cemetery/G 7530-7540/GPH_3D_G 7530-7540_2012-03-14_wip_008.jpg
images/GPH/3D Model Stills/Eastern Cemetery/G 7530-7540 /GPH_3D_G 7530-7540_2012-03-14_wip_009.jpg	images/GPH/3D Model Stills/Eastern Cemetery/G 7530-7540/GPH_3D_G 7530-7540_2012-03-14_wip_009.jpg
images/GPH/3D Model Stills/Eastern Cemetery/G 7530-7540 /GPH_3D_G 7530-7540_2012-03-14_wip_010.jpg	images/GPH/3D Model Stills/Eastern Cemetery/G 7530-7540/GPH_3D_G 7530-7540_2012-03-14_wip_010.jpg
images/GPH/3D Model Stills/Eastern Cemetery/G 7530-7540 /GPH_3D_G 7530-7540_2012-03-14_wip_011.jpg	images/GPH/3D Model Stills/Eastern Cemetery/G 7530-7540/GPH_3D_G 7530-7540_2012-03-14_wip_011.jpg
images/GPH/3D Model Stills/Eastern Cemetery/G 7530-7540 /GPH_3D_G 7530-7540_2012-03-14_wip_012.jpg	images/GPH/3D Model Stills/Eastern Cemetery/G 7530-7540/GPH_3D_G 7530-7540_2012-03-14_wip_012.jpg
images/GPH/3D Model Stills/Eastern Cemetery/G 7530-7540 /GPH_3D_G 7530-7540_2012-03-14_wip_013.jpg	images/GPH/3D Model Stills/Eastern Cemetery/G 7530-7540/GPH_3D_G 7530-7540_2012-03-14_wip_013.jpg
images/GPH/3D Model Stills/Eastern Cemetery/G 7530-7540 /GPH_3D_G 7530-7540_2012-03-16_wip_001.jpg	images/GPH/3D Model Stills/Eastern Cemetery/G 7530-7540/GPH_3D_G 7530-7540_2012-03-16_wip_001.jpg
images/GPH/3D Model Stills/Eastern Cemetery/G 7530-7540 /GPH_3D_G 7530-7540_2012-03-16_wip_002.jpg	images/GPH/3D Model Stills/Eastern Cemetery/G 7530-7540/GPH_3D_G 7530-7540_2012-03-16_wip_002.jpg
images/GPH/3D Model Stills/Eastern Cemetery/G 7530-7540 /GPH_3D_G 7530-7540_2012-03-16_wip_003.jpg	images/GPH/3D Model Stills/Eastern Cemetery/G 7530-7540/GPH_3D_G 7530-7540_2012-03-16_wip_003.jpg
images/GPH/3D Model Stills/Eastern Cemetery/G 7530-7540 /GPH_3D_G 7530-7540_2012-03-16_wip_004.jpg	images/GPH/3D Model Stills/Eastern Cemetery/G 7530-7540/GPH_3D_G 7530-7540_2012-03-16_wip_004.jpg
images/GPH/3D Model Stills/Eastern Cemetery/G 7530-7540 /GPH_3D_G 7530-7540_2012-04-02_wip_001.jpg	images/GPH/3D Model Stills/Eastern Cemetery/G 7530-7540/GPH_3D_G 7530-7540_2012-04-02_wip_001.jpg
images/GPH/3D Model Stills/Eastern Cemetery/G 7530-7540 /GPH_3D_G 7530-7540_2012-04-02_wip_002.jpg	images/GPH/3D Model Stills/Eastern Cemetery/G 7530-7540/GPH_3D_G 7530-7540_2012-04-02_wip_002.jpg
images/GPH/3D Model Stills/Eastern Cemetery/G 7530-7540 /GPH_3D_G 7530-7540_2012-04-02_wip_003.jpg	images/GPH/3D Model Stills/Eastern Cemetery/G 7530-7540/GPH_3D_G 7530-7540_2012-04-02_wip_003.jpg
images/GPH/3D Model Stills/Eastern Cemetery/G 7530-7540 /GPH_3D_G 7530-7540_2012-04-02_wip_004.jpg	images/GPH/3D Model Stills/Eastern Cemetery/G 7530-7540/GPH_3D_G 7530-7540_2012-04-02_wip_004.jpg
images/GPH/3D Model Stills/Eastern Cemetery/G 7530-7540 /GPH_3D_G 7530-7540_2012-04-02_wip_005.jpg	images/GPH/3D Model Stills/Eastern Cemetery/G 7530-7540/GPH_3D_G 7530-7540_2012-04-02_wip_005.jpg
images/GPH/3D Model Stills/Eastern Cemetery/G 7530-7540 /GPH_3D_G 7530-7540_2012-04-02_wip_006.jpg	images/GPH/3D Model Stills/Eastern Cemetery/G 7530-7540/GPH_3D_G 7530-7540_2012-04-02_wip_006.jpg
images/GPH/3D Model Stills/Eastern Cemetery/G 7530-7540 /GPH_3D_G 7530-7540_2012-04-02_wip_007.jpg	images/GPH/3D Model Stills/Eastern Cemetery/G 7530-7540/GPH_3D_G 7530-7540_2012-04-02_wip_007.jpg
images/GPH/3D Model Stills/Eastern Cemetery/G 7530-7540 /GPH_3D_G 7530-7540_2012-04-02_wip_008.jpg	images/GPH/3D Model Stills/Eastern Cemetery/G 7530-7540/GPH_3D_G 7530-7540_2012-04-02_wip_008.jpg
images/GPH/3D Model Stills/Eastern Cemetery/G 7530-7540 /GPH_3D_G 7530-7540_2012-04-02_wip_009.jpg	images/GPH/3D Model Stills/Eastern Cemetery/G 7530-7540/GPH_3D_G 7530-7540_2012-04-02_wip_009.jpg
images/GPH/3D Model Stills/Eastern Cemetery/G 7530-7540 /GPH_3D_G 7530-7540_2012-04-02_wip_010.jpg	images/GPH/3D Model Stills/Eastern Cemetery/G 7530-7540/GPH_3D_G 7530-7540_2012-04-02_wip_010.jpg
images/GPH/3D Model Stills/Eastern Cemetery/G 7530-7540 /GPH_3D_G 7530-7540_2012-04-02_wip_011.jpg	images/GPH/3D Model Stills/Eastern Cemetery/G 7530-7540/GPH_3D_G 7530-7540_2012-04-02_wip_011.jpg
images/GPH/3D Model Stills/Eastern Cemetery/G 7530-7540 /GPH_3D_G 7530-7540_2012-04-02_wip_012.jpg	images/GPH/3D Model Stills/Eastern Cemetery/G 7530-7540/GPH_3D_G 7530-7540_2012-04-02_wip_012.jpg
images/GPH/3D Model Stills/Eastern Cemetery/G 7530-7540 /GPH_3D_G 7530-7540_2012-04-02_wip_013.jpg	images/GPH/3D Model Stills/Eastern Cemetery/G 7530-7540/GPH_3D_G 7530-7540_2012-04-02_wip_013.jpg
images/GPH/3D Model Stills/Eastern Cemetery/G 7530-7540 /GPH_3D_G 7530-7540_2012-04-02_wip_014.jpg	images/GPH/3D Model Stills/Eastern Cemetery/G 7530-7540/GPH_3D_G 7530-7540_2012-04-02_wip_014.jpg
images/GPH/3D Model Stills/Eastern Cemetery/G 7530-7540 /GPH_3D_G 7530-7540_2012-04-02_wip_015.jpg	images/GPH/3D Model Stills/Eastern Cemetery/G 7530-7540/GPH_3D_G 7530-7540_2012-04-02_wip_015.jpg
images/GPH/3D Model Stills/Eastern Cemetery/G 7530-7540 /GPH_3D_G 7530-7540_2012-04-04_wip_001.jpg	images/GPH/3D Model Stills/Eastern Cemetery/G 7530-7540/GPH_3D_G 7530-7540_2012-04-04_wip_001.jpg
images/GPH/3D Model Stills/Eastern Cemetery/G 7530-7540 /GPH_3D_G 7530-7540_2012-04-04_wip_002.jpg	images/GPH/3D Model Stills/Eastern Cemetery/G 7530-7540/GPH_3D_G 7530-7540_2012-04-04_wip_002.jpg
images/GPH/3D Model Stills/Eastern Cemetery/G 7530-7540 /GPH_3D_G 7530-7540_2012-04-04_wip_003.jpg	images/GPH/3D Model Stills/Eastern Cemetery/G 7530-7540/GPH_3D_G 7530-7540_2012-04-04_wip_003.jpg
images/GPH/3D Model Stills/Eastern Cemetery/G 7530-7540 /GPH_3D_G 7530-7540_2012-04-04_wip_004.jpg	images/GPH/3D Model Stills/Eastern Cemetery/G 7530-7540/GPH_3D_G 7530-7540_2012-04-04_wip_004.jpg
images/GPH/3D Model Stills/Eastern Cemetery/G 7530-7540 /GPH_3D_G 7530-7540_2012-04-04_wip_005.jpg	images/GPH/3D Model Stills/Eastern Cemetery/G 7530-7540/GPH_3D_G 7530-7540_2012-04-04_wip_005.jpg
images/GPH/3D Model Stills/Eastern Cemetery/G 7530-7540 /GPH_3D_G 7530-7540_2012-04-09_wip_001.jpg	images/GPH/3D Model Stills/Eastern Cemetery/G 7530-7540/GPH_3D_G 7530-7540_2012-04-09_wip_001.jpg
images/GPH/3D Model Stills/Eastern Cemetery/G 7530-7540 /GPH_3D_G 7530-7540_2012-04-09_wip_002.jpg	images/GPH/3D Model Stills/Eastern Cemetery/G 7530-7540/GPH_3D_G 7530-7540_2012-04-09_wip_002.jpg
images/GPH/3D Model Stills/Eastern Cemetery/G 7530-7540 /GPH_3D_G 7530-7540_2012-04-09_wip_003.jpg	images/GPH/3D Model Stills/Eastern Cemetery/G 7530-7540/GPH_3D_G 7530-7540_2012-04-09_wip_003.jpg
images/GPH/3D Model Stills/Eastern Cemetery/G 7530-7540 /GPH_3D_G 7530-7540_2012-04-10_wip_001.jpg	images/GPH/3D Model Stills/Eastern Cemetery/G 7530-7540/GPH_3D_G 7530-7540_2012-04-10_wip_001.jpg
images/GPH/3D Model Stills/Eastern Cemetery/G 7530-7540 /GPH_3D_G 7530-7540_2012-04-10_wip_002.jpg	images/GPH/3D Model Stills/Eastern Cemetery/G 7530-7540/GPH_3D_G 7530-7540_2012-04-10_wip_002.jpg
images/GPH/3D Model Stills/Eastern Cemetery/G 7530-7540 /GPH_3D_G 7530-7540_2012-04-10_wip_003.jpg	images/GPH/3D Model Stills/Eastern Cemetery/G 7530-7540/GPH_3D_G 7530-7540_2012-04-10_wip_003.jpg
images/GPH/3D Model Stills/Eastern Cemetery/G 7530-7540 /GPH_3D_G 7530-7540_2012-04-10_wip_004.jpg	images/GPH/3D Model Stills/Eastern Cemetery/G 7530-7540/GPH_3D_G 7530-7540_2012-04-10_wip_004.jpg
images/GPH/3D Model Stills/Eastern Cemetery/G 7530-7540 /GPH_3D_G 7530-7540_2012-04-10_wip_005.jpg	images/GPH/3D Model Stills/Eastern Cemetery/G 7530-7540/GPH_3D_G 7530-7540_2012-04-10_wip_005.jpg
images/GPH/3D Model Stills/Eastern Cemetery/G 7530-7540 /GPH_3D_G 7530-7540_2012-04-12_wip_001.jpg	images/GPH/3D Model Stills/Eastern Cemetery/G 7530-7540/GPH_3D_G 7530-7540_2012-04-12_wip_001.jpg
images/GPH/3D Model Stills/Eastern Cemetery/G 7530-7540 /GPH_3D_G 7530-7540_2012-04-13-wip_004.jpg	images/GPH/3D Model Stills/Eastern Cemetery/G 7530-7540/GPH_3D_G 7530-7540_2012-04-13-wip_004.jpg
images/GPH/3D Model Stills/Eastern Cemetery/G 7530-7540 /GPH_3D_G 7530-7540_2012-04-13_wip_001.jpg	images/GPH/3D Model Stills/Eastern Cemetery/G 7530-7540/GPH_3D_G 7530-7540_2012-04-13_wip_001.jpg
images/GPH/3D Model Stills/Eastern Cemetery/G 7530-7540 /GPH_3D_G 7530-7540_2012-04-13_wip_002.jpg	images/GPH/3D Model Stills/Eastern Cemetery/G 7530-7540/GPH_3D_G 7530-7540_2012-04-13_wip_002.jpg
images/GPH/3D Model Stills/Eastern Cemetery/G 7530-7540 /GPH_3D_G 7530-7540_2012-04-13_wip_003.jpg	images/GPH/3D Model Stills/Eastern Cemetery/G 7530-7540/GPH_3D_G 7530-7540_2012-04-13_wip_003.jpg
images/GPH/3D Model Stills/Eastern Cemetery/G 7530-7540 /GPH_3D_G 7530-7540_2012-04-13_wip_004.jpg	images/GPH/3D Model Stills/Eastern Cemetery/G 7530-7540/GPH_3D_G 7530-7540_2012-04-13_wip_004.jpg
images/GPH/3D Model Stills/Eastern Cemetery/G 7530-7540 /GPH_3D_G 7530-7540_2012-04-13_wip_005.jpg	images/GPH/3D Model Stills/Eastern Cemetery/G 7530-7540/GPH_3D_G 7530-7540_2012-04-13_wip_005.jpg
images/GPH/3D Model Stills/Eastern Cemetery/G 7530-7540 /GPH_3D_G 7530-7540_2012-04-15_wip_001.jpg	images/GPH/3D Model Stills/Eastern Cemetery/G 7530-7540/GPH_3D_G 7530-7540_2012-04-15_wip_001.jpg
images/GPH/3D Model Stills/Eastern Cemetery/G 7530-7540 /GPH_3D_G 7530-7540_2012-04-15_wip_002.jpg	images/GPH/3D Model Stills/Eastern Cemetery/G 7530-7540/GPH_3D_G 7530-7540_2012-04-15_wip_002.jpg
images/GPH/3D Model Stills/Eastern Cemetery/G 7530-7540 /GPH_3D_G 7530-7540_2012-04-15_wip_003.jpg	images/GPH/3D Model Stills/Eastern Cemetery/G 7530-7540/GPH_3D_G 7530-7540_2012-04-15_wip_003.jpg
images/GPH/3D Model Stills/Eastern Cemetery/G 7530-7540 /GPH_3D_G 7530-7540_2012-04-15_wip_004.jpg	images/GPH/3D Model Stills/Eastern Cemetery/G 7530-7540/GPH_3D_G 7530-7540_2012-04-15_wip_004.jpg
images/GPH/3D Model Stills/Eastern Cemetery/G 7530-7540 /GPH_3D_G 7530-7540_2012-04-15_wip_005.jpg	images/GPH/3D Model Stills/Eastern Cemetery/G 7530-7540/GPH_3D_G 7530-7540_2012-04-15_wip_005.jpg
images/GPH/3D Model Stills/Eastern Cemetery/G 7530-7540 /GPH_3D_G 7530-7540_2012-04-15_wip_006.jpg	images/GPH/3D Model Stills/Eastern Cemetery/G 7530-7540/GPH_3D_G 7530-7540_2012-04-15_wip_006.jpg
images/GPH/3D Model Stills/Eastern Cemetery/G 7530-7540 /GPH_3D_G 7530-7540_2012-04-15_wip_007.jpg	images/GPH/3D Model Stills/Eastern Cemetery/G 7530-7540/GPH_3D_G 7530-7540_2012-04-15_wip_007.jpg
images/GPH/3D Model Stills/Eastern Cemetery/G 7530-7540 /GPH_3D_G 7530-7540_2012-04-15_wip_008.jpg	images/GPH/3D Model Stills/Eastern Cemetery/G 7530-7540/GPH_3D_G 7530-7540_2012-04-15_wip_008.jpg
images/GPH/3D Model Stills/Eastern Cemetery/G 7530-7540 /GPH_3D_G 7530-7540_2012-04-15_wip_009.jpg	images/GPH/3D Model Stills/Eastern Cemetery/G 7530-7540/GPH_3D_G 7530-7540_2012-04-15_wip_009.jpg
images/GPH/3D Model Stills/Eastern Cemetery/G 7530-7540 /GPH_3D_G 7530-7540_2012-04-15_wip_010.jpg	images/GPH/3D Model Stills/Eastern Cemetery/G 7530-7540/GPH_3D_G 7530-7540_2012-04-15_wip_010.jpg
images/GPH/3D Model Stills/Eastern Cemetery/G 7530-7540 /GPH_3D_G 7530-7540_2012-04-15_wip_011.jpg	images/GPH/3D Model Stills/Eastern Cemetery/G 7530-7540/GPH_3D_G 7530-7540_2012-04-15_wip_011.jpg
images/GPH/3D Model Stills/Eastern Cemetery/G 7530-7540 /GPH_3D_G 7530-7540_2012-04-15_wip_012.jpg	images/GPH/3D Model Stills/Eastern Cemetery/G 7530-7540/GPH_3D_G 7530-7540_2012-04-15_wip_012.jpg
images/GPH/3D Model Stills/Eastern Cemetery/G 7530-7540 /GPH_3D_G 7530-7540_2012-04-15_wip_013.jpg	images/GPH/3D Model Stills/Eastern Cemetery/G 7530-7540/GPH_3D_G 7530-7540_2012-04-15_wip_013.jpg
images/GPH/3D Model Stills/Eastern Cemetery/G 7530-7540 /GPH_3D_G 7530-7540_2012-04-15_wip_014.jpg	images/GPH/3D Model Stills/Eastern Cemetery/G 7530-7540/GPH_3D_G 7530-7540_2012-04-15_wip_014.jpg
images/GPH/3D Model Stills/Eastern Cemetery/G 7530-7540 /GPH_3D_G 7530-7540_2012-04-15_wip_015.jpg	images/GPH/3D Model Stills/Eastern Cemetery/G 7530-7540/GPH_3D_G 7530-7540_2012-04-15_wip_015.jpg
images/GPH/3D Model Stills/Eastern Cemetery/G 7530-7540 /GPH_3D_G 7530-7540_2012-04-15_wip_016.jpg	images/GPH/3D Model Stills/Eastern Cemetery/G 7530-7540/GPH_3D_G 7530-7540_2012-04-15_wip_016.jpg
images/GPH/3D Model Stills/Eastern Cemetery/G 7530-7540 /GPH_3D_G 7530-7540_2012-04-15_wip_017.jpg	images/GPH/3D Model Stills/Eastern Cemetery/G 7530-7540/GPH_3D_G 7530-7540_2012-04-15_wip_017.jpg
images/GPH/3D Model Stills/Eastern Cemetery/G 7530-7540 /GPH_3D_G 7530-7540_2012-04-15_wip_018.jpg	images/GPH/3D Model Stills/Eastern Cemetery/G 7530-7540/GPH_3D_G 7530-7540_2012-04-15_wip_018.jpg
images/GPH/3D Model Stills/Eastern Cemetery/G 7530-7540 /GPH_3D_G 7530-7540_2012-04-15_wip_019.jpg	images/GPH/3D Model Stills/Eastern Cemetery/G 7530-7540/GPH_3D_G 7530-7540_2012-04-15_wip_019.jpg
images/GPH/3D Model Stills/Eastern Cemetery/G 7530-7540 /GPH_3D_G 7530-7540_2012-04-15_wip_020.jpg	images/GPH/3D Model Stills/Eastern Cemetery/G 7530-7540/GPH_3D_G 7530-7540_2012-04-15_wip_020.jpg
images/GPH/3D Model Stills/Eastern Cemetery/G 7530-7540 /GPH_3D_G 7530-7540_2012-04-16_wip_001.jpg	images/GPH/3D Model Stills/Eastern Cemetery/G 7530-7540/GPH_3D_G 7530-7540_2012-04-16_wip_001.jpg
images/GPH/3D Model Stills/Eastern Cemetery/G 7530-7540 /GPH_3D_G 7530-7540_2012-04-16_wip_002.jpg	images/GPH/3D Model Stills/Eastern Cemetery/G 7530-7540/GPH_3D_G 7530-7540_2012-04-16_wip_002.jpg
images/GPH/3D Model Stills/Eastern Cemetery/G 7530-7540 /GPH_3D_G 7530-7540_2012-04-16_wip_003.jpg	images/GPH/3D Model Stills/Eastern Cemetery/G 7530-7540/GPH_3D_G 7530-7540_2012-04-16_wip_003.jpg
images/GPH/3D Model Stills/Eastern Cemetery/G 7530-7540 /GPH_3D_G 7530-7540_2012-04-16_wip_004.jpg	images/GPH/3D Model Stills/Eastern Cemetery/G 7530-7540/GPH_3D_G 7530-7540_2012-04-16_wip_004.jpg
images/GPH/3D Model Stills/Eastern Cemetery/G 7530-7540 /GPH_3D_G 7530-7540_2012-04-16_wip_005.jpg	images/GPH/3D Model Stills/Eastern Cemetery/G 7530-7540/GPH_3D_G 7530-7540_2012-04-16_wip_005.jpg
images/GPH/3D Model Stills/Eastern Cemetery/G 7530-7540 /GPH_3D_G 7530-7540_2012-04-16_wip_006.jpg	images/GPH/3D Model Stills/Eastern Cemetery/G 7530-7540/GPH_3D_G 7530-7540_2012-04-16_wip_006.jpg
images/GPH/3D Model Stills/Eastern Cemetery/G 7530-7540 /GPH_3D_G 7530-7540_2012-04-16_wip_007.jpg	images/GPH/3D Model Stills/Eastern Cemetery/G 7530-7540/GPH_3D_G 7530-7540_2012-04-16_wip_007.jpg
images/GPH/3D Model Stills/Eastern Cemetery/G 7530-7540 /GPH_3D_G 7530-7540_2012-04-16_wip_008.jpg	images/GPH/3D Model Stills/Eastern Cemetery/G 7530-7540/GPH_3D_G 7530-7540_2012-04-16_wip_008.jpg
images/GPH/3D Model Stills/Eastern Cemetery/G 7530-7540 /GPH_3D_G 7530-7540_2012-04-16_wip_009.jpg	images/GPH/3D Model Stills/Eastern Cemetery/G 7530-7540/GPH_3D_G 7530-7540_2012-04-16_wip_009.jpg
images/GPH/3D Model Stills/Eastern Cemetery/G 7530-7540 /GPH_3D_G 7530-7540_2012-04-16_wip_010.jpg	images/GPH/3D Model Stills/Eastern Cemetery/G 7530-7540/GPH_3D_G 7530-7540_2012-04-16_wip_010.jpg
images/GPH/3D Model Stills/Eastern Cemetery/G 7530-7540 /GPH_3D_G 7530-7540_2012-04-16_wip_011.jpg	images/GPH/3D Model Stills/Eastern Cemetery/G 7530-7540/GPH_3D_G 7530-7540_2012-04-16_wip_011.jpg
images/GPH/3D Model Stills/Eastern Cemetery/G 7530-7540 /GPH_3D_G 7530-7540_2012-04-16_wip_012.jpg	images/GPH/3D Model Stills/Eastern Cemetery/G 7530-7540/GPH_3D_G 7530-7540_2012-04-16_wip_012.jpg
images/GPH/3D Model Stills/Eastern Cemetery/G 7530-7540 /GPH_3D_G 7530-7540_2012-04-16_wip_013.jpg	images/GPH/3D Model Stills/Eastern Cemetery/G 7530-7540/GPH_3D_G 7530-7540_2012-04-16_wip_013.jpg
images/GPH/3D Model Stills/Eastern Cemetery/G 7530-7540 /GPH_3D_G 7530-7540_2012-04-16_wip_014.jpg	images/GPH/3D Model Stills/Eastern Cemetery/G 7530-7540/GPH_3D_G 7530-7540_2012-04-16_wip_014.jpg
images/GPH/3D Model Stills/Eastern Cemetery/G 7530-7540 /GPH_3D_G 7530-7540_2012-04-16_wip_015.jpg	images/GPH/3D Model Stills/Eastern Cemetery/G 7530-7540/GPH_3D_G 7530-7540_2012-04-16_wip_015.jpg
images/GPH/3D Model Stills/Eastern Cemetery/G 7530-7540 /GPH_3D_G 7530-7540_2012-04-17_wip_001.jpg	images/GPH/3D Model Stills/Eastern Cemetery/G 7530-7540/GPH_3D_G 7530-7540_2012-04-17_wip_001.jpg
images/GPH/3D Model Stills/Eastern Cemetery/G 7530-7540 /GPH_3D_G 7530-7540_2012-04-17_wip_002.jpg	images/GPH/3D Model Stills/Eastern Cemetery/G 7530-7540/GPH_3D_G 7530-7540_2012-04-17_wip_002.jpg
images/GPH/3D Model Stills/Eastern Cemetery/G 7530-7540 /GPH_3D_G 7530-7540_2012-04-17_wip_003.jpg	images/GPH/3D Model Stills/Eastern Cemetery/G 7530-7540/GPH_3D_G 7530-7540_2012-04-17_wip_003.jpg
images/GPH/3D Model Stills/Eastern Cemetery/G 7530-7540 /GPH_3D_G 7530-7540_2012-04-20_wip_001.jpg	images/GPH/3D Model Stills/Eastern Cemetery/G 7530-7540/GPH_3D_G 7530-7540_2012-04-20_wip_001.jpg
images/GPH/3D Model Stills/Eastern Cemetery/G 7530-7540 /GPH_3D_G 7530-7540_2012-04-21_wip_001.jpg	images/GPH/3D Model Stills/Eastern Cemetery/G 7530-7540/GPH_3D_G 7530-7540_2012-04-21_wip_001.jpg
images/GPH/3D Model Stills/Eastern Cemetery/G 7530-7540 /GPH_3D_G 7530-7540_2012-04-21_wip_002.jpg	images/GPH/3D Model Stills/Eastern Cemetery/G 7530-7540/GPH_3D_G 7530-7540_2012-04-21_wip_002.jpg
images/GPH/3D Model Stills/Eastern Cemetery/G 7530-7540 /GPH_3D_G 7530-7540_2012-04-21_wip_003.jpg	images/GPH/3D Model Stills/Eastern Cemetery/G 7530-7540/GPH_3D_G 7530-7540_2012-04-21_wip_003.jpg
images/GPH/3D Model Stills/Eastern Cemetery/G 7530-7540 /GPH_3D_G 7530-7540_2012-04-21_wip_004.jpg	images/GPH/3D Model Stills/Eastern Cemetery/G 7530-7540/GPH_3D_G 7530-7540_2012-04-21_wip_004.jpg
images/GPH/3D Model Stills/Eastern Cemetery/G 7530-7540 /GPH_3D_G 7530-7540_2012-04-22_wip_001.jpg	images/GPH/3D Model Stills/Eastern Cemetery/G 7530-7540/GPH_3D_G 7530-7540_2012-04-22_wip_001.jpg
images/GPH/3D Model Stills/Eastern Cemetery/G 7530-7540 /GPH_3D_G 7530-7540_2012-04-22_wip_002.jpg	images/GPH/3D Model Stills/Eastern Cemetery/G 7530-7540/GPH_3D_G 7530-7540_2012-04-22_wip_002.jpg
images/GPH/3D Model Stills/Eastern Cemetery/G 7530-7540 /GPH_3D_G 7530-7540_2012-04-22_wip_003.jpg	images/GPH/3D Model Stills/Eastern Cemetery/G 7530-7540/GPH_3D_G 7530-7540_2012-04-22_wip_003.jpg
images/GPH/3D Model Stills/Eastern Cemetery/G 7530-7540 /GPH_3D_G 7530-7540_2012-04-22_wip_004.jpg	images/GPH/3D Model Stills/Eastern Cemetery/G 7530-7540/GPH_3D_G 7530-7540_2012-04-22_wip_004.jpg
images/GPH/3D Model Stills/Eastern Cemetery/G 7530-7540 /GPH_3D_G 7530-7540_2012-04-22_wip_005.jpg	images/GPH/3D Model Stills/Eastern Cemetery/G 7530-7540/GPH_3D_G 7530-7540_2012-04-22_wip_005.jpg
images/GPH/3D Model Stills/Eastern Cemetery/G 7530-7540 /GPH_3D_G 7530-7540_2012-04-22_wip_006.jpg	images/GPH/3D Model Stills/Eastern Cemetery/G 7530-7540/GPH_3D_G 7530-7540_2012-04-22_wip_006.jpg
images/GPH/3D Model Stills/Eastern Cemetery/G 7530-7540 /GPH_3D_G 7530-7540_2012-04-22_wip_007.jpg	images/GPH/3D Model Stills/Eastern Cemetery/G 7530-7540/GPH_3D_G 7530-7540_2012-04-22_wip_007.jpg
images/GPH/3D Model Stills/Eastern Cemetery/G 7530-7540 /GPH_3D_G 7530-7540_2012-04-23_wip_001.jpg	images/GPH/3D Model Stills/Eastern Cemetery/G 7530-7540/GPH_3D_G 7530-7540_2012-04-23_wip_001.jpg
images/GPH/3D Model Stills/Eastern Cemetery/G 7530-7540 /GPH_3D_G 7530-7540_2012-04-24_wip_001.jpg	images/GPH/3D Model Stills/Eastern Cemetery/G 7530-7540/GPH_3D_G 7530-7540_2012-04-24_wip_001.jpg
images/GPH/3D Model Stills/Eastern Cemetery/G 7530-7540 /GPH_3D_G 7530-7540_2012-04-24_wip_002.jpg	images/GPH/3D Model Stills/Eastern Cemetery/G 7530-7540/GPH_3D_G 7530-7540_2012-04-24_wip_002.jpg
images/GPH/3D Model Stills/Eastern Cemetery/G 7530-7540 /GPH_3D_G 7530-7540_2012-04-24_wip_003.jpg	images/GPH/3D Model Stills/Eastern Cemetery/G 7530-7540/GPH_3D_G 7530-7540_2012-04-24_wip_003.jpg
images/GPH/3D Model Stills/Eastern Cemetery/G 7530-7540 /GPH_3D_G 7530-7540_2012-04-24_wip_004.jpg	images/GPH/3D Model Stills/Eastern Cemetery/G 7530-7540/GPH_3D_G 7530-7540_2012-04-24_wip_004.jpg
images/GPH/3D Model Stills/Eastern Cemetery/G 7530-7540 /GPH_3D_G 7530-7540_2012-04-25_wip_001.jpg	images/GPH/3D Model Stills/Eastern Cemetery/G 7530-7540/GPH_3D_G 7530-7540_2012-04-25_wip_001.jpg
images/GPH/3D Model Stills/Eastern Cemetery/G 7530-7540 /GPH_3D_G 7530-7540_2012-04-25_wip_002.jpg	images/GPH/3D Model Stills/Eastern Cemetery/G 7530-7540/GPH_3D_G 7530-7540_2012-04-25_wip_002.jpg
images/GPH/3D Model Stills/Eastern Cemetery/G 7530-7540 /GPH_3D_G 7530-7540_2012-04-25_wip_003.jpg	images/GPH/3D Model Stills/Eastern Cemetery/G 7530-7540/GPH_3D_G 7530-7540_2012-04-25_wip_003.jpg
images/GPH/3D Model Stills/Eastern Cemetery/G 7530-7540 /GPH_3D_G 7530-7540_2012-05-15_wip_001.jpg	images/GPH/3D Model Stills/Eastern Cemetery/G 7530-7540/GPH_3D_G 7530-7540_2012-05-15_wip_001.jpg
images/GPH/3D Model Stills/Eastern Cemetery/G 7530-7540 /GPH_3D_G 7530-7540_2012-05-21_wip_001.jpg	images/GPH/3D Model Stills/Eastern Cemetery/G 7530-7540/GPH_3D_G 7530-7540_2012-05-21_wip_001.jpg
images/GPH/3D Model Stills/Eastern Cemetery/G 7530-7540 /GPH_3D_G 7530-7540_2012-06-05_wip_001.jpg	images/GPH/3D Model Stills/Eastern Cemetery/G 7530-7540/GPH_3D_G 7530-7540_2012-06-05_wip_001.jpg
images/GPH/3D Model Stills/Eastern Cemetery/G 7530-7540 /GPH_3D_G 7530-7540_2012-06-05_wip_002.jpg	images/GPH/3D Model Stills/Eastern Cemetery/G 7530-7540/GPH_3D_G 7530-7540_2012-06-05_wip_002.jpg
images/GPH/3D Model Stills/Eastern Cemetery/G 7530-7540 /GPH_3D_G 7530-7540_2012-06-05_wip_003.jpg	images/GPH/3D Model Stills/Eastern Cemetery/G 7530-7540/GPH_3D_G 7530-7540_2012-06-05_wip_003.jpg
images/GPH/3D Model Stills/Eastern Cemetery/G 7530-7540 /GPH_3D_G 7530-7540_2012-06-05_wip_004.jpg	images/GPH/3D Model Stills/Eastern Cemetery/G 7530-7540/GPH_3D_G 7530-7540_2012-06-05_wip_004.jpg
images/GPH/3D Model Stills/Eastern Cemetery/G 7530-7540 /GPH_3D_G 7530-7540_2012-06-12_wip_001.jpg	images/GPH/3D Model Stills/Eastern Cemetery/G 7530-7540/GPH_3D_G 7530-7540_2012-06-12_wip_001.jpg
images/GPH/3D Model Stills/Eastern Cemetery/G 7530-7540 /GPH_3D_G 7530-7540_2012-10-16_wip_001.jpg	images/GPH/3D Model Stills/Eastern Cemetery/G 7530-7540/GPH_3D_G 7530-7540_2012-10-16_wip_001.jpg
images/GPH/3D Model Stills/Eastern Cemetery/G 7530-7540 /GPH_3D_G 7530-7540_2012-10-16_wip_002.jpg	images/GPH/3D Model Stills/Eastern Cemetery/G 7530-7540/GPH_3D_G 7530-7540_2012-10-16_wip_002.jpg
images/GPH/3D Model Stills/Eastern Cemetery/G 7530-7540 /GPH_3D_G 7530-7540_2012-10-16_wip_003.jpg	images/GPH/3D Model Stills/Eastern Cemetery/G 7530-7540/GPH_3D_G 7530-7540_2012-10-16_wip_003.jpg
images/GPH/3D Model Stills/Eastern Cemetery/G 7530-7540 /GPH_3D_G 7530-7540_2012-10-16_wip_004.jpg	images/GPH/3D Model Stills/Eastern Cemetery/G 7530-7540/GPH_3D_G 7530-7540_2012-10-16_wip_004.jpg
images/GPH/3D Model Stills/Eastern Cemetery/G 7530-7540 /GPH_3D_G 7530-7540_2012-10-16_wip_005.jpg	images/GPH/3D Model Stills/Eastern Cemetery/G 7530-7540/GPH_3D_G 7530-7540_2012-10-16_wip_005.jpg
images/GPH/3D Model Stills/Eastern Cemetery/G 7530-7540 /GPH_3D_G 7530-7540_2012-10-22_wip_001.jpg	images/GPH/3D Model Stills/Eastern Cemetery/G 7530-7540/GPH_3D_G 7530-7540_2012-10-22_wip_001.jpg
images/GPH/3D Model Stills/Eastern Cemetery/G 7530-7540 /GPH_3D_G 7530-7540_2012-10-22_wip_002.jpg	images/GPH/3D Model Stills/Eastern Cemetery/G 7530-7540/GPH_3D_G 7530-7540_2012-10-22_wip_002.jpg
images/GPH/3D Model Stills/Eastern Cemetery/G 7530-7540 /GPH_3D_G 7530-7540_2012-10-22_wip_003.jpg	images/GPH/3D Model Stills/Eastern Cemetery/G 7530-7540/GPH_3D_G 7530-7540_2012-10-22_wip_003.jpg
images/GPH/3D Model Stills/Eastern Cemetery/G 7530-7540 /GPH_3D_G 7530-7540_2012-10-22_wip_004.jpg	images/GPH/3D Model Stills/Eastern Cemetery/G 7530-7540/GPH_3D_G 7530-7540_2012-10-22_wip_004.jpg
images/GPH/3D Model Stills/Eastern Cemetery/G 7530-7540 /GPH_3D_G 7530-7540_2012-10-22_wip_005.jpg	images/GPH/3D Model Stills/Eastern Cemetery/G 7530-7540/GPH_3D_G 7530-7540_2012-10-22_wip_005.jpg
images/GPH/3D Model Stills/Eastern Cemetery/G 7530-7540 /GPH_3D_G 7530-7540_2012-10-22_wip_006.jpg	images/GPH/3D Model Stills/Eastern Cemetery/G 7530-7540/GPH_3D_G 7530-7540_2012-10-22_wip_006.jpg
images/GPH/3D Model Stills/Eastern Cemetery/G 7530-7540 /GPH_3D_G 7530-7540_2012-10-22_wip_007.jpg	images/GPH/3D Model Stills/Eastern Cemetery/G 7530-7540/GPH_3D_G 7530-7540_2012-10-22_wip_007.jpg
images/GPH/3D Model Stills/Eastern Cemetery/G 7530-7540 /GPH_3D_G 7530-7540_2012-10-22_wip_008.jpg	images/GPH/3D Model Stills/Eastern Cemetery/G 7530-7540/GPH_3D_G 7530-7540_2012-10-22_wip_008.jpg
images/GPH/3D Model Stills/Eastern Cemetery/G 7530-7540 /GPH_3D_G 7530-7540_2012-10-24_wip_001.jpg	images/GPH/3D Model Stills/Eastern Cemetery/G 7530-7540/GPH_3D_G 7530-7540_2012-10-24_wip_001.jpg
images/GPH/3D Model Stills/Eastern Cemetery/G 7530-7540 /GPH_3D_G 7530-7540_2012-10-25_wip_001.jpg	images/GPH/3D Model Stills/Eastern Cemetery/G 7530-7540/GPH_3D_G 7530-7540_2012-10-25_wip_001.jpg
images/GPH/3D Model Stills/Eastern Cemetery/G 7530-7540 /GPH_3D_G 7530-7540_2012-10-25_wip_002.jpg	images/GPH/3D Model Stills/Eastern Cemetery/G 7530-7540/GPH_3D_G 7530-7540_2012-10-25_wip_002.jpg
images/GPH/3D Model Stills/Eastern Cemetery/G 7530-7540 /GPH_3D_G 7530-7540_2012-10-25_wip_003.jpg	images/GPH/3D Model Stills/Eastern Cemetery/G 7530-7540/GPH_3D_G 7530-7540_2012-10-25_wip_003.jpg
images/GPH/3D Model Stills/Eastern Cemetery/G 7530-7540 /GPH_3D_G 7530-7540_2012-10-25_wip_004.jpg	images/GPH/3D Model Stills/Eastern Cemetery/G 7530-7540/GPH_3D_G 7530-7540_2012-10-25_wip_004.jpg
images/GPH/3D Model Stills/Eastern Cemetery/G 7530-7540 /GPH_3D_G 7530-7540_2012-10-25_wip_005.jpg	images/GPH/3D Model Stills/Eastern Cemetery/G 7530-7540/GPH_3D_G 7530-7540_2012-10-25_wip_005.jpg
images/GPH/3D Model Stills/Eastern Cemetery/G 7530-7540 /GPH_3D_G 7530-7540_2012-10-30_wip_005.jpg	images/GPH/3D Model Stills/Eastern Cemetery/G 7530-7540/GPH_3D_G 7530-7540_2012-10-30_wip_005.jpg
images/GPH/3D Model Stills/Eastern Cemetery/G 7530-7540 /GPH_3D_G 7530-7540_2012-10-31_wip_001.jpg	images/GPH/3D Model Stills/Eastern Cemetery/G 7530-7540/GPH_3D_G 7530-7540_2012-10-31_wip_001.jpg
images/GPH/3D Model Stills/Eastern Cemetery/G 7530-7540 /GPH_3D_G 7530-7540_2012-10-31_wip_002.jpg	images/GPH/3D Model Stills/Eastern Cemetery/G 7530-7540/GPH_3D_G 7530-7540_2012-10-31_wip_002.jpg
images/GPH/3D Model Stills/Eastern Cemetery/G 7530-7540 /GPH_3D_G 7530-7540_2012-10-31_wip_003.jpg	images/GPH/3D Model Stills/Eastern Cemetery/G 7530-7540/GPH_3D_G 7530-7540_2012-10-31_wip_003.jpg
images/GPH/3D Model Stills/Eastern Cemetery/G 7530-7540 /GPH_3D_G 7530-7540_2012-10-31_wip_004.jpg	images/GPH/3D Model Stills/Eastern Cemetery/G 7530-7540/GPH_3D_G 7530-7540_2012-10-31_wip_004.jpg
images/GPH/3D Model Stills/Eastern Cemetery/G 7530-7540 /GPH_3D_G 7530-7540_2012-11-01_wip_003.jpg	images/GPH/3D Model Stills/Eastern Cemetery/G 7530-7540/GPH_3D_G 7530-7540_2012-11-01_wip_003.jpg
images/GPH/3D Model Stills/Eastern Cemetery/G 7530-7540 /GPH_3D_G 7530-7540_2012-11-01_wip_004.jpg	images/GPH/3D Model Stills/Eastern Cemetery/G 7530-7540/GPH_3D_G 7530-7540_2012-11-01_wip_004.jpg
images/GPH/3D Model Stills/Eastern Cemetery/G 7530-7540 /GPH_3D_G 7530-7540_2012-11-01_wip_005.jpg	images/GPH/3D Model Stills/Eastern Cemetery/G 7530-7540/GPH_3D_G 7530-7540_2012-11-01_wip_005.jpg
images/GPH/3D Model Stills/Eastern Cemetery/G 7530-7540 /GPH_3D_G 7530-7540_2012-11-01_wip_006.jpg	images/GPH/3D Model Stills/Eastern Cemetery/G 7530-7540/GPH_3D_G 7530-7540_2012-11-01_wip_006.jpg
images/GPH/3D Model Stills/Eastern Cemetery/G 7530-7540 /GPH_3D_G 7530-7540_2012-11-01_wip_007.jpg	images/GPH/3D Model Stills/Eastern Cemetery/G 7530-7540/GPH_3D_G 7530-7540_2012-11-01_wip_007.jpg
images/GPH/3D Model Stills/Eastern Cemetery/G 7530-7540 /GPH_3D_G 7530-7540_2012-11-05_wip_001.jpg	images/GPH/3D Model Stills/Eastern Cemetery/G 7530-7540/GPH_3D_G 7530-7540_2012-11-05_wip_001.jpg
images/GPH/3D Model Stills/Eastern Cemetery/G 7530-7540 /GPH_3D_G 7530-7540_2012-11-05_wip_002.jpg	images/GPH/3D Model Stills/Eastern Cemetery/G 7530-7540/GPH_3D_G 7530-7540_2012-11-05_wip_002.jpg
images/GPH/3D Model Stills/Eastern Cemetery/G 7530-7540 /GPH_3D_G 7530-7540_2012-11-05_wip_003.jpg	images/GPH/3D Model Stills/Eastern Cemetery/G 7530-7540/GPH_3D_G 7530-7540_2012-11-05_wip_003.jpg
images/GPH/3D Model Stills/Eastern Cemetery/G 7530-7540 /GPH_3D_G 7530-7540_2012-11-05_wip_004.jpg	images/GPH/3D Model Stills/Eastern Cemetery/G 7530-7540/GPH_3D_G 7530-7540_2012-11-05_wip_004.jpg
images/GPH/3D Model Stills/Eastern Cemetery/G 7530-7540 /GPH_3D_G 7530-7540_2012-11-05_wip_005.jpg	images/GPH/3D Model Stills/Eastern Cemetery/G 7530-7540/GPH_3D_G 7530-7540_2012-11-05_wip_005.jpg
images/GPH/3D Model Stills/Eastern Cemetery/G 7530-7540 /GPH_3D_G 7530-7540_2012-11-05_wip_006.jpg	images/GPH/3D Model Stills/Eastern Cemetery/G 7530-7540/GPH_3D_G 7530-7540_2012-11-05_wip_006.jpg
images/GPH/3D Model Stills/Eastern Cemetery/G 7530-7540 /GPH_3D_G 7530-7540_2012-11-05_wip_007.jpg	images/GPH/3D Model Stills/Eastern Cemetery/G 7530-7540/GPH_3D_G 7530-7540_2012-11-05_wip_007.jpg
images/GPH/3D Model Stills/Eastern Cemetery/G 7530-7540 /GPH_3D_G 7530-7540_2012-11-05_wip_008.jpg	images/GPH/3D Model Stills/Eastern Cemetery/G 7530-7540/GPH_3D_G 7530-7540_2012-11-05_wip_008.jpg
images/GPH/3D Model Stills/Eastern Cemetery/G 7530-7540 /GPH_3D_G 7530-7540_2012-11-05_wip_009.jpg	images/GPH/3D Model Stills/Eastern Cemetery/G 7530-7540/GPH_3D_G 7530-7540_2012-11-05_wip_009.jpg
images/GPH/3D Model Stills/Eastern Cemetery/G 7530-7540 /GPH_3D_G 7530-7540_2012-11-05_wip_010.jpg	images/GPH/3D Model Stills/Eastern Cemetery/G 7530-7540/GPH_3D_G 7530-7540_2012-11-05_wip_010.jpg
images/GPH/3D Model Stills/Eastern Cemetery/G 7530-7540 /GPH_3D_G 7530-7540_2012-11-05_wip_011.jpg	images/GPH/3D Model Stills/Eastern Cemetery/G 7530-7540/GPH_3D_G 7530-7540_2012-11-05_wip_011.jpg
images/GPH/3D Model Stills/Eastern Cemetery/G 7530-7540 /GPH_3D_G 7530-7540_2012-11-05_wip_012.jpg	images/GPH/3D Model Stills/Eastern Cemetery/G 7530-7540/GPH_3D_G 7530-7540_2012-11-05_wip_012.jpg
images/GPH/3D Model Stills/Eastern Cemetery/G 7530-7540 /GPH_3D_G 7530-7540_2012-11-06_wip_001.jpg	images/GPH/3D Model Stills/Eastern Cemetery/G 7530-7540/GPH_3D_G 7530-7540_2012-11-06_wip_001.jpg
images/GPH/3D Model Stills/Eastern Cemetery/G 7530-7540 /GPH_3D_G 7530-7540_2012-11-06_wip_002.jpg	images/GPH/3D Model Stills/Eastern Cemetery/G 7530-7540/GPH_3D_G 7530-7540_2012-11-06_wip_002.jpg
images/GPH/3D Model Stills/Eastern Cemetery/G 7530-7540 /GPH_3D_G 7530-7540_2012-11-06_wip_003.jpg	images/GPH/3D Model Stills/Eastern Cemetery/G 7530-7540/GPH_3D_G 7530-7540_2012-11-06_wip_003.jpg
images/GPH/3D Model Stills/Eastern Cemetery/G 7530-7540 /GPH_3D_G 7530-7540_2012-11-06_wip_004.jpg	images/GPH/3D Model Stills/Eastern Cemetery/G 7530-7540/GPH_3D_G 7530-7540_2012-11-06_wip_004.jpg
images/GPH/3D Model Stills/Eastern Cemetery/G 7530-7540 /GPH_3D_G 7530-7540_2012-11-06_wip_005.jpg	images/GPH/3D Model Stills/Eastern Cemetery/G 7530-7540/GPH_3D_G 7530-7540_2012-11-06_wip_005.jpg
images/GPH/3D Model Stills/Eastern Cemetery/G 7530-7540 /GPH_3D_G 7530-7540_2012-11-14_wip_002.jpg	images/GPH/3D Model Stills/Eastern Cemetery/G 7530-7540/GPH_3D_G 7530-7540_2012-11-14_wip_002.jpg
images/GPH/3D Model Stills/Eastern Cemetery/G 7530-7540 /GPH_3D_G 7530-7540_2012-11-14_wip_003.jpg	images/GPH/3D Model Stills/Eastern Cemetery/G 7530-7540/GPH_3D_G 7530-7540_2012-11-14_wip_003.jpg
images/GPH/3D Model Stills/Eastern Cemetery/G 7530-7540 /GPH_3D_G 7530-7540_2012-11-14_wip_004.jpg	images/GPH/3D Model Stills/Eastern Cemetery/G 7530-7540/GPH_3D_G 7530-7540_2012-11-14_wip_004.jpg
images/GPH/3D Model Stills/Eastern Cemetery/G 7530-7540 /GPH_3D_G 7530-7540_2012-11-14_wip_007.jpg	images/GPH/3D Model Stills/Eastern Cemetery/G 7530-7540/GPH_3D_G 7530-7540_2012-11-14_wip_007.jpg
images/GPH/3D Model Stills/Eastern Cemetery/G 7530-7540 /GPH_3D_G 7530-7540_2012-11-14_wip_008.jpg	images/GPH/3D Model Stills/Eastern Cemetery/G 7530-7540/GPH_3D_G 7530-7540_2012-11-14_wip_008.jpg
images/GPH/3D Model Stills/Eastern Cemetery/G 7530-7540 /GPH_3D_G 7530-7540_2012-11-21_wip_001.jpg	images/GPH/3D Model Stills/Eastern Cemetery/G 7530-7540/GPH_3D_G 7530-7540_2012-11-21_wip_001.jpg
images/GPH/3D Model Stills/Eastern Cemetery/G 7530-7540 /GPH_3D_G 7530-7540_2012-11-21_wip_002.jpg	images/GPH/3D Model Stills/Eastern Cemetery/G 7530-7540/GPH_3D_G 7530-7540_2012-11-21_wip_002.jpg
images/GPH/3D Model Stills/Eastern Cemetery/G 7530-7540 /GPH_3D_G 7530-7540_2012-11-21_wip_003.jpg	images/GPH/3D Model Stills/Eastern Cemetery/G 7530-7540/GPH_3D_G 7530-7540_2012-11-21_wip_003.jpg
images/GPH/3D Model Stills/Eastern Cemetery/G 7530-7540 /GPH_3D_G 7530-7540_2012-11-21_wip_004.jpg	images/GPH/3D Model Stills/Eastern Cemetery/G 7530-7540/GPH_3D_G 7530-7540_2012-11-21_wip_004.jpg
images/GPH/3D Model Stills/Eastern Cemetery/G 7530-7540 /GPH_3D_G 7530-7540_2012-11-21_wip_005.jpg	images/GPH/3D Model Stills/Eastern Cemetery/G 7530-7540/GPH_3D_G 7530-7540_2012-11-21_wip_005.jpg
images/GPH/3D Model Stills/Eastern Cemetery/G 7530-7540 /GPH_3D_G 7530-7540_2012-11-21_wip_006.jpg	images/GPH/3D Model Stills/Eastern Cemetery/G 7530-7540/GPH_3D_G 7530-7540_2012-11-21_wip_006.jpg
images/GPH/3D Model Stills/Eastern Cemetery/G 7530-7540 /GPH_3D_G 7530-7540_2013-01-16_wip_001.jpg	images/GPH/3D Model Stills/Eastern Cemetery/G 7530-7540/GPH_3D_G 7530-7540_2013-01-16_wip_001.jpg
images/GPH/3D Model Stills/Eastern Cemetery/G 7530-7540 /GPH_3D_G 7530-7540_2013-01-29_wip_001.jpg	images/GPH/3D Model Stills/Eastern Cemetery/G 7530-7540/GPH_3D_G 7530-7540_2013-01-29_wip_001.jpg
images/GPH/3D Model Stills/Eastern Cemetery/G 7530-7540 /GPH_3D_G 7530-7540_2013-01-29_wip_002.jpg	images/GPH/3D Model Stills/Eastern Cemetery/G 7530-7540/GPH_3D_G 7530-7540_2013-01-29_wip_002.jpg
images/GPH/3D Model Stills/Eastern Cemetery/G 7530-7540 /GPH_3D_G 7530-7540_2013-01-29_wip_003.jpg	images/GPH/3D Model Stills/Eastern Cemetery/G 7530-7540/GPH_3D_G 7530-7540_2013-01-29_wip_003.jpg
images/GPH/3D Model Stills/Eastern Cemetery/G 7530-7540 /GPH_3D_G 7530-7540_2013-01-29_wip_004.jpg	images/GPH/3D Model Stills/Eastern Cemetery/G 7530-7540/GPH_3D_G 7530-7540_2013-01-29_wip_004.jpg
images/GPH/3D Model Stills/Eastern Cemetery/G 7530-7540 /GPH_3D_G 7530-7540_2013-01-29_wip_005.jpg	images/GPH/3D Model Stills/Eastern Cemetery/G 7530-7540/GPH_3D_G 7530-7540_2013-01-29_wip_005.jpg
images/GPH/3D Model Stills/Eastern Cemetery/G 7530-7540 /GPH_3D_G 7530-7540_2013-01-29_wip_006.jpg	images/GPH/3D Model Stills/Eastern Cemetery/G 7530-7540/GPH_3D_G 7530-7540_2013-01-29_wip_006.jpg
images/GPH/3D Model Stills/Eastern Cemetery/G 7530-7540 /GPH_3D_G 7530-7540_2013-01-29_wip_007.jpg	images/GPH/3D Model Stills/Eastern Cemetery/G 7530-7540/GPH_3D_G 7530-7540_2013-01-29_wip_007.jpg
images/GPH/3D Model Stills/Eastern Cemetery/G 7530-7540 /GPH_3D_G 7530-7540_2013-01-29_wip_008.jpg	images/GPH/3D Model Stills/Eastern Cemetery/G 7530-7540/GPH_3D_G 7530-7540_2013-01-29_wip_008.jpg
images/GPH/3D Model Stills/Eastern Cemetery/G 7530-7540 /GPH_3D_G 7530-7540_2013-02-04_wip_001.jpg	images/GPH/3D Model Stills/Eastern Cemetery/G 7530-7540/GPH_3D_G 7530-7540_2013-02-04_wip_001.jpg
images/GPH/3D Model Stills/Eastern Cemetery/G 7530-7540 /GPH_3D_G 7530-7540_2013-02-04_wip_002.jpg	images/GPH/3D Model Stills/Eastern Cemetery/G 7530-7540/GPH_3D_G 7530-7540_2013-02-04_wip_002.jpg
images/GPH/3D Model Stills/Eastern Cemetery/G 7530-7540 /GPH_3D_G 7530-7540_2013-02-04_wip_003.jpg	images/GPH/3D Model Stills/Eastern Cemetery/G 7530-7540/GPH_3D_G 7530-7540_2013-02-04_wip_003.jpg
images/GPH/3D Model Stills/Eastern Cemetery/G 7530-7540 /GPH_3D_G 7530-7540_2013-02-04_wip_004.jpg	images/GPH/3D Model Stills/Eastern Cemetery/G 7530-7540/GPH_3D_G 7530-7540_2013-02-04_wip_004.jpg
images/GPH/3D Model Stills/Eastern Cemetery/G 7530-7540 /GPH_3D_G 7530-7540_2013-02-04_wip_005.jpg	images/GPH/3D Model Stills/Eastern Cemetery/G 7530-7540/GPH_3D_G 7530-7540_2013-02-04_wip_005.jpg
images/GPH/3D Model Stills/Eastern Cemetery/G 7530-7540 /GPH_3D_G 7530-7540_2013-02-04_wip_006.jpg	images/GPH/3D Model Stills/Eastern Cemetery/G 7530-7540/GPH_3D_G 7530-7540_2013-02-04_wip_006.jpg
images/GPH/3D Model Stills/Eastern Cemetery/G 7530-7540 /GPH_3D_G 7530-7540_2013-02-04_wip_007.jpg	images/GPH/3D Model Stills/Eastern Cemetery/G 7530-7540/GPH_3D_G 7530-7540_2013-02-04_wip_007.jpg
images/GPH/3D Model Stills/Eastern Cemetery/G 7530-7540 /GPH_3D_G 7530-7540_2013-02-04_wip_008.jpg	images/GPH/3D Model Stills/Eastern Cemetery/G 7530-7540/GPH_3D_G 7530-7540_2013-02-04_wip_008.jpg
images/GPH/3D Model Stills/Eastern Cemetery/G 7530-7540 /GPH_3D_G 7530-7540_2013-02-04_wip_009.jpg	images/GPH/3D Model Stills/Eastern Cemetery/G 7530-7540/GPH_3D_G 7530-7540_2013-02-04_wip_009.jpg
images/GPH/3D Model Stills/Eastern Cemetery/G 7530-7540 /GPH_3D_G 7530-7540_2013-02-05_wip_001.jpg	images/GPH/3D Model Stills/Eastern Cemetery/G 7530-7540/GPH_3D_G 7530-7540_2013-02-05_wip_001.jpg
images/GPH/3D Model Stills/Eastern Cemetery/G 7530-7540 /GPH_3D_G 7530-7540_2013-02-05_wip_002.jpg	images/GPH/3D Model Stills/Eastern Cemetery/G 7530-7540/GPH_3D_G 7530-7540_2013-02-05_wip_002.jpg
images/GPH/3D Model Stills/Eastern Cemetery/G 7530-7540 /GPH_3D_G 7530-7540_2013-02-05_wip_003.jpg	images/GPH/3D Model Stills/Eastern Cemetery/G 7530-7540/GPH_3D_G 7530-7540_2013-02-05_wip_003.jpg
images/GPH/3D Model Stills/Eastern Cemetery/G 7530-7540 /GPH_3D_G 7530-7540_2013-02-05_wip_004.jpg	images/GPH/3D Model Stills/Eastern Cemetery/G 7530-7540/GPH_3D_G 7530-7540_2013-02-05_wip_004.jpg
images/GPH/3D Model Stills/Eastern Cemetery/G 7530-7540 /GPH_3D_G 7530-7540_2013-02-05_wip_005.jpg	images/GPH/3D Model Stills/Eastern Cemetery/G 7530-7540/GPH_3D_G 7530-7540_2013-02-05_wip_005.jpg
images/GPH/3D Model Stills/Eastern Cemetery/G 7530-7540 /GPH_3D_G 7530-7540_2013-02-05_wip_006.jpg	images/GPH/3D Model Stills/Eastern Cemetery/G 7530-7540/GPH_3D_G 7530-7540_2013-02-05_wip_006.jpg
images/GPH/3D Model Stills/Eastern Cemetery/G 7530-7540 /GPH_3D_G 7530-7540_2013-02-05_wip_007.jpg	images/GPH/3D Model Stills/Eastern Cemetery/G 7530-7540/GPH_3D_G 7530-7540_2013-02-05_wip_007.jpg
images/GPH/3D Model Stills/Eastern Cemetery/G 7530-7540 /GPH_3D_G 7530-7540_2013-02-05_wip_008.jpg	images/GPH/3D Model Stills/Eastern Cemetery/G 7530-7540/GPH_3D_G 7530-7540_2013-02-05_wip_008.jpg
images/GPH/3D Model Stills/Eastern Cemetery/G 7530-7540 /GPH_3D_G 7530-7540_2013-02-12_wip_001.jpg	images/GPH/3D Model Stills/Eastern Cemetery/G 7530-7540/GPH_3D_G 7530-7540_2013-02-12_wip_001.jpg
images/GPH/3D Model Stills/Eastern Cemetery/G 7530-7540 /GPH_3D_G 7530-7540_2013-02-12_wip_002.jpg	images/GPH/3D Model Stills/Eastern Cemetery/G 7530-7540/GPH_3D_G 7530-7540_2013-02-12_wip_002.jpg
images/GPH/3D Model Stills/Eastern Cemetery/G 7530-7540 /GPH_3D_G 7530-7540_2013-02-12_wip_003.jpg	images/GPH/3D Model Stills/Eastern Cemetery/G 7530-7540/GPH_3D_G 7530-7540_2013-02-12_wip_003.jpg
images/GPH/3D Model Stills/Eastern Cemetery/G 7530-7540 /GPH_3D_G 7530-7540_2013-02-12_wip_004.jpg	images/GPH/3D Model Stills/Eastern Cemetery/G 7530-7540/GPH_3D_G 7530-7540_2013-02-12_wip_004.jpg
images/GPH/3D Model Stills/Eastern Cemetery/G 7530-7540 /GPH_3D_G 7530-7540_2013-02-12_wip_005.jpg	images/GPH/3D Model Stills/Eastern Cemetery/G 7530-7540/GPH_3D_G 7530-7540_2013-02-12_wip_005.jpg
images/GPH/3D Model Stills/Eastern Cemetery/G 7530-7540 /GPH_3D_G 7530-7540_2013-02-12_wip_006.jpg	images/GPH/3D Model Stills/Eastern Cemetery/G 7530-7540/GPH_3D_G 7530-7540_2013-02-12_wip_006.jpg
images/GPH/3D Model Stills/Eastern Cemetery/G 7530-7540 /GPH_3D_G 7530-7540_2013-02-12_wip_007.jpg	images/GPH/3D Model Stills/Eastern Cemetery/G 7530-7540/GPH_3D_G 7530-7540_2013-02-12_wip_007.jpg
images/GPH/3D Model Stills/Eastern Cemetery/G 7530-7540 /GPH_3D_G 7530-7540_2013-05-03_wip_001.jpg	images/GPH/3D Model Stills/Eastern Cemetery/G 7530-7540/GPH_3D_G 7530-7540_2013-05-03_wip_001.jpg
images/GPH/3D Model Stills/Eastern Cemetery/G 7530-7540 /GPH_3D_G 7530-7540_2013-05-08_wip_001.jpg	images/GPH/3D Model Stills/Eastern Cemetery/G 7530-7540/GPH_3D_G 7530-7540_2013-05-08_wip_001.jpg
images/GPH/3D Model Stills/Eastern Cemetery/G 7530-7540 /GPH_3D_G 7530-7540_2013-05-08_wip_002.jpg	images/GPH/3D Model Stills/Eastern Cemetery/G 7530-7540/GPH_3D_G 7530-7540_2013-05-08_wip_002.jpg
images/GPH/3D Model Stills/Eastern Cemetery/G 7530-7540 /GPH_3D_G 7530-7540_2013-05-08_wip_003.jpg	images/GPH/3D Model Stills/Eastern Cemetery/G 7530-7540/GPH_3D_G 7530-7540_2013-05-08_wip_003.jpg
images/GPH/3D Model Stills/Eastern Cemetery/G 7530-7540 /GPH_3D_G 7530-7540_2013-05-08_wip_004.jpg	images/GPH/3D Model Stills/Eastern Cemetery/G 7530-7540/GPH_3D_G 7530-7540_2013-05-08_wip_004.jpg
images/GPH/3D Model Stills/Eastern Cemetery/G 7530-7540 /GPH_3D_G 7530-7540_2013-05-08_wip_005.jpg	images/GPH/3D Model Stills/Eastern Cemetery/G 7530-7540/GPH_3D_G 7530-7540_2013-05-08_wip_005.jpg
images/GPH/3D Model Stills/Eastern Cemetery/G 7530-7540 /GPH_3D_G 7530-7540_2013-05-22_wip_001.jpg	images/GPH/3D Model Stills/Eastern Cemetery/G 7530-7540/GPH_3D_G 7530-7540_2013-05-22_wip_001.jpg
images/GPH/3D Model Stills/Eastern Cemetery/G 7530-7540 /GPH_3D_G 7530-7540_2013-05-22_wip_002.jpg	images/GPH/3D Model Stills/Eastern Cemetery/G 7530-7540/GPH_3D_G 7530-7540_2013-05-22_wip_002.jpg
images/GPH/3D Model Stills/Eastern Cemetery/G 7530-7540 /GPH_3D_G 7530-7540_2013-05-22_wip_003.jpg	images/GPH/3D Model Stills/Eastern Cemetery/G 7530-7540/GPH_3D_G 7530-7540_2013-05-22_wip_003.jpg
images/GPH/3D Model Stills/Eastern Cemetery/G 7530-7540 /GPH_3D_G 7530-7540_2013-05-22_wip_004.jpg	images/GPH/3D Model Stills/Eastern Cemetery/G 7530-7540/GPH_3D_G 7530-7540_2013-05-22_wip_004.jpg
images/GPH/3D Model Stills/Eastern Cemetery/G 7530-7540 /GPH_3D_G 7530-7540_2013-05-22_wip_005.jpg	images/GPH/3D Model Stills/Eastern Cemetery/G 7530-7540/GPH_3D_G 7530-7540_2013-05-22_wip_005.jpg
images/GPH/3D Model Stills/Eastern Cemetery/G 7530-7540 /GPH_3D_G 7530-7540_2013-05-22_wip_006.jpg	images/GPH/3D Model Stills/Eastern Cemetery/G 7530-7540/GPH_3D_G 7530-7540_2013-05-22_wip_006.jpg
images/GPH/3D Model Stills/Eastern Cemetery/G 7530-7540 /GPH_3D_G 7530-7540_2013-07-01_wip_001.jpg	images/GPH/3D Model Stills/Eastern Cemetery/G 7530-7540/GPH_3D_G 7530-7540_2013-07-01_wip_001.jpg
images/GPH/3D Model Stills/Eastern Cemetery/G 7530-7540 /GPH_3D_G 7530-7540_2013-07-01_wip_002.jpg	images/GPH/3D Model Stills/Eastern Cemetery/G 7530-7540/GPH_3D_G 7530-7540_2013-07-01_wip_002.jpg
images/GPH/3D Model Stills/Eastern Cemetery/G 7530-7540 /GPH_3D_G 7530-7540_2013-07-01_wip_003.jpg	images/GPH/3D Model Stills/Eastern Cemetery/G 7530-7540/GPH_3D_G 7530-7540_2013-07-01_wip_003.jpg
images/GPH/3D Model Stills/Eastern Cemetery/G 7530-7540 /GPH_3D_G 7530-7540_2013-07-01_wip_004.jpg	images/GPH/3D Model Stills/Eastern Cemetery/G 7530-7540/GPH_3D_G 7530-7540_2013-07-01_wip_004.jpg
images/GPH/3D Model Stills/Eastern Cemetery/G 7530-7540 /GPH_3D_G 7530-7540_2013-07-01_wip_005.jpg	images/GPH/3D Model Stills/Eastern Cemetery/G 7530-7540/GPH_3D_G 7530-7540_2013-07-01_wip_005.jpg
images/GPH/3D Model Stills/Eastern Cemetery/G 7530-7540 /GPH_3D_G 7530-7540_2015-06-15_wip_001.jpg	images/GPH/3D Model Stills/Eastern Cemetery/G 7530-7540/GPH_3D_G 7530-7540_2015-06-15_wip_001.jpg
images/GPH/3D Model Stills/Eastern Cemetery/G 7530-7540 /GPH_3D_G 7530-7540_2015-06-22_wip_001.jpg	images/GPH/3D Model Stills/Eastern Cemetery/G 7530-7540/GPH_3D_G 7530-7540_2015-06-22_wip_001.jpg
images/GPH/3D Model Stills/Eastern Cemetery/G 7530-7540 /GPH_3D_G 7530-7540_2015-06-29_wip_001.jpg	images/GPH/3D Model Stills/Eastern Cemetery/G 7530-7540/GPH_3D_G 7530-7540_2015-06-29_wip_001.jpg
images/GPH/3D Model Stills/Eastern Cemetery/G 7530-7540 /GPH_3D_G 7530-7540_2015-07-01_wip_001.jpg	images/GPH/3D Model Stills/Eastern Cemetery/G 7530-7540/GPH_3D_G 7530-7540_2015-07-01_wip_001.jpg
images/GPH/3D Model Stills/Eastern Cemetery/G 7530-7540 /GPH_3D_G 7530-7540_2015-07-01_wip_002.jpg	images/GPH/3D Model Stills/Eastern Cemetery/G 7530-7540/GPH_3D_G 7530-7540_2015-07-01_wip_002.jpg
images/GPH/3D Model Stills/Eastern Cemetery/G 7530-7540 /GPH_3D_G 7530-7540_2015-07-01_wip_003.jpg	images/GPH/3D Model Stills/Eastern Cemetery/G 7530-7540/GPH_3D_G 7530-7540_2015-07-01_wip_003.jpg
images/GPH/3D Model Stills/Eastern Cemetery/G 7530-7540 /GPH_3D_G 7530-7540_2015-07-01_wip_004.jpg	images/GPH/3D Model Stills/Eastern Cemetery/G 7530-7540/GPH_3D_G 7530-7540_2015-07-01_wip_004.jpg
images/GPH/3D Model Stills/Khafre Pyramid Complex/Khafre Valley Temple/GPh_3D_KHVT_2013-06-10_wip_001.jpg	images/GPH/3D Model Stills/Khafre Pyramid Complex/Khafre Valley Temple/GPH_3D_KHVT_2013-06-10_wip_001.jpg
images/GPH/3D Model Stills/Khafre Pyramid Complex/Khafre Valley Temple/Thumbnails/GPh_3D_KHVT_2013-06-10_wip_001_thumb.jpg	images/GPH/3D Model Stills/Khafre Pyramid Complex/Khafre Valley Temple/Thumbnails/GPH_3D_KHVT_2013-06-10_wip_001_thumb.jpg
images/GPH/3D Model Textures/GPH_3D_tx_Basket 1_lid_001.jpg	images/GPH/3D Model Textures_remove from TMS Collections/GPH_3D_tx_Basket 1_lid_001.jpg
images/GPH/3D Model Textures/GPH_3D_tx_Basket 1_rope_001.jpg	images/GPH/3D Model Textures_remove from TMS Collections/GPH_3D_tx_Basket 1_rope_001.jpg
images/GPH/3D Model Textures/GPH_3D_tx_Basket 1_side_001.jpg	images/GPH/3D Model Textures_remove from TMS Collections/GPH_3D_tx_Basket 1_side_001.jpg
images/GPH/3D Model Textures/GPH_3D_tx_Basket 3_001.jpg	images/GPH/3D Model Textures_remove from TMS Collections/GPH_3D_tx_Basket 3_001.jpg
images/GPH/3D Model Textures/GPH_3D_tx_Basket 4_001.jpg	images/GPH/3D Model Textures_remove from TMS Collections/GPH_3D_tx_Basket 4_001.jpg
images/GPH/3D Model Textures/GPH_3D_tx_Central_Field_plan_001.jpg	images/GPH/3D Model Textures_remove from TMS Collections/GPH_3D_tx_Central_Field_plan_001.jpg
images/GPH/3D Model Textures/GPH_3D_tx_Chair B_001.jpg	images/GPH/3D Model Textures_remove from TMS Collections/GPH_3D_tx_Chair B_001.jpg
images/GPH/3D Model Textures/GPH_3D_tx_Chair B_back_001.jpg	images/GPH/3D Model Textures_remove from TMS Collections/GPH_3D_tx_Chair B_back_001.jpg
images/GPH/3D Model Textures/GPH_3D_tx_Chair B_back_color_001.jpg	images/GPH/3D Model Textures_remove from TMS Collections/GPH_3D_tx_Chair B_back_color_001.jpg
images/GPH/3D Model Textures/GPH_3D_tx_Chair B_bump_001.jpg	images/GPH/3D Model Textures_remove from TMS Collections/GPH_3D_tx_Chair B_bump_001.jpg
images/GPH/3D Model Textures/GPH_3D_tx_Chair B_bump_002.jpg	images/GPH/3D Model Textures_remove from TMS Collections/GPH_3D_tx_Chair B_bump_002.jpg
images/GPH/3D Model Textures/GPH_3D_tx_Chair B_color_001.jpg	images/GPH/3D Model Textures_remove from TMS Collections/GPH_3D_tx_Chair B_color_001.jpg
images/GPH/3D Model Textures/GPH_3D_tx_Chair B_color_002.jpg	images/GPH/3D Model Textures_remove from TMS Collections/GPH_3D_tx_Chair B_color_002.jpg
images/GPH/3D Model Textures/GPH_3D_tx_Chair B_front_001.jpg	images/GPH/3D Model Textures_remove from TMS Collections/GPH_3D_tx_Chair B_front_001.jpg
images/GPH/3D Model Textures/GPH_3D_tx_Chair B_front_color_001.jpg	images/GPH/3D Model Textures_remove from TMS Collections/GPH_3D_tx_Chair B_front_color_001.jpg
images/GPH/3D Model Textures/GPH_3D_tx_Chair B_gold_001.jpg	images/GPH/3D Model Textures_remove from TMS Collections/GPH_3D_tx_Chair B_gold_001.jpg
images/GPH/3D Model Textures/GPH_3D_tx_Chair B_light_001.jpg	images/GPH/3D Model Textures_remove from TMS Collections/GPH_3D_tx_Chair B_light_001.jpg
images/GPH/3D Model Textures/GPH_3D_tx_Chair B_nrm_001.jpg	images/GPH/3D Model Textures_remove from TMS Collections/GPH_3D_tx_Chair B_nrm_001.jpg
images/GPH/3D Model Textures/GPH_3D_tx_Chair B_seat_alpha_001.jpg	images/GPH/3D Model Textures_remove from TMS Collections/GPH_3D_tx_Chair B_seat_alpha_001.jpg
images/GPH/3D Model Textures/GPH_3D_tx_Chair B_seat_color_001.jpg	images/GPH/3D Model Textures_remove from TMS Collections/GPH_3D_tx_Chair B_seat_color_001.jpg
images/GPH/3D Model Textures/GPH_3D_tx_EMC_JE_54935_001.jpg	images/GPH/3D Model Textures_remove from TMS Collections/GPH_3D_tx_EMC_JE_54935_001.jpg
images/GPH/3D Model Textures/GPH_3D_tx_EMC_JE_54935_002.jpg	images/GPH/3D Model Textures_remove from TMS Collections/GPH_3D_tx_EMC_JE_54935_002.jpg
images/GPH/3D Model Textures/GPH_3D_tx_EMC_JE_54935_bake_001.jpg	images/GPH/3D Model Textures_remove from TMS Collections/GPH_3D_tx_EMC_JE_54935_bake_001.jpg
images/GPH/3D Model Textures/GPH_3D_tx_EMC_JE_54935_bump_001.jpg	images/GPH/3D Model Textures_remove from TMS Collections/GPH_3D_tx_EMC_JE_54935_bump_001.jpg
images/GPH/3D Model Textures/GPH_3D_tx_EMC_JE_54935_bump_002.jpg	images/GPH/3D Model Textures_remove from TMS Collections/GPH_3D_tx_EMC_JE_54935_bump_002.jpg
images/GPH/3D Model Textures/GPH_3D_tx_Egyptian_man_body_001.jpg	images/GPH/3D Model Textures_remove from TMS Collections/GPH_3D_tx_Egyptian_man_body_001.jpg
images/GPH/3D Model Textures/GPH_3D_tx_Egyptian_man_head_adult_001.jpg	images/GPH/3D Model Textures_remove from TMS Collections/GPH_3D_tx_Egyptian_man_head_adult_001.jpg
images/GPH/3D Model Textures/GPH_3D_tx_Egyptian_man_head_old_001.jpg	images/GPH/3D Model Textures_remove from TMS Collections/GPH_3D_tx_Egyptian_man_head_old_001.jpg
images/GPH/3D Model Textures/GPH_3D_tx_Egyptian_man_head_young_001.jpg	images/GPH/3D Model Textures_remove from TMS Collections/GPH_3D_tx_Egyptian_man_head_young_001.jpg
images/GPH/3D Model Textures/GPH_3D_tx_Egyptian_woman_body_001.jpg	images/GPH/3D Model Textures_remove from TMS Collections/GPH_3D_tx_Egyptian_woman_body_001.jpg
images/GPH/3D Model Textures/GPH_3D_tx_Egyptian_woman_body_nrm_001.jpg	images/GPH/3D Model Textures_remove from TMS Collections/GPH_3D_tx_Egyptian_woman_body_nrm_001.jpg
images/GPH/3D Model Textures/GPH_3D_tx_Egyptian_woman_dress_001.jpg	images/GPH/3D Model Textures_remove from TMS Collections/GPH_3D_tx_Egyptian_woman_dress_001.jpg
images/GPH/3D Model Textures/GPH_3D_tx_Egyptian_woman_dress_nrm_001.jpg	images/GPH/3D Model Textures_remove from TMS Collections/GPH_3D_tx_Egyptian_woman_dress_nrm_001.jpg
images/GPH/3D Model Textures/GPH_3D_tx_Egyptian_woman_eye_shadow_001.jpg	images/GPH/3D Model Textures_remove from TMS Collections/GPH_3D_tx_Egyptian_woman_eye_shadow_001.jpg
images/GPH/3D Model Textures/GPH_3D_tx_Egyptian_woman_hair_001.jpg	images/GPH/3D Model Textures_remove from TMS Collections/GPH_3D_tx_Egyptian_woman_hair_001.jpg
images/GPH/3D Model Textures/GPH_3D_tx_Egyptian_woman_hair_nrm_001.jpg	images/GPH/3D Model Textures_remove from TMS Collections/GPH_3D_tx_Egyptian_woman_hair_nrm_001.jpg
images/GPH/3D Model Textures/GPH_3D_tx_Egyptian_woman_head_001.jpg	images/GPH/3D Model Textures_remove from TMS Collections/GPH_3D_tx_Egyptian_woman_head_001.jpg
images/GPH/3D Model Textures/GPH_3D_tx_Egyptian_woman_head_nrm_001.jpg	images/GPH/3D Model Textures_remove from TMS Collections/GPH_3D_tx_Egyptian_woman_head_nrm_001.jpg
images/GPH/3D Model Textures/GPH_3D_tx_G 2100-II_chapel_architrave_001.jpg	images/GPH/3D Model Textures_remove from TMS Collections/GPH_3D_tx_G 2100-II_chapel_architrave_001.jpg
images/GPH/3D Model Textures/GPH_3D_tx_G 2100-II_chapel_entrance_pillars_001.jpg	images/GPH/3D Model Textures_remove from TMS Collections/GPH_3D_tx_G 2100-II_chapel_entrance_pillars_001.jpg
images/GPH/3D Model Textures/GPH_3D_tx_G 2100-II_chapel_falsedoor_n_001.jpg	images/GPH/3D Model Textures_remove from TMS Collections/GPH_3D_tx_G 2100-II_chapel_falsedoor_n_001.jpg
images/GPH/3D Model Textures/GPH_3D_tx_G 2100-II_chapel_falsedoor_s_001.jpg	images/GPH/3D Model Textures_remove from TMS Collections/GPH_3D_tx_G 2100-II_chapel_falsedoor_s_001.jpg
images/GPH/3D Model Textures/GPH_3D_tx_G 2100-II_chapel_floor_001.jpg	images/GPH/3D Model Textures_remove from TMS Collections/GPH_3D_tx_G 2100-II_chapel_floor_001.jpg
images/GPH/3D Model Textures/GPH_3D_tx_G 2100-II_chapel_stone_001.jpg	images/GPH/3D Model Textures_remove from TMS Collections/GPH_3D_tx_G 2100-II_chapel_stone_001.jpg
images/GPH/3D Model Textures/GPH_3D_tx_G 2100-II_chapel_stone_002.jpg	images/GPH/3D Model Textures_remove from TMS Collections/GPH_3D_tx_G 2100-II_chapel_stone_002.jpg
images/GPH/3D Model Textures/GPH_3D_tx_G 2100-II_chapel_wall_e_001.jpg	images/GPH/3D Model Textures_remove from TMS Collections/GPH_3D_tx_G 2100-II_chapel_wall_e_001.jpg
images/GPH/3D Model Textures/GPH_3D_tx_G 2100-II_chapel_wall_e_002.jpg	images/GPH/3D Model Textures_remove from TMS Collections/GPH_3D_tx_G 2100-II_chapel_wall_e_002.jpg
images/GPH/3D Model Textures/GPH_3D_tx_G 2100-II_entrance_architrave_001.jpg	images/GPH/3D Model Textures_remove from TMS Collections/GPH_3D_tx_G 2100-II_entrance_architrave_001.jpg
images/GPH/3D Model Textures/GPH_3D_tx_G 2100-II_entrance_drum_001.jpg	images/GPH/3D Model Textures_remove from TMS Collections/GPH_3D_tx_G 2100-II_entrance_drum_001.jpg
images/GPH/3D Model Textures/GPH_3D_tx_G 2100-II_lm_001.jpg	images/GPH/3D Model Textures_remove from TMS Collections/GPH_3D_tx_G 2100-II_lm_001.jpg
images/GPH/3D Model Textures/GPH_3D_tx_G 2100-II_shaft_lm_001.jpg	images/GPH/3D Model Textures_remove from TMS Collections/GPH_3D_tx_G 2100-II_shaft_lm_001.jpg
images/GPH/3D Model Textures/GPH_3D_tx_G 2100-I_chapel_walls_001.jpg	images/GPH/3D Model Textures_remove from TMS Collections/GPH_3D_tx_G 2100-I_chapel_walls_001.jpg
images/GPH/3D Model Textures/GPH_3D_tx_G 2100-I_floor_lm_001.jpg	images/GPH/3D Model Textures_remove from TMS Collections/GPH_3D_tx_G 2100-I_floor_lm_001.jpg
images/GPH/3D Model Textures/GPH_3D_tx_G 2100-I_lm_001.jpg	images/GPH/3D Model Textures_remove from TMS Collections/GPH_3D_tx_G 2100-I_lm_001.jpg
images/GPH/3D Model Textures/GPH_3D_tx_G 2100-I_shaft_lm_001.jpg	images/GPH/3D Model Textures_remove from TMS Collections/GPH_3D_tx_G 2100-I_shaft_lm_001.jpg
images/GPH/3D Model Textures/GPH_3D_tx_G 2100_burialchamber_ceiling_001.jpg	images/GPH/3D Model Textures_remove from TMS Collections/GPH_3D_tx_G 2100_burialchamber_ceiling_001.jpg
images/GPH/3D Model Textures/GPH_3D_tx_G 2100_burialchamber_floor_001.jpg	images/GPH/3D Model Textures_remove from TMS Collections/GPH_3D_tx_G 2100_burialchamber_floor_001.jpg
images/GPH/3D Model Textures/GPH_3D_tx_G 2100_burialchamber_wall_e_001.jpg	images/GPH/3D Model Textures_remove from TMS Collections/GPH_3D_tx_G 2100_burialchamber_wall_e_001.jpg
images/GPH/3D Model Textures/GPH_3D_tx_G 2100_burialchamber_wall_n_001.jpg	images/GPH/3D Model Textures_remove from TMS Collections/GPH_3D_tx_G 2100_burialchamber_wall_n_001.jpg
images/GPH/3D Model Textures/GPH_3D_tx_G 2100_burialchamber_wall_s_001.jpg	images/GPH/3D Model Textures_remove from TMS Collections/GPH_3D_tx_G 2100_burialchamber_wall_s_001.jpg
images/GPH/3D Model Textures/GPH_3D_tx_G 2100_burialchamber_wall_w_001.jpg	images/GPH/3D Model Textures_remove from TMS Collections/GPH_3D_tx_G 2100_burialchamber_wall_w_001.jpg
images/GPH/3D Model Textures/GPH_3D_tx_G 2100_lm_001.jpg	images/GPH/3D Model Textures_remove from TMS Collections/GPH_3D_tx_G 2100_lm_001.jpg
images/GPH/3D Model Textures/GPH_3D_tx_G 2100_sealingblocks_debris_lm_001.jpg	images/GPH/3D Model Textures_remove from TMS Collections/GPH_3D_tx_G 2100_sealingblocks_debris_lm_001.jpg
images/GPH/3D Model Textures/GPH_3D_tx_G 2100_sealingblocks_inplace_lm_001.jpg	images/GPH/3D Model Textures_remove from TMS Collections/GPH_3D_tx_G 2100_sealingblocks_inplace_lm_001.jpg
images/GPH/3D Model Textures/GPH_3D_tx_G 2100_shaft_lm_001.jpg	images/GPH/3D Model Textures_remove from TMS Collections/GPH_3D_tx_G 2100_shaft_lm_001.jpg
images/GPH/3D Model Textures/GPH_3D_tx_G 2110_chapel_entrance_drum_001.jpg	images/GPH/3D Model Textures_remove from TMS Collections/GPH_3D_tx_G 2110_chapel_entrance_drum_001.jpg
images/GPH/3D Model Textures/GPH_3D_tx_G 2110_chapel_entrance_jamb_n_001.jpg	images/GPH/3D Model Textures_remove from TMS Collections/GPH_3D_tx_G 2110_chapel_entrance_jamb_n_001.jpg
images/GPH/3D Model Textures/GPH_3D_tx_G 2110_chapel_entrance_jamb_s_001.jpg	images/GPH/3D Model Textures_remove from TMS Collections/GPH_3D_tx_G 2110_chapel_entrance_jamb_s_001.jpg
images/GPH/3D Model Textures/GPH_3D_tx_G 2110_chapel_falsedoor_tablet_001.jpg	images/GPH/3D Model Textures_remove from TMS Collections/GPH_3D_tx_G 2110_chapel_falsedoor_tablet_001.jpg
images/GPH/3D Model Textures/GPH_3D_tx_G 2110_chapel_wall_e_001.jpg	images/GPH/3D Model Textures_remove from TMS Collections/GPH_3D_tx_G 2110_chapel_wall_e_001.jpg
images/GPH/3D Model Textures/GPH_3D_tx_G 2110_chapel_wall_e_002.jpg	images/GPH/3D Model Textures_remove from TMS Collections/GPH_3D_tx_G 2110_chapel_wall_e_002.jpg
images/GPH/3D Model Textures/GPH_3D_tx_G 2110_chapel_wall_s_001.jpg	images/GPH/3D Model Textures_remove from TMS Collections/GPH_3D_tx_G 2110_chapel_wall_s_001.jpg
images/GPH/3D Model Textures/GPH_3D_tx_G 2110_chapel_wall_w_001.jpg	images/GPH/3D Model Textures_remove from TMS Collections/GPH_3D_tx_G 2110_chapel_wall_w_001.jpg
images/GPH/3D Model Textures/GPH_3D_tx_G 2110_lm_001.jpg	images/GPH/3D Model Textures_remove from TMS Collections/GPH_3D_tx_G 2110_lm_001.jpg
images/GPH/3D Model Textures/GPH_3D_tx_G 2155_chapel_entrance_001.jpg	images/GPH/3D Model Textures_remove from TMS Collections/GPH_3D_tx_G 2155_chapel_entrance_001.jpg
images/GPH/3D Model Textures/GPH_3D_tx_G 2155_chapel_entrance_jamb_n_001.jpg	images/GPH/3D Model Textures_remove from TMS Collections/GPH_3D_tx_G 2155_chapel_entrance_jamb_n_001.jpg
images/GPH/3D Model Textures/GPH_3D_tx_G 2155_chapel_entrance_jamb_s_001.jpg	images/GPH/3D Model Textures_remove from TMS Collections/GPH_3D_tx_G 2155_chapel_entrance_jamb_s_001.jpg
images/GPH/3D Model Textures/GPH_3D_tx_G 2155_chapel_entrance_jamb_s_002.jpg	images/GPH/3D Model Textures_remove from TMS Collections/GPH_3D_tx_G 2155_chapel_entrance_jamb_s_002.jpg
images/GPH/3D Model Textures/GPH_3D_tx_G 2155_chapel_wall_e_001.jpg	images/GPH/3D Model Textures_remove from TMS Collections/GPH_3D_tx_G 2155_chapel_wall_e_001.jpg
images/GPH/3D Model Textures/GPH_3D_tx_G 2155_chapel_wall_n_001.jpg	images/GPH/3D Model Textures_remove from TMS Collections/GPH_3D_tx_G 2155_chapel_wall_n_001.jpg
images/GPH/3D Model Textures/GPH_3D_tx_G 2155_chapel_wall_s_001.jpg	images/GPH/3D Model Textures_remove from TMS Collections/GPH_3D_tx_G 2155_chapel_wall_s_001.jpg
images/GPH/3D Model Textures/GPH_3D_tx_G 2155_chapel_wall_w_001.jpg	images/GPH/3D Model Textures_remove from TMS Collections/GPH_3D_tx_G 2155_chapel_wall_w_001.jpg
images/GPH/3D Model Textures/GPH_3D_tx_G 2155_falsedoor_exterior_001.jpg	images/GPH/3D Model Textures_remove from TMS Collections/GPH_3D_tx_G 2155_falsedoor_exterior_001.jpg
images/GPH/3D Model Textures/GPH_3D_tx_G 2155_floor_lm_001.jpg	images/GPH/3D Model Textures_remove from TMS Collections/GPH_3D_tx_G 2155_floor_lm_001.jpg
images/GPH/3D Model Textures/GPH_3D_tx_G 2155_interior_lm_001.jpg	images/GPH/3D Model Textures_remove from TMS Collections/GPH_3D_tx_G 2155_interior_lm_001.jpg
images/GPH/3D Model Textures/GPH_3D_tx_G 2155_lm_001.jpg	images/GPH/3D Model Textures_remove from TMS Collections/GPH_3D_tx_G 2155_lm_001.jpg
images/GPH/3D Model Textures/GPH_3D_tx_G 7000 X_canopic_box_001.jpg	images/GPH/3D Model Textures_remove from TMS Collections/GPH_3D_tx_G 7000 X_canopic_box_001.jpg
images/GPH/3D Model Textures/GPH_3D_tx_G 7000 X_lm_001.jpg	images/GPH/3D Model Textures_remove from TMS Collections/GPH_3D_tx_G 7000 X_lm_001.jpg
images/GPH/3D Model Textures/GPH_3D_tx_G 7000 X_nrm_001.jpg	images/GPH/3D Model Textures_remove from TMS Collections/GPH_3D_tx_G 7000 X_nrm_001.jpg
images/GPH/3D Model Textures/GPH_3D_tx_G 7101_courtC_001.jpg	images/GPH/3D Model Textures_remove from TMS Collections/GPH_3D_tx_G 7101_courtC_001.jpg
images/GPH/3D Model Textures/GPH_3D_tx_G 7101_courtC_bump_001.jpg	images/GPH/3D Model Textures_remove from TMS Collections/GPH_3D_tx_G 7101_courtC_bump_001.jpg
images/GPH/3D Model Textures/GPH_3D_tx_G 7101_courtC_bump_002.jpg	images/GPH/3D Model Textures_remove from TMS Collections/GPH_3D_tx_G 7101_courtC_bump_002.jpg
images/GPH/3D Model Textures/GPH_3D_tx_G 7101_courtC_color_001.jpg	images/GPH/3D Model Textures_remove from TMS Collections/GPH_3D_tx_G 7101_courtC_color_001.jpg
images/GPH/3D Model Textures/GPH_3D_tx_G 7101_courtC_color_002.jpg	images/GPH/3D Model Textures_remove from TMS Collections/GPH_3D_tx_G 7101_courtC_color_002.jpg
images/GPH/3D Model Textures/GPH_3D_tx_G 7101_courtC_disp_001.jpg	images/GPH/3D Model Textures_remove from TMS Collections/GPH_3D_tx_G 7101_courtC_disp_001.jpg
images/GPH/3D Model Textures/GPH_3D_tx_G 7101_courtC_nrm_001.jpg	images/GPH/3D Model Textures_remove from TMS Collections/GPH_3D_tx_G 7101_courtC_nrm_001.jpg
images/GPH/3D Model Textures/GPH_3D_tx_G 7101_courtC_occ_001.jpg	images/GPH/3D Model Textures_remove from TMS Collections/GPH_3D_tx_G 7101_courtC_occ_001.jpg
images/GPH/3D Model Textures/GPH_3D_tx_G 7101_courtC_schematic_001.jpg	images/GPH/3D Model Textures_remove from TMS Collections/GPH_3D_tx_G 7101_courtC_schematic_001.jpg
images/GPH/3D Model Textures/GPH_3D_tx_G 7101_courtC_spec_001.jpg	images/GPH/3D Model Textures_remove from TMS Collections/GPH_3D_tx_G 7101_courtC_spec_001.jpg
images/GPH/3D Model Textures/GPH_3D_tx_G 7101_floor_001.jpg	images/GPH/3D Model Textures_remove from TMS Collections/GPH_3D_tx_G 7101_floor_001.jpg
images/GPH/3D Model Textures/GPH_3D_tx_G 7101_floor_002.jpg	images/GPH/3D Model Textures_remove from TMS Collections/GPH_3D_tx_G 7101_floor_002.jpg
images/GPH/3D Model Textures/GPH_3D_tx_G 7101_roomD_001.jpg	images/GPH/3D Model Textures_remove from TMS Collections/GPH_3D_tx_G 7101_roomD_001.jpg
images/GPH/3D Model Textures/GPH_3D_tx_G 7101_roomD_bump_001.jpg	images/GPH/3D Model Textures_remove from TMS Collections/GPH_3D_tx_G 7101_roomD_bump_001.jpg
images/GPH/3D Model Textures/GPH_3D_tx_G 7101_roomD_color_001.jpg	images/GPH/3D Model Textures_remove from TMS Collections/GPH_3D_tx_G 7101_roomD_color_001.jpg
images/GPH/3D Model Textures/GPH_3D_tx_G 7101_roomD_disp_001.jpg	images/GPH/3D Model Textures_remove from TMS Collections/GPH_3D_tx_G 7101_roomD_disp_001.jpg
images/GPH/3D Model Textures/GPH_3D_tx_G 7101_roomD_nrm_001.jpg	images/GPH/3D Model Textures_remove from TMS Collections/GPH_3D_tx_G 7101_roomD_nrm_001.jpg
images/GPH/3D Model Textures/GPH_3D_tx_G 7101_roomD_occ_001.jpg	images/GPH/3D Model Textures_remove from TMS Collections/GPH_3D_tx_G 7101_roomD_occ_001.jpg
images/GPH/3D Model Textures/GPH_3D_tx_G 7101_roomD_schematic_001.jpg	images/GPH/3D Model Textures_remove from TMS Collections/GPH_3D_tx_G 7101_roomD_schematic_001.jpg
images/GPH/3D Model Textures/GPH_3D_tx_G 7101_roomD_spec_001.jpg	images/GPH/3D Model Textures_remove from TMS Collections/GPH_3D_tx_G 7101_roomD_spec_001.jpg
images/GPH/3D Model Textures/GPH_3D_tx_G 7101_roomD_statue_001.jpg	images/GPH/3D Model Textures_remove from TMS Collections/GPH_3D_tx_G 7101_roomD_statue_001.jpg
images/GPH/3D Model Textures/GPH_3D_tx_G 7101_roomD_statue_schematic_001.jpg	images/GPH/3D Model Textures_remove from TMS Collections/GPH_3D_tx_G 7101_roomD_statue_schematic_001.jpg
images/GPH/3D Model Textures/GPH_3D_tx_G 7101_roomE_001.jpg	images/GPH/3D Model Textures_remove from TMS Collections/GPH_3D_tx_G 7101_roomE_001.jpg
images/GPH/3D Model Textures/GPH_3D_tx_G 7101_roomE_bump_001.jpg	images/GPH/3D Model Textures_remove from TMS Collections/GPH_3D_tx_G 7101_roomE_bump_001.jpg
images/GPH/3D Model Textures/GPH_3D_tx_G 7101_roomE_color_001.jpg	images/GPH/3D Model Textures_remove from TMS Collections/GPH_3D_tx_G 7101_roomE_color_001.jpg
images/GPH/3D Model Textures/GPH_3D_tx_G 7101_roomE_disp_001.jpg	images/GPH/3D Model Textures_remove from TMS Collections/GPH_3D_tx_G 7101_roomE_disp_001.jpg
images/GPH/3D Model Textures/GPH_3D_tx_G 7101_roomE_falsedoor_001.jpg	images/GPH/3D Model Textures_remove from TMS Collections/GPH_3D_tx_G 7101_roomE_falsedoor_001.jpg
images/GPH/3D Model Textures/GPH_3D_tx_G 7101_roomE_falsedoor_bump_001.jpg	images/GPH/3D Model Textures_remove from TMS Collections/GPH_3D_tx_G 7101_roomE_falsedoor_bump_001.jpg
images/GPH/3D Model Textures/GPH_3D_tx_G 7101_roomE_falsedoor_color_001.jpg	images/GPH/3D Model Textures_remove from TMS Collections/GPH_3D_tx_G 7101_roomE_falsedoor_color_001.jpg
images/GPH/3D Model Textures/GPH_3D_tx_G 7101_roomE_falsedoor_schematic_001.jpg	images/GPH/3D Model Textures_remove from TMS Collections/GPH_3D_tx_G 7101_roomE_falsedoor_schematic_001.jpg
images/GPH/3D Model Textures/GPH_3D_tx_G 7101_roomE_nrm_001.jpg	images/GPH/3D Model Textures_remove from TMS Collections/GPH_3D_tx_G 7101_roomE_nrm_001.jpg
images/GPH/3D Model Textures/GPH_3D_tx_G 7101_roomE_occ_001.jpg	images/GPH/3D Model Textures_remove from TMS Collections/GPH_3D_tx_G 7101_roomE_occ_001.jpg
images/GPH/3D Model Textures/GPH_3D_tx_G 7101_roomE_schematic_001.jpg	images/GPH/3D Model Textures_remove from TMS Collections/GPH_3D_tx_G 7101_roomE_schematic_001.jpg
images/GPH/3D Model Textures/GPH_3D_tx_G 7101_roomE_spec_001.jpg	images/GPH/3D Model Textures_remove from TMS Collections/GPH_3D_tx_G 7101_roomE_spec_001.jpg
images/GPH/3D Model Textures/GPH_3D_tx_G 7101_stairs_001.jpg	images/GPH/3D Model Textures_remove from TMS Collections/GPH_3D_tx_G 7101_stairs_001.jpg
images/GPH/3D Model Textures/GPH_3D_tx_G 7101_stairs_002.jpg	images/GPH/3D Model Textures_remove from TMS Collections/GPH_3D_tx_G 7101_stairs_002.jpg
images/GPH/3D Model Textures/GPH_3D_tx_G 7130-7140_gm3_fig019_001.jpg	images/GPH/3D Model Textures_remove from TMS Collections/GPH_3D_tx_G 7130-7140_gm3_fig019_001.jpg
images/GPH/3D Model Textures/GPH_3D_tx_G 7130-7140_gm3_fig024_001.jpg	images/GPH/3D Model Textures_remove from TMS Collections/GPH_3D_tx_G 7130-7140_gm3_fig024_001.jpg
images/GPH/3D Model Textures/GPH_3D_tx_G 7130-7140_gm3_fig025_001.jpg	images/GPH/3D Model Textures_remove from TMS Collections/GPH_3D_tx_G 7130-7140_gm3_fig025_001.jpg
images/GPH/3D Model Textures/GPH_3D_tx_G 7130-7140_gm3_fig026_001.jpg	images/GPH/3D Model Textures_remove from TMS Collections/GPH_3D_tx_G 7130-7140_gm3_fig026_001.jpg
images/GPH/3D Model Textures/GPH_3D_tx_G 7130-7140_gm3_fig027_001.jpg	images/GPH/3D Model Textures_remove from TMS Collections/GPH_3D_tx_G 7130-7140_gm3_fig027_001.jpg
images/GPH/3D Model Textures/GPH_3D_tx_G 7130-7140_gm3_fig028_001.jpg	images/GPH/3D Model Textures_remove from TMS Collections/GPH_3D_tx_G 7130-7140_gm3_fig028_001.jpg
images/GPH/3D Model Textures/GPH_3D_tx_G 7130-7140_gm3_fig029_001.jpg	images/GPH/3D Model Textures_remove from TMS Collections/GPH_3D_tx_G 7130-7140_gm3_fig029_001.jpg
images/GPH/3D Model Textures/GPH_3D_tx_G 7130-7140_gm3_fig030_001.jpg	images/GPH/3D Model Textures_remove from TMS Collections/GPH_3D_tx_G 7130-7140_gm3_fig030_001.jpg
images/GPH/3D Model Textures/GPH_3D_tx_G 7130-7140_gm3_fig031_001.jpg	images/GPH/3D Model Textures_remove from TMS Collections/GPH_3D_tx_G 7130-7140_gm3_fig031_001.jpg
images/GPH/3D Model Textures/GPH_3D_tx_G 7130-7140_gm3_fig031_001_bump.jpg	images/GPH/3D Model Textures_remove from TMS Collections/GPH_3D_tx_G 7130-7140_gm3_fig031_001_bump.jpg
images/GPH/3D Model Textures/GPH_3D_tx_G 7130-7140_gm3_fig032_001.jpg	images/GPH/3D Model Textures_remove from TMS Collections/GPH_3D_tx_G 7130-7140_gm3_fig032_001.jpg
images/GPH/3D Model Textures/GPH_3D_tx_G 7130-7140_gm3_fig033_001.jpg	images/GPH/3D Model Textures_remove from TMS Collections/GPH_3D_tx_G 7130-7140_gm3_fig033_001.jpg
images/GPH/3D Model Textures/GPH_3D_tx_G 7130-7140_gm3_fig034_001.jpg	images/GPH/3D Model Textures_remove from TMS Collections/GPH_3D_tx_G 7130-7140_gm3_fig034_001.jpg
images/GPH/3D Model Textures/GPH_3D_tx_G 7130-7140_roomA_001.jpg	images/GPH/3D Model Textures_remove from TMS Collections/GPH_3D_tx_G 7130-7140_roomA_001.jpg
images/GPH/3D Model Textures/GPH_3D_tx_G 7130-7140_roomA_s_001.jpg	images/GPH/3D Model Textures_remove from TMS Collections/GPH_3D_tx_G 7130-7140_roomA_s_001.jpg
images/GPH/3D Model Textures/GPH_3D_tx_G 7130-7140_roomA_s_bump_001.jpg	images/GPH/3D Model Textures_remove from TMS Collections/GPH_3D_tx_G 7130-7140_roomA_s_bump_001.jpg
images/GPH/3D Model Textures/GPH_3D_tx_G 7130-7140_roomB_001.jpg	images/GPH/3D Model Textures_remove from TMS Collections/GPH_3D_tx_G 7130-7140_roomB_001.jpg
images/GPH/3D Model Textures/GPH_3D_tx_G 7130-7140_roomB_s_001.jpg	images/GPH/3D Model Textures_remove from TMS Collections/GPH_3D_tx_G 7130-7140_roomB_s_001.jpg
images/GPH/3D Model Textures/GPH_3D_tx_G 7130-7140_roomB_s_bump_001.jpg	images/GPH/3D Model Textures_remove from TMS Collections/GPH_3D_tx_G 7130-7140_roomB_s_bump_001.jpg
images/GPH/3D Model Textures/GPH_3D_tx_G 7530-7540_entrance_001.jpg	images/GPH/3D Model Textures_remove from TMS Collections/GPH_3D_tx_G 7530-7540_entrance_001.jpg
images/GPH/3D Model Textures/GPH_3D_tx_G 7530-7540_entrance_002.jpg	images/GPH/3D Model Textures_remove from TMS Collections/GPH_3D_tx_G 7530-7540_entrance_002.jpg
images/GPH/3D Model Textures/GPH_3D_tx_G 7530-7540_entrance_bake_001.jpg	images/GPH/3D Model Textures_remove from TMS Collections/GPH_3D_tx_G 7530-7540_entrance_bake_001.jpg
images/GPH/3D Model Textures/GPH_3D_tx_G 7530-7540_entrance_bump_001.jpg	images/GPH/3D Model Textures_remove from TMS Collections/GPH_3D_tx_G 7530-7540_entrance_bump_001.jpg
images/GPH/3D Model Textures/GPH_3D_tx_G 7530-7540_entrance_color_001.jpg	images/GPH/3D Model Textures_remove from TMS Collections/GPH_3D_tx_G 7530-7540_entrance_color_001.jpg
images/GPH/3D Model Textures/GPH_3D_tx_G 7530-7540_entrance_color_002.jpg	images/GPH/3D Model Textures_remove from TMS Collections/GPH_3D_tx_G 7530-7540_entrance_color_002.jpg
images/GPH/3D Model Textures/GPH_3D_tx_G 7530-7540_entrance_stone_001.jpg	images/GPH/3D Model Textures_remove from TMS Collections/GPH_3D_tx_G 7530-7540_entrance_stone_001.jpg
images/GPH/3D Model Textures/GPH_3D_tx_G 7530-7540_entrance_stone_bump_001.jpg	images/GPH/3D Model Textures_remove from TMS Collections/GPH_3D_tx_G 7530-7540_entrance_stone_bump_001.jpg
images/GPH/3D Model Textures/GPH_3D_tx_G 7530-7540_roomA_001.jpg	images/GPH/3D Model Textures_remove from TMS Collections/GPH_3D_tx_G 7530-7540_roomA_001.jpg
images/GPH/3D Model Textures/GPH_3D_tx_G 7530-7540_roomA_bake_001.jpg	images/GPH/3D Model Textures_remove from TMS Collections/GPH_3D_tx_G 7530-7540_roomA_bake_001.jpg
images/GPH/3D Model Textures/GPH_3D_tx_G 7530-7540_roomA_damage_001.jpg	images/GPH/3D Model Textures_remove from TMS Collections/GPH_3D_tx_G 7530-7540_roomA_damage_001.jpg
images/GPH/3D Model Textures/GPH_3D_tx_G 7530-7540_roomA_door_partB_001.jpg	images/GPH/3D Model Textures_remove from TMS Collections/GPH_3D_tx_G 7530-7540_roomA_door_partB_001.jpg
images/GPH/3D Model Textures/GPH_3D_tx_G 7530-7540_roomA_roof_border_001.jpg	images/GPH/3D Model Textures_remove from TMS Collections/GPH_3D_tx_G 7530-7540_roomA_roof_border_001.jpg
images/GPH/3D Model Textures/GPH_3D_tx_G 7530-7540_roomA_screenA_bake_001.jpg	images/GPH/3D Model Textures_remove from TMS Collections/GPH_3D_tx_G 7530-7540_roomA_screenA_bake_001.jpg
images/GPH/3D Model Textures/GPH_3D_tx_G 7530-7540_roomA_scribe_niche_001.jpg	images/GPH/3D Model Textures_remove from TMS Collections/GPH_3D_tx_G 7530-7540_roomA_scribe_niche_001.jpg
images/GPH/3D Model Textures/GPH_3D_tx_G 7530-7540_roomA_seatedscribe_001.jpg	images/GPH/3D Model Textures_remove from TMS Collections/GPH_3D_tx_G 7530-7540_roomA_seatedscribe_001.jpg
images/GPH/3D Model Textures/GPH_3D_tx_G 7530-7540_roomA_seatedscribe_002.jpg	images/GPH/3D Model Textures_remove from TMS Collections/GPH_3D_tx_G 7530-7540_roomA_seatedscribe_002.jpg
images/GPH/3D Model Textures/GPH_3D_tx_G 7530-7540_roomA_statue2_001.jpg	images/GPH/3D Model Textures_remove from TMS Collections/GPH_3D_tx_G 7530-7540_roomA_statue2_001.jpg
images/GPH/3D Model Textures/GPH_3D_tx_G 7530-7540_roomA_statue2_002.jpg	images/GPH/3D Model Textures_remove from TMS Collections/GPH_3D_tx_G 7530-7540_roomA_statue2_002.jpg
images/GPH/3D Model Textures/GPH_3D_tx_G 7530-7540_roomA_statue2_003.jpg	images/GPH/3D Model Textures_remove from TMS Collections/GPH_3D_tx_G 7530-7540_roomA_statue2_003.jpg
images/GPH/3D Model Textures/GPH_3D_tx_G 7530-7540_roomA_statue2_004.jpg	images/GPH/3D Model Textures_remove from TMS Collections/GPH_3D_tx_G 7530-7540_roomA_statue2_004.jpg
images/GPH/3D Model Textures/GPH_3D_tx_G 7530-7540_roomA_statue2_bake_001.jpg	images/GPH/3D Model Textures_remove from TMS Collections/GPH_3D_tx_G 7530-7540_roomA_statue2_bake_001.jpg
images/GPH/3D Model Textures/GPH_3D_tx_G 7530-7540_roomA_statue2_bake_002.jpg	images/GPH/3D Model Textures_remove from TMS Collections/GPH_3D_tx_G 7530-7540_roomA_statue2_bake_002.jpg
images/GPH/3D Model Textures/GPH_3D_tx_G 7530-7540_roomA_statue3_001.jpg	images/GPH/3D Model Textures_remove from TMS Collections/GPH_3D_tx_G 7530-7540_roomA_statue3_001.jpg
images/GPH/3D Model Textures/GPH_3D_tx_G 7530-7540_roomA_statue3_003.jpg	images/GPH/3D Model Textures_remove from TMS Collections/GPH_3D_tx_G 7530-7540_roomA_statue3_003.jpg
images/GPH/3D Model Textures/GPH_3D_tx_G 7530-7540_roomA_virtools_001.jpg	images/GPH/3D Model Textures_remove from TMS Collections/GPH_3D_tx_G 7530-7540_roomA_virtools_001.jpg
images/GPH/3D Model Textures/GPH_3D_tx_G 7530-7540_roomA_wall_e+s_001.jpg	images/GPH/3D Model Textures_remove from TMS Collections/GPH_3D_tx_G 7530-7540_roomA_wall_e+s_001.jpg
images/GPH/3D Model Textures/GPH_3D_tx_G 7530-7540_roomA_wall_e+s_bump_001.jpg	images/GPH/3D Model Textures_remove from TMS Collections/GPH_3D_tx_G 7530-7540_roomA_wall_e+s_bump_001.jpg
images/GPH/3D Model Textures/GPH_3D_tx_G 7530-7540_roomA_wall_w_001.jpg	images/GPH/3D Model Textures_remove from TMS Collections/GPH_3D_tx_G 7530-7540_roomA_wall_w_001.jpg
images/GPH/3D Model Textures/GPH_3D_tx_G 7530-7540_roomA_wall_w_002.jpg	images/GPH/3D Model Textures_remove from TMS Collections/GPH_3D_tx_G 7530-7540_roomA_wall_w_002.jpg
images/GPH/3D Model Textures/GPH_3D_tx_G 7530-7540_roomA_wall_w_003.jpg	images/GPH/3D Model Textures_remove from TMS Collections/GPH_3D_tx_G 7530-7540_roomA_wall_w_003.jpg
images/GPH/3D Model Textures/GPH_3D_tx_G 7530-7540_roomA_wall_w_bump_001.jpg	images/GPH/3D Model Textures_remove from TMS Collections/GPH_3D_tx_G 7530-7540_roomA_wall_w_bump_001.jpg
images/GPH/3D Model Textures/GPH_3D_tx_G 7530-7540_roomB_001.jpg	images/GPH/3D Model Textures_remove from TMS Collections/GPH_3D_tx_G 7530-7540_roomB_001.jpg
images/GPH/3D Model Textures/GPH_3D_tx_G 7530-7540_roomB_002.jpg	images/GPH/3D Model Textures_remove from TMS Collections/GPH_3D_tx_G 7530-7540_roomB_002.jpg
images/GPH/3D Model Textures/GPH_3D_tx_G 7530-7540_roomB_bake_001.jpg	images/GPH/3D Model Textures_remove from TMS Collections/GPH_3D_tx_G 7530-7540_roomB_bake_001.jpg
images/GPH/3D Model Textures/GPH_3D_tx_G 7530-7540_roomB_bump_001.jpg	images/GPH/3D Model Textures_remove from TMS Collections/GPH_3D_tx_G 7530-7540_roomB_bump_001.jpg
images/GPH/3D Model Textures/GPH_3D_tx_G 7530-7540_roomB_statues_bake_001.jpg	images/GPH/3D Model Textures_remove from TMS Collections/GPH_3D_tx_G 7530-7540_roomB_statues_bake_001.jpg
images/GPH/3D Model Textures/GPH_3D_tx_G 7530-7540_roomB_statues_bake_002.jpg	images/GPH/3D Model Textures_remove from TMS Collections/GPH_3D_tx_G 7530-7540_roomB_statues_bake_002.jpg
images/GPH/3D Model Textures/GPH_3D_tx_G 7530-7540_roomB_wall_e_001.jpg	images/GPH/3D Model Textures_remove from TMS Collections/GPH_3D_tx_G 7530-7540_roomB_wall_e_001.jpg
images/GPH/3D Model Textures/GPH_3D_tx_G 7530-7540_roomB_wall_e_002.jpg	images/GPH/3D Model Textures_remove from TMS Collections/GPH_3D_tx_G 7530-7540_roomB_wall_e_002.jpg
images/GPH/3D Model Textures/GPH_3D_tx_G 7530-7540_roomB_wall_e_bump_001.jpg	images/GPH/3D Model Textures_remove from TMS Collections/GPH_3D_tx_G 7530-7540_roomB_wall_e_bump_001.jpg
images/GPH/3D Model Textures/GPH_3D_tx_G 7530-7540_roomB_wall_e_color_001.jpg	images/GPH/3D Model Textures_remove from TMS Collections/GPH_3D_tx_G 7530-7540_roomB_wall_e_color_001.jpg
images/GPH/3D Model Textures/GPH_3D_tx_G 7530-7540_roomB_wall_e_statues_001.jpg	images/GPH/3D Model Textures_remove from TMS Collections/GPH_3D_tx_G 7530-7540_roomB_wall_e_statues_001.jpg
images/GPH/3D Model Textures/GPH_3D_tx_G 7530-7540_roomB_wall_e_statues_002.jpg	images/GPH/3D Model Textures_remove from TMS Collections/GPH_3D_tx_G 7530-7540_roomB_wall_e_statues_002.jpg
images/GPH/3D Model Textures/GPH_3D_tx_G 7530-7540_roomB_wall_e_statues_003.jpg	images/GPH/3D Model Textures_remove from TMS Collections/GPH_3D_tx_G 7530-7540_roomB_wall_e_statues_003.jpg
images/GPH/3D Model Textures/GPH_3D_tx_G 7530-7540_roomB_wall_e_statues_004.jpg	images/GPH/3D Model Textures_remove from TMS Collections/GPH_3D_tx_G 7530-7540_roomB_wall_e_statues_004.jpg
images/GPH/3D Model Textures/GPH_3D_tx_G 7530-7540_roomB_wall_e_statues_005.jpg	images/GPH/3D Model Textures_remove from TMS Collections/GPH_3D_tx_G 7530-7540_roomB_wall_e_statues_005.jpg
images/GPH/3D Model Textures/GPH_3D_tx_G 7530-7540_roomB_wall_e_statues_006.jpg	images/GPH/3D Model Textures_remove from TMS Collections/GPH_3D_tx_G 7530-7540_roomB_wall_e_statues_006.jpg
images/GPH/3D Model Textures/GPH_3D_tx_G 7530-7540_roomB_wall_e_statues_007.jpg	images/GPH/3D Model Textures_remove from TMS Collections/GPH_3D_tx_G 7530-7540_roomB_wall_e_statues_007.jpg
images/GPH/3D Model Textures/GPH_3D_tx_G 7530-7540_roomC_001.jpg	images/GPH/3D Model Textures_remove from TMS Collections/GPH_3D_tx_G 7530-7540_roomC_001.jpg
images/GPH/3D Model Textures/GPH_3D_tx_G 7530-7540_roomC_bake_001.jpg	images/GPH/3D Model Textures_remove from TMS Collections/GPH_3D_tx_G 7530-7540_roomC_bake_001.jpg
images/GPH/3D Model Textures/GPH_3D_tx_G 7530-7540_roomC_bump_001.jpg	images/GPH/3D Model Textures_remove from TMS Collections/GPH_3D_tx_G 7530-7540_roomC_bump_001.jpg
images/GPH/3D Model Textures/GPH_3D_tx_G 7530-7540_shaft_001.jpg	images/GPH/3D Model Textures_remove from TMS Collections/GPH_3D_tx_G 7530-7540_shaft_001.jpg
images/GPH/3D Model Textures/GPH_3D_tx_G 7530-7540_shaft_avatar_bake_001.jpg	images/GPH/3D Model Textures_remove from TMS Collections/GPH_3D_tx_G 7530-7540_shaft_avatar_bake_001.jpg
images/GPH/3D Model Textures/GPH_3D_tx_G 7530-7540_shaft_bake_001.jpg	images/GPH/3D Model Textures_remove from TMS Collections/GPH_3D_tx_G 7530-7540_shaft_bake_001.jpg
images/GPH/3D Model Textures/GPH_3D_tx_G 7530-7540_wall_decoration_001.jpg	images/GPH/3D Model Textures_remove from TMS Collections/GPH_3D_tx_G 7530-7540_wall_decoration_001.jpg
images/GPH/3D Model Textures/GPH_3D_tx_G 7530-7540_wall_decoration_002.jpg	images/GPH/3D Model Textures_remove from TMS Collections/GPH_3D_tx_G 7530-7540_wall_decoration_002.jpg
images/GPH/3D Model Textures/GPH_3D_tx_G 7530-7540_wire_001.jpg	images/GPH/3D Model Textures_remove from TMS Collections/GPH_3D_tx_G 7530-7540_wire_001.jpg
images/GPH/3D Model Textures/GPH_3D_tx_G 7530-7540_wire_002.jpg	images/GPH/3D Model Textures_remove from TMS Collections/GPH_3D_tx_G 7530-7540_wire_002.jpg
images/GPH/3D Model Textures/GPH_3D_tx_G 7530-7540_wire_003.jpg	images/GPH/3D Model Textures_remove from TMS Collections/GPH_3D_tx_G 7530-7540_wire_003.jpg
images/GPH/3D Model Textures/GPH_3D_tx_G 7530-7540_wire_004.jpg	images/GPH/3D Model Textures_remove from TMS Collections/GPH_3D_tx_G 7530-7540_wire_004.jpg
images/GPH/3D Model Textures/GPH_3D_tx_G 7530-7540_wire_004_bump.jpg	images/GPH/3D Model Textures_remove from TMS Collections/GPH_3D_tx_G 7530-7540_wire_004_bump.jpg
images/GPH/3D Model Textures/GPH_3D_tx_G 7530-7540_wire_005.jpg	images/GPH/3D Model Textures_remove from TMS Collections/GPH_3D_tx_G 7530-7540_wire_005.jpg
images/GPH/3D Model Textures/GPH_3D_tx_GEM_6364+GEM_6372_001.jpg	images/GPH/3D Model Textures_remove from TMS Collections/GPH_3D_tx_GEM_6364+GEM_6372_001.jpg
images/GPH/3D Model Textures/GPH_3D_tx_GEM_6364_001.jpg	images/GPH/3D Model Textures_remove from TMS Collections/GPH_3D_tx_GEM_6364_001.jpg
images/GPH/3D Model Textures/GPH_3D_tx_GEM_6365_001.jpg	images/GPH/3D Model Textures_remove from TMS Collections/GPH_3D_tx_GEM_6365_001.jpg
images/GPH/3D Model Textures/GPH_3D_tx_GEM_6365_border_001.jpg	images/GPH/3D Model Textures_remove from TMS Collections/GPH_3D_tx_GEM_6365_border_001.jpg
images/GPH/3D Model Textures/GPH_3D_tx_GEM_6365_color_001.jpg	images/GPH/3D Model Textures_remove from TMS Collections/GPH_3D_tx_GEM_6365_color_001.jpg
images/GPH/3D Model Textures/GPH_3D_tx_GEM_6365_light_001.jpg	images/GPH/3D Model Textures_remove from TMS Collections/GPH_3D_tx_GEM_6365_light_001.jpg
images/GPH/3D Model Textures/GPH_3D_tx_GEM_6365_nrm_001.jpg	images/GPH/3D Model Textures_remove from TMS Collections/GPH_3D_tx_GEM_6365_nrm_001.jpg
images/GPH/3D Model Textures/GPH_3D_tx_GEM_6365_spec_001.jpg	images/GPH/3D Model Textures_remove from TMS Collections/GPH_3D_tx_GEM_6365_spec_001.jpg
images/GPH/3D Model Textures/GPH_3D_tx_GEM_6365_uv_001.jpg	images/GPH/3D Model Textures_remove from TMS Collections/GPH_3D_tx_GEM_6365_uv_001.jpg
images/GPH/3D Model Textures/GPH_3D_tx_GEM_6372_copper_001.jpg	images/GPH/3D Model Textures_remove from TMS Collections/GPH_3D_tx_GEM_6372_copper_001.jpg
images/GPH/3D Model Textures/GPH_3D_tx_GEM_6372_copper_nrm_001.jpg	images/GPH/3D Model Textures_remove from TMS Collections/GPH_3D_tx_GEM_6372_copper_nrm_001.jpg
images/GPH/3D Model Textures/GPH_3D_tx_GEM_6372_gold_001.jpg	images/GPH/3D Model Textures_remove from TMS Collections/GPH_3D_tx_GEM_6372_gold_001.jpg
images/GPH/3D Model Textures/GPH_3D_tx_GEM_6372_inscription_nrm_001.jpg	images/GPH/3D Model Textures_remove from TMS Collections/GPH_3D_tx_GEM_6372_inscription_nrm_001.jpg
images/GPH/3D Model Textures/GPH_3D_tx_GEM_6372_leather_001.jpg	images/GPH/3D Model Textures_remove from TMS Collections/GPH_3D_tx_GEM_6372_leather_001.jpg
images/GPH/3D Model Textures/GPH_3D_tx_GEM_6424_001.jpg	images/GPH/3D Model Textures_remove from TMS Collections/GPH_3D_tx_GEM_6424_001.jpg
images/GPH/3D Model Textures/GPH_3D_tx_GEM_6426_001.jpg	images/GPH/3D Model Textures_remove from TMS Collections/GPH_3D_tx_GEM_6426_001.jpg
images/GPH/3D Model Textures/GPH_3D_tx_GEM_6426_light_001.jpg	images/GPH/3D Model Textures_remove from TMS Collections/GPH_3D_tx_GEM_6426_light_001.jpg
images/GPH/3D Model Textures/GPH_3D_tx_George Reisner_accessories_alpha_001.jpg	images/GPH/3D Model Textures_remove from TMS Collections/GPH_3D_tx_George Reisner_accessories_alpha_001.jpg
images/GPH/3D Model Textures/GPH_3D_tx_George Reisner_accessories_diff_001.jpg	images/GPH/3D Model Textures_remove from TMS Collections/GPH_3D_tx_George Reisner_accessories_diff_001.jpg
images/GPH/3D Model Textures/GPH_3D_tx_George Reisner_accessories_nrm_001.jpg	images/GPH/3D Model Textures_remove from TMS Collections/GPH_3D_tx_George Reisner_accessories_nrm_001.jpg
images/GPH/3D Model Textures/GPH_3D_tx_George Reisner_diff_001.jpg	images/GPH/3D Model Textures_remove from TMS Collections/GPH_3D_tx_George Reisner_diff_001.jpg
images/GPH/3D Model Textures/GPH_3D_tx_George Reisner_eyelashes_diff_001.jpg	images/GPH/3D Model Textures_remove from TMS Collections/GPH_3D_tx_George Reisner_eyelashes_diff_001.jpg
images/GPH/3D Model Textures/GPH_3D_tx_George Reisner_hair_diff_001.jpg	images/GPH/3D Model Textures_remove from TMS Collections/GPH_3D_tx_George Reisner_hair_diff_001.jpg
images/GPH/3D Model Textures/GPH_3D_tx_George Reisner_nrm_001.jpg	images/GPH/3D Model Textures_remove from TMS Collections/GPH_3D_tx_George Reisner_nrm_001.jpg
images/GPH/3D Model Textures/GPH_3D_tx_George Reisner_nrm_bump_001.jpg	images/GPH/3D Model Textures_remove from TMS Collections/GPH_3D_tx_George Reisner_nrm_bump_001.jpg
images/GPH/3D Model Textures/GPH_3D_tx_George Reisner_spec_001.jpg	images/GPH/3D Model Textures_remove from TMS Collections/GPH_3D_tx_George Reisner_spec_001.jpg
images/GPH/3D Model Textures/GPH_3D_tx_George Reisner_spec_002.jpg	images/GPH/3D Model Textures_remove from TMS Collections/GPH_3D_tx_George Reisner_spec_002.jpg
images/GPH/3D Model Textures/GPH_3D_tx_Giza Plateau_004.jpg	images/GPH/3D Model Textures_remove from TMS Collections/GPH_3D_tx_Giza Plateau_004.jpg
images/GPH/3D Model Textures/GPH_3D_tx_Giza Plateau_005.jpg	images/GPH/3D Model Textures_remove from TMS Collections/GPH_3D_tx_Giza Plateau_005.jpg
images/GPH/3D Model Textures/GPH_3D_tx_Giza Plateau_006.jpg	images/GPH/3D Model Textures_remove from TMS Collections/GPH_3D_tx_Giza Plateau_006.jpg
images/GPH/3D Model Textures/GPH_3D_tx_Giza Plateau_007.jpg	images/GPH/3D Model Textures_remove from TMS Collections/GPH_3D_tx_Giza Plateau_007.jpg
images/GPH/3D Model Textures/GPH_3D_tx_Giza Plateau_009.jpg	images/GPH/3D Model Textures_remove from TMS Collections/GPH_3D_tx_Giza Plateau_009.jpg
images/GPH/3D Model Textures/GPH_3D_tx_Giza Plateau_010.jpg	images/GPH/3D Model Textures_remove from TMS Collections/GPH_3D_tx_Giza Plateau_010.jpg
images/GPH/3D Model Textures/GPH_3D_tx_Giza Plateau_011.jpg	images/GPH/3D Model Textures_remove from TMS Collections/GPH_3D_tx_Giza Plateau_011.jpg
images/GPH/3D Model Textures/GPH_3D_tx_Giza Plateau_012.jpg	images/GPH/3D Model Textures_remove from TMS Collections/GPH_3D_tx_Giza Plateau_012.jpg
images/GPH/3D Model Textures/GPH_3D_tx_Giza Plateau_013.jpg	images/GPH/3D Model Textures_remove from TMS Collections/GPH_3D_tx_Giza Plateau_013.jpg
images/GPH/3D Model Textures/GPH_3D_tx_Giza Plateau_016.jpg	images/GPH/3D Model Textures_remove from TMS Collections/GPH_3D_tx_Giza Plateau_016.jpg
images/GPH/3D Model Textures/GPH_3D_tx_Giza Plateau_017.jpg	images/GPH/3D Model Textures_remove from TMS Collections/GPH_3D_tx_Giza Plateau_017.jpg
images/GPH/3D Model Textures/GPH_3D_tx_Giza Plateau_018.jpg	images/GPH/3D Model Textures_remove from TMS Collections/GPH_3D_tx_Giza Plateau_018.jpg
images/GPH/3D Model Textures/GPH_3D_tx_Giza Plateau_019.jpg	images/GPH/3D Model Textures_remove from TMS Collections/GPH_3D_tx_Giza Plateau_019.jpg
images/GPH/3D Model Textures/GPH_3D_tx_Giza Plateau_020.jpg	images/GPH/3D Model Textures_remove from TMS Collections/GPH_3D_tx_Giza Plateau_020.jpg
images/GPH/3D Model Textures/GPH_3D_tx_Giza Plateau_021.jpg	images/GPH/3D Model Textures_remove from TMS Collections/GPH_3D_tx_Giza Plateau_021.jpg
images/GPH/3D Model Textures/GPH_3D_tx_Giza Plateau_023.jpg	images/GPH/3D Model Textures_remove from TMS Collections/GPH_3D_tx_Giza Plateau_023.jpg
images/GPH/3D Model Textures/GPH_3D_tx_Giza Plateau_024.jpg	images/GPH/3D Model Textures_remove from TMS Collections/GPH_3D_tx_Giza Plateau_024.jpg
images/GPH/3D Model Textures/GPH_3D_tx_Giza Plateau_025.jpg	images/GPH/3D Model Textures_remove from TMS Collections/GPH_3D_tx_Giza Plateau_025.jpg
images/GPH/3D Model Textures/GPH_3D_tx_Giza Plateau_026.jpg	images/GPH/3D Model Textures_remove from TMS Collections/GPH_3D_tx_Giza Plateau_026.jpg
images/GPH/3D Model Textures/GPH_3D_tx_Giza Plateau_027.jpg	images/GPH/3D Model Textures_remove from TMS Collections/GPH_3D_tx_Giza Plateau_027.jpg
images/GPH/3D Model Textures/GPH_3D_tx_Giza Plateau_028.jpg	images/GPH/3D Model Textures_remove from TMS Collections/GPH_3D_tx_Giza Plateau_028.jpg
images/GPH/3D Model Textures/GPH_3D_tx_Giza Plateau_030.jpg	images/GPH/3D Model Textures_remove from TMS Collections/GPH_3D_tx_Giza Plateau_030.jpg
images/GPH/3D Model Textures/GPH_3D_tx_Giza Plateau_031.jpg	images/GPH/3D Model Textures_remove from TMS Collections/GPH_3D_tx_Giza Plateau_031.jpg
images/GPH/3D Model Textures/GPH_3D_tx_Giza Plateau_032.jpg	images/GPH/3D Model Textures_remove from TMS Collections/GPH_3D_tx_Giza Plateau_032.jpg
images/GPH/3D Model Textures/GPH_3D_tx_Giza Plateau_033.jpg	images/GPH/3D Model Textures_remove from TMS Collections/GPH_3D_tx_Giza Plateau_033.jpg
images/GPH/3D Model Textures/GPH_3D_tx_Giza Plateau_034.jpg	images/GPH/3D Model Textures_remove from TMS Collections/GPH_3D_tx_Giza Plateau_034.jpg
images/GPH/3D Model Textures/GPH_3D_tx_Giza Plateau_036.jpg	images/GPH/3D Model Textures_remove from TMS Collections/GPH_3D_tx_Giza Plateau_036.jpg
images/GPH/3D Model Textures/GPH_3D_tx_Giza Plateau_037.jpg	images/GPH/3D Model Textures_remove from TMS Collections/GPH_3D_tx_Giza Plateau_037.jpg
images/GPH/3D Model Textures/GPH_3D_tx_Giza Plateau_038.jpg	images/GPH/3D Model Textures_remove from TMS Collections/GPH_3D_tx_Giza Plateau_038.jpg
images/GPH/3D Model Textures/GPH_3D_tx_Giza Plateau_039.jpg	images/GPH/3D Model Textures_remove from TMS Collections/GPH_3D_tx_Giza Plateau_039.jpg
images/GPH/3D Model Textures/GPH_3D_tx_Giza Plateau_040.jpg	images/GPH/3D Model Textures_remove from TMS Collections/GPH_3D_tx_Giza Plateau_040.jpg
images/GPH/3D Model Textures/GPH_3D_tx_Giza Plateau_042.jpg	images/GPH/3D Model Textures_remove from TMS Collections/GPH_3D_tx_Giza Plateau_042.jpg
images/GPH/3D Model Textures/GPH_3D_tx_Giza Plateau_046.jpg	images/GPH/3D Model Textures_remove from TMS Collections/GPH_3D_tx_Giza Plateau_046.jpg
images/GPH/3D Model Textures/GPH_3D_tx_Giza Plateau_Nile_valley_001.jpg	images/GPH/3D Model Textures_remove from TMS Collections/GPH_3D_tx_Giza Plateau_Nile_valley_001.jpg
images/GPH/3D Model Textures/GPH_3D_tx_Giza Plateau_edits_001.jpg	images/GPH/3D Model Textures_remove from TMS Collections/GPH_3D_tx_Giza Plateau_edits_001.jpg
images/GPH/3D Model Textures/GPH_3D_tx_Giza Plateau_heightmap_002.jpg	images/GPH/3D Model Textures_remove from TMS Collections/GPH_3D_tx_Giza Plateau_heightmap_002.jpg
images/GPH/3D Model Textures/GPH_3D_tx_Giza Plateau_heightmap_003.jpg	images/GPH/3D Model Textures_remove from TMS Collections/GPH_3D_tx_Giza Plateau_heightmap_003.jpg
images/GPH/3D Model Textures/GPH_3D_tx_Giza Plateau_main_ground_001.jpg	images/GPH/3D Model Textures_remove from TMS Collections/GPH_3D_tx_Giza Plateau_main_ground_001.jpg
images/GPH/3D Model Textures/GPH_3D_tx_Giza Plateau_main_ground_002.jpg	images/GPH/3D Model Textures_remove from TMS Collections/GPH_3D_tx_Giza Plateau_main_ground_002.jpg
images/GPH/3D Model Textures/GPH_3D_tx_Giza Plateau_main_ground_003.jpg	images/GPH/3D Model Textures_remove from TMS Collections/GPH_3D_tx_Giza Plateau_main_ground_003.jpg
images/GPH/3D Model Textures/GPH_3D_tx_Giza Plateau_main_ground_004a.jpg	images/GPH/3D Model Textures_remove from TMS Collections/GPH_3D_tx_Giza Plateau_main_ground_004a.jpg
images/GPH/3D Model Textures/GPH_3D_tx_Giza Plateau_main_ground_004b.jpg	images/GPH/3D Model Textures_remove from TMS Collections/GPH_3D_tx_Giza Plateau_main_ground_004b.jpg
images/GPH/3D Model Textures/GPH_3D_tx_Giza Plateau_main_ground_005.jpg	images/GPH/3D Model Textures_remove from TMS Collections/GPH_3D_tx_Giza Plateau_main_ground_005.jpg
images/GPH/3D Model Textures/GPH_3D_tx_Giza Plateau_main_ground_006.jpg	images/GPH/3D Model Textures_remove from TMS Collections/GPH_3D_tx_Giza Plateau_main_ground_006.jpg
images/GPH/3D Model Textures/GPH_3D_tx_Giza Plateau_main_ground_007.jpg	images/GPH/3D Model Textures_remove from TMS Collections/GPH_3D_tx_Giza Plateau_main_ground_007.jpg
images/GPH/3D Model Textures/GPH_3D_tx_Giza Plateau_main_ground_010.jpg	images/GPH/3D Model Textures_remove from TMS Collections/GPH_3D_tx_Giza Plateau_main_ground_010.jpg
images/GPH/3D Model Textures/GPH_3D_tx_Giza Plateau_main_ground_011.jpg	images/GPH/3D Model Textures_remove from TMS Collections/GPH_3D_tx_Giza Plateau_main_ground_011.jpg
images/GPH/3D Model Textures/GPH_3D_tx_Giza Plateau_main_ground_bake_nmo_001.jpg	images/GPH/3D Model Textures_remove from TMS Collections/GPH_3D_tx_Giza Plateau_main_ground_bake_nmo_001.jpg
images/GPH/3D Model Textures/GPH_3D_tx_Giza Plateau_main_ground_plain_001.jpg	images/GPH/3D Model Textures_remove from TMS Collections/GPH_3D_tx_Giza Plateau_main_ground_plain_001.jpg
images/GPH/3D Model Textures/GPH_3D_tx_Giza Plateau_main_ground_plans_001.jpg	images/GPH/3D Model Textures_remove from TMS Collections/GPH_3D_tx_Giza Plateau_main_ground_plans_001.jpg
images/GPH/3D Model Textures/GPH_3D_tx_Giza Plateau_map_001.jpg	images/GPH/3D Model Textures_remove from TMS Collections/GPH_3D_tx_Giza Plateau_map_001.jpg
images/GPH/3D Model Textures/GPH_3D_tx_Giza Plateau_new_island_001.jpg	images/GPH/3D Model Textures_remove from TMS Collections/GPH_3D_tx_Giza Plateau_new_island_001.jpg
images/GPH/3D Model Textures/GPH_3D_tx_Giza Plateau_outer_ground_001.jpg	images/GPH/3D Model Textures_remove from TMS Collections/GPH_3D_tx_Giza Plateau_outer_ground_001.jpg
images/GPH/3D Model Textures/GPH_3D_tx_Giza Plateau_outer_ground_002.jpg	images/GPH/3D Model Textures_remove from TMS Collections/GPH_3D_tx_Giza Plateau_outer_ground_002.jpg
images/GPH/3D Model Textures/GPH_3D_tx_Giza Plateau_outer_ground_003.jpg	images/GPH/3D Model Textures_remove from TMS Collections/GPH_3D_tx_Giza Plateau_outer_ground_003.jpg
images/GPH/3D Model Textures/GPH_3D_tx_Giza Plateau_outer_ground_bake_nmo_001.jpg	images/GPH/3D Model Textures_remove from TMS Collections/GPH_3D_tx_Giza Plateau_outer_ground_bake_nmo_001.jpg
images/GPH/3D Model Textures/GPH_3D_tx_Giza Plateau_outer_ground_nmo_001.jpg	images/GPH/3D Model Textures_remove from TMS Collections/GPH_3D_tx_Giza Plateau_outer_ground_nmo_001.jpg
images/GPH/3D Model Textures/GPH_3D_tx_Giza Plateau_outer_ground_plain_001.jpg	images/GPH/3D Model Textures_remove from TMS Collections/GPH_3D_tx_Giza Plateau_outer_ground_plain_001.jpg
images/GPH/3D Model Textures/GPH_3D_tx_Giza Plateau_shoreline_001.jpg	images/GPH/3D Model Textures_remove from TMS Collections/GPH_3D_tx_Giza Plateau_shoreline_001.jpg
images/GPH/3D Model Textures/GPH_3D_tx_Giza Plateau_shoreline_002.jpg	images/GPH/3D Model Textures_remove from TMS Collections/GPH_3D_tx_Giza Plateau_shoreline_002.jpg
images/GPH/3D Model Textures/GPH_3D_tx_Giza Plateau_shoreline_color_001.jpg	images/GPH/3D Model Textures_remove from TMS Collections/GPH_3D_tx_Giza Plateau_shoreline_color_001.jpg
images/GPH/3D Model Textures/GPH_3D_tx_Giza Plateau_tile_001.jpg	images/GPH/3D Model Textures_remove from TMS Collections/GPH_3D_tx_Giza Plateau_tile_001.jpg
images/GPH/3D Model Textures/GPH_3D_tx_Giza Plateau_tile_003.jpg	images/GPH/3D Model Textures_remove from TMS Collections/GPH_3D_tx_Giza Plateau_tile_003.jpg
images/GPH/3D Model Textures/GPH_3D_tx_Giza Plateau_tile_004.jpg	images/GPH/3D Model Textures_remove from TMS Collections/GPH_3D_tx_Giza Plateau_tile_004.jpg
images/GPH/3D Model Textures/GPH_3D_tx_Giza Plateau_tile_005.jpg	images/GPH/3D Model Textures_remove from TMS Collections/GPH_3D_tx_Giza Plateau_tile_005.jpg
images/GPH/3D Model Textures/GPH_3D_tx_Hetepheres_001.jpg	images/GPH/3D Model Textures_remove from TMS Collections/GPH_3D_tx_Hetepheres_001.jpg
images/GPH/3D Model Textures/GPH_3D_tx_Hetepheres_bracelet_001.jpg	images/GPH/3D Model Textures_remove from TMS Collections/GPH_3D_tx_Hetepheres_bracelet_001.jpg
images/GPH/3D Model Textures/GPH_3D_tx_Hetepheres_jewelry_001.jpg	images/GPH/3D Model Textures_remove from TMS Collections/GPH_3D_tx_Hetepheres_jewelry_001.jpg
images/GPH/3D Model Textures/GPH_3D_tx_Hetepheres_jewelry_002.jpg	images/GPH/3D Model Textures_remove from TMS Collections/GPH_3D_tx_Hetepheres_jewelry_002.jpg
images/GPH/3D Model Textures/GPH_3D_tx_Hetepheres_jewelry_nrm_001.jpg	images/GPH/3D Model Textures_remove from TMS Collections/GPH_3D_tx_Hetepheres_jewelry_nrm_001.jpg
images/GPH/3D Model Textures/GPH_3D_tx_Hetepheres_nrm_001.jpg	images/GPH/3D Model Textures_remove from TMS Collections/GPH_3D_tx_Hetepheres_nrm_001.jpg
images/GPH/3D Model Textures/GPH_3D_tx_Hetepheres_red dress_001.jpg	images/GPH/3D Model Textures_remove from TMS Collections/GPH_3D_tx_Hetepheres_red dress_001.jpg
images/GPH/3D Model Textures/GPH_3D_tx_Inlaid Box_001.jpg	images/GPH/3D Model Textures_remove from TMS Collections/GPH_3D_tx_Inlaid Box_001.jpg
images/GPH/3D Model Textures/GPH_3D_tx_KHPT_courtyard_001.jpg	images/GPH/3D Model Textures_remove from TMS Collections/GPH_3D_tx_KHPT_courtyard_001.jpg
images/GPH/3D Model Textures/GPH_3D_tx_KHPT_courtyard_bump_001.jpg	images/GPH/3D Model Textures_remove from TMS Collections/GPH_3D_tx_KHPT_courtyard_bump_001.jpg
images/GPH/3D Model Textures/GPH_3D_tx_KHVT+SPHT_ground_diff_001.jpg	images/GPH/3D Model Textures_remove from TMS Collections/GPH_3D_tx_KHVT+SPHT_ground_diff_001.jpg
images/GPH/3D Model Textures/GPH_3D_tx_KHVT_doorjamb_n_001.jpg	images/GPH/3D Model Textures_remove from TMS Collections/GPH_3D_tx_KHVT_doorjamb_n_001.jpg
images/GPH/3D Model Textures/GPH_3D_tx_KHVT_doorjamb_n_002.jpg	images/GPH/3D Model Textures_remove from TMS Collections/GPH_3D_tx_KHVT_doorjamb_n_002.jpg
images/GPH/3D Model Textures/GPH_3D_tx_KHVT_doorjamb_n_bump_001.jpg	images/GPH/3D Model Textures_remove from TMS Collections/GPH_3D_tx_KHVT_doorjamb_n_bump_001.jpg
images/GPH/3D Model Textures/GPH_3D_tx_KHVT_doorjamb_s_001.jpg	images/GPH/3D Model Textures_remove from TMS Collections/GPH_3D_tx_KHVT_doorjamb_s_001.jpg
images/GPH/3D Model Textures/GPH_3D_tx_KHVT_doorjamb_s_bump_001.jpg	images/GPH/3D Model Textures_remove from TMS Collections/GPH_3D_tx_KHVT_doorjamb_s_bump_001.jpg
images/GPH/3D Model Textures/GPH_3D_tx_KHVT_ground_001.jpg	images/GPH/3D Model Textures_remove from TMS Collections/GPH_3D_tx_KHVT_ground_001.jpg
images/GPH/3D Model Textures/GPH_3D_tx_KHVT_ground_001_nrm.jpg	images/GPH/3D Model Textures_remove from TMS Collections/GPH_3D_tx_KHVT_ground_001_nrm.jpg
images/GPH/3D Model Textures/GPH_3D_tx_KHVT_ground_outer_001.jpg	images/GPH/3D Model Textures_remove from TMS Collections/GPH_3D_tx_KHVT_ground_outer_001.jpg
images/GPH/3D Model Textures/GPH_3D_tx_KHVT_ground_outer_002.jpg	images/GPH/3D Model Textures_remove from TMS Collections/GPH_3D_tx_KHVT_ground_outer_002.jpg
images/GPH/3D Model Textures/GPH_3D_tx_KHVT_ground_outer_003.jpg	images/GPH/3D Model Textures_remove from TMS Collections/GPH_3D_tx_KHVT_ground_outer_003.jpg
images/GPH/3D Model Textures/GPH_3D_tx_KHVT_wall_granite_001.jpg	images/GPH/3D Model Textures_remove from TMS Collections/GPH_3D_tx_KHVT_wall_granite_001.jpg
images/GPH/3D Model Textures/GPH_3D_tx_KHVT_wall_outer_granite_001.jpg	images/GPH/3D Model Textures_remove from TMS Collections/GPH_3D_tx_KHVT_wall_outer_granite_001.jpg
images/GPH/3D Model Textures/GPH_3D_tx_KHVT_wall_outer_granite_001_bump.jpg	images/GPH/3D Model Textures_remove from TMS Collections/GPH_3D_tx_KHVT_wall_outer_granite_001_bump.jpg
images/GPH/3D Model Textures/GPH_3D_tx_MFAB_06.1876_001.jpg	images/GPH/3D Model Textures_remove from TMS Collections/GPH_3D_tx_MFAB_06.1876_001.jpg
images/GPH/3D Model Textures/GPH_3D_tx_MFAB_06.1876_002.jpg	images/GPH/3D Model Textures_remove from TMS Collections/GPH_3D_tx_MFAB_06.1876_002.jpg
images/GPH/3D Model Textures/GPH_3D_tx_MFAB_06.1886_001.jpg	images/GPH/3D Model Textures_remove from TMS Collections/GPH_3D_tx_MFAB_06.1886_001.jpg
images/GPH/3D Model Textures/GPH_3D_tx_MFAB_09.200_001.jpg	images/GPH/3D Model Textures_remove from TMS Collections/GPH_3D_tx_MFAB_09.200_001.jpg
images/GPH/3D Model Textures/GPH_3D_tx_MFAB_09.200_002.jpg	images/GPH/3D Model Textures_remove from TMS Collections/GPH_3D_tx_MFAB_09.200_002.jpg
images/GPH/3D Model Textures/GPH_3D_tx_MFAB_09.200_003.jpg	images/GPH/3D Model Textures_remove from TMS Collections/GPH_3D_tx_MFAB_09.200_003.jpg
images/GPH/3D Model Textures/GPH_3D_tx_MFAB_09.200_004.jpg	images/GPH/3D Model Textures_remove from TMS Collections/GPH_3D_tx_MFAB_09.200_004.jpg
images/GPH/3D Model Textures/GPH_3D_tx_MFAB_09.200_nrm_001.jpg	images/GPH/3D Model Textures_remove from TMS Collections/GPH_3D_tx_MFAB_09.200_nrm_001.jpg
images/GPH/3D Model Textures/GPH_3D_tx_MFAB_09.200_nrm_002.jpg	images/GPH/3D Model Textures_remove from TMS Collections/GPH_3D_tx_MFAB_09.200_nrm_002.jpg
images/GPH/3D Model Textures/GPH_3D_tx_MFAB_11.1738_001.jpg	images/GPH/3D Model Textures_remove from TMS Collections/GPH_3D_tx_MFAB_11.1738_001.jpg
images/GPH/3D Model Textures/GPH_3D_tx_MFAB_11.1738_color_001.jpg	images/GPH/3D Model Textures_remove from TMS Collections/GPH_3D_tx_MFAB_11.1738_color_001.jpg
images/GPH/3D Model Textures/GPH_3D_tx_MFAB_11.1738_nrm_001.jpg	images/GPH/3D Model Textures_remove from TMS Collections/GPH_3D_tx_MFAB_11.1738_nrm_001.jpg
images/GPH/3D Model Textures/GPH_3D_tx_MFAB_11.1738_nrm_002.jpg	images/GPH/3D Model Textures_remove from TMS Collections/GPH_3D_tx_MFAB_11.1738_nrm_002.jpg
images/GPH/3D Model Textures/GPH_3D_tx_MPT_floor_granite_001.jpg	images/GPH/3D Model Textures_remove from TMS Collections/GPH_3D_tx_MPT_floor_granite_001.jpg
images/GPH/3D Model Textures/GPH_3D_tx_MPT_floor_granite_001_nrm.jpg	images/GPH/3D Model Textures_remove from TMS Collections/GPH_3D_tx_MPT_floor_granite_001_nrm.jpg
images/GPH/3D Model Textures/GPH_3D_tx_MVT_ante-town_wall_portico_001.jpg	images/GPH/3D Model Textures_remove from TMS Collections/GPH_3D_tx_MVT_ante-town_wall_portico_001.jpg
images/GPH/3D Model Textures/GPH_3D_tx_MVT_water_tank_001.jpg	images/GPH/3D Model Textures_remove from TMS Collections/GPH_3D_tx_MVT_water_tank_001.jpg
images/GPH/3D Model Textures/GPH_3D_tx_Mahmoud_diff_001.jpg	images/GPH/3D Model Textures_remove from TMS Collections/GPH_3D_tx_Mahmoud_diff_001.jpg
images/GPH/3D Model Textures/GPH_3D_tx_Mahmoud_nrm_001.jpg	images/GPH/3D Model Textures_remove from TMS Collections/GPH_3D_tx_Mahmoud_nrm_001.jpg
images/GPH/3D Model Textures/GPH_3D_tx_Mahmoud_spec_001.jpg	images/GPH/3D Model Textures_remove from TMS Collections/GPH_3D_tx_Mahmoud_spec_001.jpg
images/GPH/3D Model Textures/GPH_3D_tx_SPHT_courtyard_pillars_inscribed_001.jpg	images/GPH/3D Model Textures_remove from TMS Collections/GPH_3D_tx_SPHT_courtyard_pillars_inscribed_001.jpg
images/GPH/3D Model Textures/GPH_3D_tx_SPHT_door_001.jpg	images/GPH/3D Model Textures_remove from TMS Collections/GPH_3D_tx_SPHT_door_001.jpg
images/GPH/3D Model Textures/GPH_3D_tx_SPHT_doorjamb_001.jpg	images/GPH/3D Model Textures_remove from TMS Collections/GPH_3D_tx_SPHT_doorjamb_001.jpg
images/GPH/3D Model Textures/GPH_3D_tx_SPHT_doorjamb_inscribed_001.jpg	images/GPH/3D Model Textures_remove from TMS Collections/GPH_3D_tx_SPHT_doorjamb_inscribed_001.jpg
images/GPH/3D Model Textures/GPH_3D_tx_Southern_Mount_001.jpg	images/GPH/3D Model Textures_remove from TMS Collections/GPH_3D_tx_Southern_Mount_001.jpg
images/GPH/3D Model Textures/GPH_3D_tx_Southern_Mount_002.jpg	images/GPH/3D Model Textures_remove from TMS Collections/GPH_3D_tx_Southern_Mount_002.jpg
images/GPH/3D Model Textures/GPH_3D_tx_Southern_Mount_003.jpg	images/GPH/3D Model Textures_remove from TMS Collections/GPH_3D_tx_Southern_Mount_003.jpg
images/GPH/3D Model Textures/GPH_3D_tx_Southern_Mount_bake_nmo_001.jpg	images/GPH/3D Model Textures_remove from TMS Collections/GPH_3D_tx_Southern_Mount_bake_nmo_001.jpg
images/GPH/3D Model Textures/GPH_3D_tx_Southern_Mount_rock_001.jpg	images/GPH/3D Model Textures_remove from TMS Collections/GPH_3D_tx_Southern_Mount_rock_001.jpg
images/GPH/3D Model Textures/GPH_3D_tx_Sphinx_001.jpg	images/GPH/3D Model Textures_remove from TMS Collections/GPH_3D_tx_Sphinx_001.jpg
images/GPH/3D Model Textures/GPH_3D_tx_Sphinx_body_001.jpg	images/GPH/3D Model Textures_remove from TMS Collections/GPH_3D_tx_Sphinx_body_001.jpg
images/GPH/3D Model Textures/GPH_3D_tx_Sphinx_headdress_001.jpg	images/GPH/3D Model Textures_remove from TMS Collections/GPH_3D_tx_Sphinx_headdress_001.jpg
images/GPH/3D Model Textures/GPH_3D_tx_avatar_eyelashes_diff_001.jpg	images/GPH/3D Model Textures_remove from TMS Collections/GPH_3D_tx_avatar_eyelashes_diff_001.jpg
images/GPH/3D Model Textures/GPH_3D_tx_avatar_kilt_001.jpg	images/GPH/3D Model Textures_remove from TMS Collections/GPH_3D_tx_avatar_kilt_001.jpg
images/GPH/3D Model Textures/GPH_3D_tx_avatar_teeth_001.jpg	images/GPH/3D Model Textures_remove from TMS Collections/GPH_3D_tx_avatar_teeth_001.jpg
images/GPH/3D Model Textures/GPH_3D_tx_avatar_teeth_diff_001.jpg	images/GPH/3D Model Textures_remove from TMS Collections/GPH_3D_tx_avatar_teeth_diff_001.jpg
images/GPH/3D Model Textures/GPH_3D_tx_avatar_tongue_001.jpg	images/GPH/3D Model Textures_remove from TMS Collections/GPH_3D_tx_avatar_tongue_001.jpg
images/GPH/3D Model Textures/GPH_3D_tx_avatar_wig_001.jpg	images/GPH/3D Model Textures_remove from TMS Collections/GPH_3D_tx_avatar_wig_001.jpg
images/GPH/3D Model Textures/GPH_3D_tx_barge_001.jpg	images/GPH/3D Model Textures_remove from TMS Collections/GPH_3D_tx_barge_001.jpg
images/GPH/3D Model Textures/GPH_3D_tx_barge_mask_001.jpg	images/GPH/3D Model Textures_remove from TMS Collections/GPH_3D_tx_barge_mask_001.jpg
images/GPH/3D Model Textures/GPH_3D_tx_barge_nrm_001.jpg	images/GPH/3D Model Textures_remove from TMS Collections/GPH_3D_tx_barge_nrm_001.jpg
images/GPH/3D Model Textures/GPH_3D_tx_barque_lm_001.jpg	images/GPH/3D Model Textures_remove from TMS Collections/GPH_3D_tx_barque_lm_001.jpg
images/GPH/3D Model Textures/GPH_3D_tx_barque_lm_day_001.jpg	images/GPH/3D Model Textures_remove from TMS Collections/GPH_3D_tx_barque_lm_day_001.jpg
images/GPH/3D Model Textures/GPH_3D_tx_barque_lm_night_001.jpg	images/GPH/3D Model Textures_remove from TMS Collections/GPH_3D_tx_barque_lm_night_001.jpg
images/GPH/3D Model Textures/GPH_3D_tx_basket 4_002.jpg	images/GPH/3D Model Textures_remove from TMS Collections/GPH_3D_tx_basket 4_002.jpg
images/GPH/3D Model Textures/GPH_3D_tx_basket 4_003.jpg	images/GPH/3D Model Textures_remove from TMS Collections/GPH_3D_tx_basket 4_003.jpg
images/GPH/3D Model Textures/GPH_3D_tx_basket_fish_001.jpg	images/GPH/3D Model Textures_remove from TMS Collections/GPH_3D_tx_basket_fish_001.jpg
images/GPH/3D Model Textures/GPH_3D_tx_basket_reed_001.jpg	images/GPH/3D Model Textures_remove from TMS Collections/GPH_3D_tx_basket_reed_001.jpg
images/GPH/3D Model Textures/GPH_3D_tx_basket_reed_002.jpg	images/GPH/3D Model Textures_remove from TMS Collections/GPH_3D_tx_basket_reed_002.jpg
images/GPH/3D Model Textures/GPH_3D_tx_boat_passenger_001.jpg	images/GPH/3D Model Textures_remove from TMS Collections/GPH_3D_tx_boat_passenger_001.jpg
images/GPH/3D Model Textures/GPH_3D_tx_boat_passenger_mat_001.jpg	images/GPH/3D Model Textures_remove from TMS Collections/GPH_3D_tx_boat_passenger_mat_001.jpg
images/GPH/3D Model Textures/GPH_3D_tx_bracelet_001.jpg	images/GPH/3D Model Textures_remove from TMS Collections/GPH_3D_tx_bracelet_001.jpg
images/GPH/3D Model Textures/GPH_3D_tx_color_grey_dark_001.jpg	images/GPH/3D Model Textures_remove from TMS Collections/GPH_3D_tx_color_grey_dark_001.jpg
images/GPH/3D Model Textures/GPH_3D_tx_color_pyramid_cutting_001.jpg	images/GPH/3D Model Textures_remove from TMS Collections/GPH_3D_tx_color_pyramid_cutting_001.jpg
images/GPH/3D Model Textures/GPH_3D_tx_color_red_001.jpg	images/GPH/3D Model Textures_remove from TMS Collections/GPH_3D_tx_color_red_001.jpg
images/GPH/3D Model Textures/GPH_3D_tx_color_white_001.jpg	images/GPH/3D Model Textures_remove from TMS Collections/GPH_3D_tx_color_white_001.jpg
images/GPH/3D Model Textures/GPH_3D_tx_donkey_bump_001.jpg	images/GPH/3D Model Textures_remove from TMS Collections/GPH_3D_tx_donkey_bump_001.jpg
images/GPH/3D Model Textures/GPH_3D_tx_donkey_color_dark_001.jpg	images/GPH/3D Model Textures_remove from TMS Collections/GPH_3D_tx_donkey_color_dark_001.jpg
images/GPH/3D Model Textures/GPH_3D_tx_donkey_color_medium_001.jpg	images/GPH/3D Model Textures_remove from TMS Collections/GPH_3D_tx_donkey_color_medium_001.jpg
images/GPH/3D Model Textures/GPH_3D_tx_donkey_color_white_001.jpg	images/GPH/3D Model Textures_remove from TMS Collections/GPH_3D_tx_donkey_color_white_001.jpg
images/GPH/3D Model Textures/GPH_3D_tx_donkey_eye_001.jpg	images/GPH/3D Model Textures_remove from TMS Collections/GPH_3D_tx_donkey_eye_001.jpg
images/GPH/3D Model Textures/GPH_3D_tx_donkey_fur_tail_001.jpg	images/GPH/3D Model Textures_remove from TMS Collections/GPH_3D_tx_donkey_fur_tail_001.jpg
images/GPH/3D Model Textures/GPH_3D_tx_donkey_fur_tail_002.jpg	images/GPH/3D Model Textures_remove from TMS Collections/GPH_3D_tx_donkey_fur_tail_002.jpg
images/GPH/3D Model Textures/GPH_3D_tx_donkey_fur_tail_003.jpg	images/GPH/3D Model Textures_remove from TMS Collections/GPH_3D_tx_donkey_fur_tail_003.jpg
images/GPH/3D Model Textures/GPH_3D_tx_donkey_hair_001.jpg	images/GPH/3D Model Textures_remove from TMS Collections/GPH_3D_tx_donkey_hair_001.jpg
images/GPH/3D Model Textures/GPH_3D_tx_donkey_hair_002.jpg	images/GPH/3D Model Textures_remove from TMS Collections/GPH_3D_tx_donkey_hair_002.jpg
images/GPH/3D Model Textures/GPH_3D_tx_donkey_hair_003.jpg	images/GPH/3D Model Textures_remove from TMS Collections/GPH_3D_tx_donkey_hair_003.jpg
images/GPH/3D Model Textures/GPH_3D_tx_donkey_spec_001.jpg	images/GPH/3D Model Textures_remove from TMS Collections/GPH_3D_tx_donkey_spec_001.jpg
images/GPH/3D Model Textures/GPH_3D_tx_gen_alabaster_001.jpg	images/GPH/3D Model Textures_remove from TMS Collections/GPH_3D_tx_gen_alabaster_001.jpg
images/GPH/3D Model Textures/GPH_3D_tx_gen_alabaster_001_nrm.jpg	images/GPH/3D Model Textures_remove from TMS Collections/GPH_3D_tx_gen_alabaster_001_nrm.jpg
images/GPH/3D Model Textures/GPH_3D_tx_gen_alabaster_002.jpg	images/GPH/3D Model Textures_remove from TMS Collections/GPH_3D_tx_gen_alabaster_002.jpg
images/GPH/3D Model Textures/GPH_3D_tx_gen_alabaster_003.jpg	images/GPH/3D Model Textures_remove from TMS Collections/GPH_3D_tx_gen_alabaster_003.jpg
images/GPH/3D Model Textures/GPH_3D_tx_gen_basalt_smooth_001.jpg	images/GPH/3D Model Textures_remove from TMS Collections/GPH_3D_tx_gen_basalt_smooth_001.jpg
images/GPH/3D Model Textures/GPH_3D_tx_gen_bed_cushion_001.jpg	images/GPH/3D Model Textures_remove from TMS Collections/GPH_3D_tx_gen_bed_cushion_001.jpg
images/GPH/3D Model Textures/GPH_3D_tx_gen_brick_and_sand_001.jpg	images/GPH/3D Model Textures_remove from TMS Collections/GPH_3D_tx_gen_brick_and_sand_001.jpg
images/GPH/3D Model Textures/GPH_3D_tx_gen_brick_rounded_old_001.jpg	images/GPH/3D Model Textures_remove from TMS Collections/GPH_3D_tx_gen_brick_rounded_old_001.jpg
images/GPH/3D Model Textures/GPH_3D_tx_gen_burialchamber_blocks_001.jpg	images/GPH/3D Model Textures_remove from TMS Collections/GPH_3D_tx_gen_burialchamber_blocks_001.jpg
images/GPH/3D Model Textures/GPH_3D_tx_gen_burialchamber_bones_001.jpg	images/GPH/3D Model Textures_remove from TMS Collections/GPH_3D_tx_gen_burialchamber_bones_001.jpg
images/GPH/3D Model Textures/GPH_3D_tx_gen_burialchamber_tooth_001.jpg	images/GPH/3D Model Textures_remove from TMS Collections/GPH_3D_tx_gen_burialchamber_tooth_001.jpg
images/GPH/3D Model Textures/GPH_3D_tx_gen_burialchamber_wall_001.jpg	images/GPH/3D Model Textures_remove from TMS Collections/GPH_3D_tx_gen_burialchamber_wall_001.jpg
images/GPH/3D Model Textures/GPH_3D_tx_gen_burialchamber_wall_002.jpg	images/GPH/3D Model Textures_remove from TMS Collections/GPH_3D_tx_gen_burialchamber_wall_002.jpg
images/GPH/3D Model Textures/GPH_3D_tx_gen_clay_brown_001.jpg	images/GPH/3D Model Textures_remove from TMS Collections/GPH_3D_tx_gen_clay_brown_001.jpg
images/GPH/3D Model Textures/GPH_3D_tx_gen_clay_ochre_001.jpg	images/GPH/3D Model Textures_remove from TMS Collections/GPH_3D_tx_gen_clay_ochre_001.jpg
images/GPH/3D Model Textures/GPH_3D_tx_gen_clay_red_001.jpg	images/GPH/3D Model Textures_remove from TMS Collections/GPH_3D_tx_gen_clay_red_001.jpg
images/GPH/3D Model Textures/GPH_3D_tx_gen_coal_001.jpg	images/GPH/3D Model Textures_remove from TMS Collections/GPH_3D_tx_gen_coal_001.jpg
images/GPH/3D Model Textures/GPH_3D_tx_gen_coal_002.jpg	images/GPH/3D Model Textures_remove from TMS Collections/GPH_3D_tx_gen_coal_002.jpg
images/GPH/3D Model Textures/GPH_3D_tx_gen_copper_001.jpg	images/GPH/3D Model Textures_remove from TMS Collections/GPH_3D_tx_gen_copper_001.jpg
images/GPH/3D Model Textures/GPH_3D_tx_gen_copper_001_nrm.jpg	images/GPH/3D Model Textures_remove from TMS Collections/GPH_3D_tx_gen_copper_001_nrm.jpg
images/GPH/3D Model Textures/GPH_3D_tx_gen_dirt_edge_001.jpg	images/GPH/3D Model Textures_remove from TMS Collections/GPH_3D_tx_gen_dirt_edge_001.jpg
images/GPH/3D Model Textures/GPH_3D_tx_gen_dirt_edge_alpha_001.jpg	images/GPH/3D Model Textures_remove from TMS Collections/GPH_3D_tx_gen_dirt_edge_alpha_001.jpg
images/GPH/3D Model Textures/GPH_3D_tx_gen_dirt_edge_alpha_002.jpg	images/GPH/3D Model Textures_remove from TMS Collections/GPH_3D_tx_gen_dirt_edge_alpha_002.jpg
images/GPH/3D Model Textures/GPH_3D_tx_gen_door_curtain_001.jpg	images/GPH/3D Model Textures_remove from TMS Collections/GPH_3D_tx_gen_door_curtain_001.jpg
images/GPH/3D Model Textures/GPH_3D_tx_gen_door_curtain_001_alpha.jpg	images/GPH/3D Model Textures_remove from TMS Collections/GPH_3D_tx_gen_door_curtain_001_alpha.jpg
images/GPH/3D Model Textures/GPH_3D_tx_gen_flame_001.jpg	images/GPH/3D Model Textures_remove from TMS Collections/GPH_3D_tx_gen_flame_001.jpg
images/GPH/3D Model Textures/GPH_3D_tx_gen_flame_002.jpg	images/GPH/3D Model Textures_remove from TMS Collections/GPH_3D_tx_gen_flame_002.jpg
images/GPH/3D Model Textures/GPH_3D_tx_gen_floor_alabaster_001.jpg	images/GPH/3D Model Textures_remove from TMS Collections/GPH_3D_tx_gen_floor_alabaster_001.jpg
images/GPH/3D Model Textures/GPH_3D_tx_gen_floor_alabaster_001_nrm.jpg	images/GPH/3D Model Textures_remove from TMS Collections/GPH_3D_tx_gen_floor_alabaster_001_nrm.jpg
images/GPH/3D Model Textures/GPH_3D_tx_gen_floor_alabaster_white_001.jpg	images/GPH/3D Model Textures_remove from TMS Collections/GPH_3D_tx_gen_floor_alabaster_white_001.jpg
images/GPH/3D Model Textures/GPH_3D_tx_gen_floor_alabaster_white_002.jpg	images/GPH/3D Model Textures_remove from TMS Collections/GPH_3D_tx_gen_floor_alabaster_white_002.jpg
images/GPH/3D Model Textures/GPH_3D_tx_gen_floor_alabaster_yellow_001.jpg	images/GPH/3D Model Textures_remove from TMS Collections/GPH_3D_tx_gen_floor_alabaster_yellow_001.jpg
images/GPH/3D Model Textures/GPH_3D_tx_gen_floor_alabaster_yellow_001_nrm.jpg	images/GPH/3D Model Textures_remove from TMS Collections/GPH_3D_tx_gen_floor_alabaster_yellow_001_nrm.jpg
images/GPH/3D Model Textures/GPH_3D_tx_gen_floor_chamber.jpg	images/GPH/3D Model Textures_remove from TMS Collections/GPH_3D_tx_gen_floor_chamber.jpg
images/GPH/3D Model Textures/GPH_3D_tx_gen_floor_limestone_001.jpg	images/GPH/3D Model Textures_remove from TMS Collections/GPH_3D_tx_gen_floor_limestone_001.jpg
images/GPH/3D Model Textures/GPH_3D_tx_gen_floor_limestone_001_nrm.jpg	images/GPH/3D Model Textures_remove from TMS Collections/GPH_3D_tx_gen_floor_limestone_001_nrm.jpg
images/GPH/3D Model Textures/GPH_3D_tx_gen_floor_limestone_tile_001.jpg	images/GPH/3D Model Textures_remove from TMS Collections/GPH_3D_tx_gen_floor_limestone_tile_001.jpg
images/GPH/3D Model Textures/GPH_3D_tx_gen_floor_limestone_tile_edge.jpg	images/GPH/3D Model Textures_remove from TMS Collections/GPH_3D_tx_gen_floor_limestone_tile_edge.jpg
images/GPH/3D Model Textures/GPH_3D_tx_gen_floor_mudplaster_001.jpg	images/GPH/3D Model Textures_remove from TMS Collections/GPH_3D_tx_gen_floor_mudplaster_001.jpg
images/GPH/3D Model Textures/GPH_3D_tx_gen_floor_mudplaster_001_nrm.jpg	images/GPH/3D Model Textures_remove from TMS Collections/GPH_3D_tx_gen_floor_mudplaster_001_nrm.jpg
images/GPH/3D Model Textures/GPH_3D_tx_gen_floor_pavement_basalt_001.jpg	images/GPH/3D Model Textures_remove from TMS Collections/GPH_3D_tx_gen_floor_pavement_basalt_001.jpg
images/GPH/3D Model Textures/GPH_3D_tx_gen_floor_pavement_basalt_001_nrm.jpg	images/GPH/3D Model Textures_remove from TMS Collections/GPH_3D_tx_gen_floor_pavement_basalt_001_nrm.jpg
images/GPH/3D Model Textures/GPH_3D_tx_gen_floor_pavement_rough_001.jpg	images/GPH/3D Model Textures_remove from TMS Collections/GPH_3D_tx_gen_floor_pavement_rough_001.jpg
images/GPH/3D Model Textures/GPH_3D_tx_gen_floor_pavement_rough_001_nrm.jpg	images/GPH/3D Model Textures_remove from TMS Collections/GPH_3D_tx_gen_floor_pavement_rough_001_nrm.jpg
images/GPH/3D Model Textures/GPH_3D_tx_gen_floor_pavement_rough_basaltic_001.jpg	images/GPH/3D Model Textures_remove from TMS Collections/GPH_3D_tx_gen_floor_pavement_rough_basaltic_001.jpg
images/GPH/3D Model Textures/GPH_3D_tx_gen_floor_pavement_rough_basaltic_nrm.jpg	images/GPH/3D Model Textures_remove from TMS Collections/GPH_3D_tx_gen_floor_pavement_rough_basaltic_nrm.jpg
images/GPH/3D Model Textures/GPH_3D_tx_gen_floor_sand_001.jpg	images/GPH/3D Model Textures_remove from TMS Collections/GPH_3D_tx_gen_floor_sand_001.jpg
images/GPH/3D Model Textures/GPH_3D_tx_gen_floor_sand_002.jpg	images/GPH/3D Model Textures_remove from TMS Collections/GPH_3D_tx_gen_floor_sand_002.jpg
images/GPH/3D Model Textures/GPH_3D_tx_gen_floor_sand_002_nrm.jpg	images/GPH/3D Model Textures_remove from TMS Collections/GPH_3D_tx_gen_floor_sand_002_nrm.jpg
images/GPH/3D Model Textures/GPH_3D_tx_gen_floor_sand_smallwaves_001.jpg	images/GPH/3D Model Textures_remove from TMS Collections/GPH_3D_tx_gen_floor_sand_smallwaves_001.jpg
images/GPH/3D Model Textures/GPH_3D_tx_gen_floor_sand_smallwaves_001_nrm.jpg	images/GPH/3D Model Textures_remove from TMS Collections/GPH_3D_tx_gen_floor_sand_smallwaves_001_nrm.jpg
images/GPH/3D Model Textures/GPH_3D_tx_gen_granite_001.jpg	images/GPH/3D Model Textures_remove from TMS Collections/GPH_3D_tx_gen_granite_001.jpg
images/GPH/3D Model Textures/GPH_3D_tx_gen_granite_001_nrm.jpg	images/GPH/3D Model Textures_remove from TMS Collections/GPH_3D_tx_gen_granite_001_nrm.jpg
images/GPH/3D Model Textures/GPH_3D_tx_gen_granite_002.jpg	images/GPH/3D Model Textures_remove from TMS Collections/GPH_3D_tx_gen_granite_002.jpg
images/GPH/3D Model Textures/GPH_3D_tx_gen_granite_blocks_rough_001.jpg	images/GPH/3D Model Textures_remove from TMS Collections/GPH_3D_tx_gen_granite_blocks_rough_001.jpg
images/GPH/3D Model Textures/GPH_3D_tx_gen_granite_falsedoor_001.jpg	images/GPH/3D Model Textures_remove from TMS Collections/GPH_3D_tx_gen_granite_falsedoor_001.jpg
images/GPH/3D Model Textures/GPH_3D_tx_gen_granite_wallblocks_001.jpg	images/GPH/3D Model Textures_remove from TMS Collections/GPH_3D_tx_gen_granite_wallblocks_001.jpg
images/GPH/3D Model Textures/GPH_3D_tx_gen_granite_wallblocks_001_nrm.jpg	images/GPH/3D Model Textures_remove from TMS Collections/GPH_3D_tx_gen_granite_wallblocks_001_nrm.jpg
images/GPH/3D Model Textures/GPH_3D_tx_gen_granite_wallblocks_002.jpg	images/GPH/3D Model Textures_remove from TMS Collections/GPH_3D_tx_gen_granite_wallblocks_002.jpg
images/GPH/3D Model Textures/GPH_3D_tx_gen_granite_wallblocks_002_nrm.jpg	images/GPH/3D Model Textures_remove from TMS Collections/GPH_3D_tx_gen_granite_wallblocks_002_nrm.jpg
images/GPH/3D Model Textures/GPH_3D_tx_gen_granite_wallblocks_small_001.jpg	images/GPH/3D Model Textures_remove from TMS Collections/GPH_3D_tx_gen_granite_wallblocks_small_001.jpg
images/GPH/3D Model Textures/GPH_3D_tx_gen_grass_001.jpg	images/GPH/3D Model Textures_remove from TMS Collections/GPH_3D_tx_gen_grass_001.jpg
images/GPH/3D Model Textures/GPH_3D_tx_gen_grass_002.jpg	images/GPH/3D Model Textures_remove from TMS Collections/GPH_3D_tx_gen_grass_002.jpg
images/GPH/3D Model Textures/GPH_3D_tx_gen_grass_003.jpg	images/GPH/3D Model Textures_remove from TMS Collections/GPH_3D_tx_gen_grass_003.jpg
images/GPH/3D Model Textures/GPH_3D_tx_gen_grass_004.jpg	images/GPH/3D Model Textures_remove from TMS Collections/GPH_3D_tx_gen_grass_004.jpg
images/GPH/3D Model Textures/GPH_3D_tx_gen_grass_005.jpg	images/GPH/3D Model Textures_remove from TMS Collections/GPH_3D_tx_gen_grass_005.jpg
images/GPH/3D Model Textures/GPH_3D_tx_gen_grass_006.jpg	images/GPH/3D Model Textures_remove from TMS Collections/GPH_3D_tx_gen_grass_006.jpg
images/GPH/3D Model Textures/GPH_3D_tx_gen_grass_clumps_001.jpg	images/GPH/3D Model Textures_remove from TMS Collections/GPH_3D_tx_gen_grass_clumps_001.jpg
images/GPH/3D Model Textures/GPH_3D_tx_gen_grass_clumps_002.jpg	images/GPH/3D Model Textures_remove from TMS Collections/GPH_3D_tx_gen_grass_clumps_002.jpg
images/GPH/3D Model Textures/GPH_3D_tx_gen_grass_tall_001.jpg	images/GPH/3D Model Textures_remove from TMS Collections/GPH_3D_tx_gen_grass_tall_001.jpg
images/GPH/3D Model Textures/GPH_3D_tx_gen_grass_tall_002.jpg	images/GPH/3D Model Textures_remove from TMS Collections/GPH_3D_tx_gen_grass_tall_002.jpg
images/GPH/3D Model Textures/GPH_3D_tx_gen_grass_tall_003.jpg	images/GPH/3D Model Textures_remove from TMS Collections/GPH_3D_tx_gen_grass_tall_003.jpg
images/GPH/3D Model Textures/GPH_3D_tx_gen_grass_tall_004.jpg	images/GPH/3D Model Textures_remove from TMS Collections/GPH_3D_tx_gen_grass_tall_004.jpg
images/GPH/3D Model Textures/GPH_3D_tx_gen_ground_main_plain_001.jpg	images/GPH/3D Model Textures_remove from TMS Collections/GPH_3D_tx_gen_ground_main_plain_001.jpg
images/GPH/3D Model Textures/GPH_3D_tx_gen_human_viscera_001.jpg	images/GPH/3D Model Textures_remove from TMS Collections/GPH_3D_tx_gen_human_viscera_001.jpg
images/GPH/3D Model Textures/GPH_3D_tx_gen_leaf_001.jpg	images/GPH/3D Model Textures_remove from TMS Collections/GPH_3D_tx_gen_leaf_001.jpg
images/GPH/3D Model Textures/GPH_3D_tx_gen_leaf_002.jpg	images/GPH/3D Model Textures_remove from TMS Collections/GPH_3D_tx_gen_leaf_002.jpg
images/GPH/3D Model Textures/GPH_3D_tx_gen_leaf_003.jpg	images/GPH/3D Model Textures_remove from TMS Collections/GPH_3D_tx_gen_leaf_003.jpg
images/GPH/3D Model Textures/GPH_3D_tx_gen_limestone_001.jpg	images/GPH/3D Model Textures_remove from TMS Collections/GPH_3D_tx_gen_limestone_001.jpg
images/GPH/3D Model Textures/GPH_3D_tx_gen_limestone_001_nrm.jpg	images/GPH/3D Model Textures_remove from TMS Collections/GPH_3D_tx_gen_limestone_001_nrm.jpg
images/GPH/3D Model Textures/GPH_3D_tx_gen_limestone_002.jpg	images/GPH/3D Model Textures_remove from TMS Collections/GPH_3D_tx_gen_limestone_002.jpg
images/GPH/3D Model Textures/GPH_3D_tx_gen_limestone_aligned_001.jpg	images/GPH/3D Model Textures_remove from TMS Collections/GPH_3D_tx_gen_limestone_aligned_001.jpg
images/GPH/3D Model Textures/GPH_3D_tx_gen_limestone_aligned_001_nrm.jpg	images/GPH/3D Model Textures_remove from TMS Collections/GPH_3D_tx_gen_limestone_aligned_001_nrm.jpg
images/GPH/3D Model Textures/GPH_3D_tx_gen_limestone_blocks_jagged_001.jpg	images/GPH/3D Model Textures_remove from TMS Collections/GPH_3D_tx_gen_limestone_blocks_jagged_001.jpg
images/GPH/3D Model Textures/GPH_3D_tx_gen_limestone_blocks_jagged_001_bump.jpg	images/GPH/3D Model Textures_remove from TMS Collections/GPH_3D_tx_gen_limestone_blocks_jagged_001_bump.jpg
images/GPH/3D Model Textures/GPH_3D_tx_gen_limestone_blocks_smooth_001.jpg	images/GPH/3D Model Textures_remove from TMS Collections/GPH_3D_tx_gen_limestone_blocks_smooth_001.jpg
images/GPH/3D Model Textures/GPH_3D_tx_gen_limestone_boulder_001.jpg	images/GPH/3D Model Textures_remove from TMS Collections/GPH_3D_tx_gen_limestone_boulder_001.jpg
images/GPH/3D Model Textures/GPH_3D_tx_gen_limestone_boulder_001_nrm.jpg	images/GPH/3D Model Textures_remove from TMS Collections/GPH_3D_tx_gen_limestone_boulder_001_nrm.jpg
images/GPH/3D Model Textures/GPH_3D_tx_gen_limestone_carved_001.jpg	images/GPH/3D Model Textures_remove from TMS Collections/GPH_3D_tx_gen_limestone_carved_001.jpg
images/GPH/3D Model Textures/GPH_3D_tx_gen_limestone_carved_001_nrm.jpg	images/GPH/3D Model Textures_remove from TMS Collections/GPH_3D_tx_gen_limestone_carved_001_nrm.jpg
images/GPH/3D Model Textures/GPH_3D_tx_gen_limestone_carved_004.jpg	images/GPH/3D Model Textures_remove from TMS Collections/GPH_3D_tx_gen_limestone_carved_004.jpg
images/GPH/3D Model Textures/GPH_3D_tx_gen_limestone_carved_004_nrm.jpg	images/GPH/3D Model Textures_remove from TMS Collections/GPH_3D_tx_gen_limestone_carved_004_nrm.jpg
images/GPH/3D Model Textures/GPH_3D_tx_gen_limestone_column_001.jpg	images/GPH/3D Model Textures_remove from TMS Collections/GPH_3D_tx_gen_limestone_column_001.jpg
images/GPH/3D Model Textures/GPH_3D_tx_gen_limestone_column_002.jpg	images/GPH/3D Model Textures_remove from TMS Collections/GPH_3D_tx_gen_limestone_column_002.jpg
images/GPH/3D Model Textures/GPH_3D_tx_gen_limestone_column_002_nrm.jpg	images/GPH/3D Model Textures_remove from TMS Collections/GPH_3D_tx_gen_limestone_column_002_nrm.jpg
images/GPH/3D Model Textures/GPH_3D_tx_gen_limestone_facing_001.jpg	images/GPH/3D Model Textures_remove from TMS Collections/GPH_3D_tx_gen_limestone_facing_001.jpg
images/GPH/3D Model Textures/GPH_3D_tx_gen_limestone_facing_002.jpg	images/GPH/3D Model Textures_remove from TMS Collections/GPH_3D_tx_gen_limestone_facing_002.jpg
images/GPH/3D Model Textures/GPH_3D_tx_gen_limestone_facing_002_nrm.jpg	images/GPH/3D Model Textures_remove from TMS Collections/GPH_3D_tx_gen_limestone_facing_002_nrm.jpg
images/GPH/3D Model Textures/GPH_3D_tx_gen_limestone_facing_003.jpg	images/GPH/3D Model Textures_remove from TMS Collections/GPH_3D_tx_gen_limestone_facing_003.jpg
images/GPH/3D Model Textures/GPH_3D_tx_gen_limestone_logblock_001.jpg	images/GPH/3D Model Textures_remove from TMS Collections/GPH_3D_tx_gen_limestone_logblock_001.jpg
images/GPH/3D Model Textures/GPH_3D_tx_gen_limestone_logblock_001_nrm.jpg	images/GPH/3D Model Textures_remove from TMS Collections/GPH_3D_tx_gen_limestone_logblock_001_nrm.jpg
images/GPH/3D Model Textures/GPH_3D_tx_gen_limestone_nummulitic_001.jpg	images/GPH/3D Model Textures_remove from TMS Collections/GPH_3D_tx_gen_limestone_nummulitic_001.jpg
images/GPH/3D Model Textures/GPH_3D_tx_gen_limestone_paving_001.jpg	images/GPH/3D Model Textures_remove from TMS Collections/GPH_3D_tx_gen_limestone_paving_001.jpg
images/GPH/3D Model Textures/GPH_3D_tx_gen_limestone_rough_001a.jpg	images/GPH/3D Model Textures_remove from TMS Collections/GPH_3D_tx_gen_limestone_rough_001a.jpg
images/GPH/3D Model Textures/GPH_3D_tx_gen_limestone_rough_001b.jpg	images/GPH/3D Model Textures_remove from TMS Collections/GPH_3D_tx_gen_limestone_rough_001b.jpg
images/GPH/3D Model Textures/GPH_3D_tx_gen_limestone_rough_002.jpg	images/GPH/3D Model Textures_remove from TMS Collections/GPH_3D_tx_gen_limestone_rough_002.jpg
images/GPH/3D Model Textures/GPH_3D_tx_gen_limestone_rough_004.jpg	images/GPH/3D Model Textures_remove from TMS Collections/GPH_3D_tx_gen_limestone_rough_004.jpg
images/GPH/3D Model Textures/GPH_3D_tx_gen_limestone_rough_005.jpg	images/GPH/3D Model Textures_remove from TMS Collections/GPH_3D_tx_gen_limestone_rough_005.jpg
images/GPH/3D Model Textures/GPH_3D_tx_gen_limestone_rough_006.jpg	images/GPH/3D Model Textures_remove from TMS Collections/GPH_3D_tx_gen_limestone_rough_006.jpg
images/GPH/3D Model Textures/GPH_3D_tx_gen_limestone_rough_007.jpg	images/GPH/3D Model Textures_remove from TMS Collections/GPH_3D_tx_gen_limestone_rough_007.jpg
images/GPH/3D Model Textures/GPH_3D_tx_gen_limestone_rough_008.jpg	images/GPH/3D Model Textures_remove from TMS Collections/GPH_3D_tx_gen_limestone_rough_008.jpg
images/GPH/3D Model Textures/GPH_3D_tx_gen_limestone_rough_009.jpg	images/GPH/3D Model Textures_remove from TMS Collections/GPH_3D_tx_gen_limestone_rough_009.jpg
images/GPH/3D Model Textures/GPH_3D_tx_gen_limestone_rough_010.jpg	images/GPH/3D Model Textures_remove from TMS Collections/GPH_3D_tx_gen_limestone_rough_010.jpg
images/GPH/3D Model Textures/GPH_3D_tx_gen_limestone_rough_011.jpg	images/GPH/3D Model Textures_remove from TMS Collections/GPH_3D_tx_gen_limestone_rough_011.jpg
images/GPH/3D Model Textures/GPH_3D_tx_gen_limestone_semirough_001.jpg	images/GPH/3D Model Textures_remove from TMS Collections/GPH_3D_tx_gen_limestone_semirough_001.jpg
images/GPH/3D Model Textures/GPH_3D_tx_gen_limestone_semirough_002.jpg	images/GPH/3D Model Textures_remove from TMS Collections/GPH_3D_tx_gen_limestone_semirough_002.jpg
images/GPH/3D Model Textures/GPH_3D_tx_gen_limestone_semirough_004.jpg	images/GPH/3D Model Textures_remove from TMS Collections/GPH_3D_tx_gen_limestone_semirough_004.jpg
images/GPH/3D Model Textures/GPH_3D_tx_gen_limestone_semirough_005.jpg	images/GPH/3D Model Textures_remove from TMS Collections/GPH_3D_tx_gen_limestone_semirough_005.jpg
images/GPH/3D Model Textures/GPH_3D_tx_gen_limestone_semirough_006.jpg	images/GPH/3D Model Textures_remove from TMS Collections/GPH_3D_tx_gen_limestone_semirough_006.jpg
images/GPH/3D Model Textures/GPH_3D_tx_gen_limestone_semirough_007.jpg	images/GPH/3D Model Textures_remove from TMS Collections/GPH_3D_tx_gen_limestone_semirough_007.jpg
images/GPH/3D Model Textures/GPH_3D_tx_gen_limestone_semirough_008.jpg	images/GPH/3D Model Textures_remove from TMS Collections/GPH_3D_tx_gen_limestone_semirough_008.jpg
images/GPH/3D Model Textures/GPH_3D_tx_gen_limestone_semirough_009.jpg	images/GPH/3D Model Textures_remove from TMS Collections/GPH_3D_tx_gen_limestone_semirough_009.jpg
images/GPH/3D Model Textures/GPH_3D_tx_gen_limestone_semirough_011.jpg	images/GPH/3D Model Textures_remove from TMS Collections/GPH_3D_tx_gen_limestone_semirough_011.jpg
images/GPH/3D Model Textures/GPH_3D_tx_gen_limestone_semirough_012.jpg	images/GPH/3D Model Textures_remove from TMS Collections/GPH_3D_tx_gen_limestone_semirough_012.jpg
images/GPH/3D Model Textures/GPH_3D_tx_gen_limestone_smooth_001.jpg	images/GPH/3D Model Textures_remove from TMS Collections/GPH_3D_tx_gen_limestone_smooth_001.jpg
images/GPH/3D Model Textures/GPH_3D_tx_gen_limestone_smooth_002.jpg	images/GPH/3D Model Textures_remove from TMS Collections/GPH_3D_tx_gen_limestone_smooth_002.jpg
images/GPH/3D Model Textures/GPH_3D_tx_gen_limestone_smooth_003.jpg	images/GPH/3D Model Textures_remove from TMS Collections/GPH_3D_tx_gen_limestone_smooth_003.jpg
images/GPH/3D Model Textures/GPH_3D_tx_gen_limestone_smooth_004.jpg	images/GPH/3D Model Textures_remove from TMS Collections/GPH_3D_tx_gen_limestone_smooth_004.jpg
images/GPH/3D Model Textures/GPH_3D_tx_gen_limestone_smooth_005.jpg	images/GPH/3D Model Textures_remove from TMS Collections/GPH_3D_tx_gen_limestone_smooth_005.jpg
images/GPH/3D Model Textures/GPH_3D_tx_gen_limestone_smooth_006.jpg	images/GPH/3D Model Textures_remove from TMS Collections/GPH_3D_tx_gen_limestone_smooth_006.jpg
images/GPH/3D Model Textures/GPH_3D_tx_gen_limestone_smooth_007.jpg	images/GPH/3D Model Textures_remove from TMS Collections/GPH_3D_tx_gen_limestone_smooth_007.jpg
images/GPH/3D Model Textures/GPH_3D_tx_gen_limestone_smooth_008.jpg	images/GPH/3D Model Textures_remove from TMS Collections/GPH_3D_tx_gen_limestone_smooth_008.jpg
images/GPH/3D Model Textures/GPH_3D_tx_gen_limestone_stepped_001.jpg	images/GPH/3D Model Textures_remove from TMS Collections/GPH_3D_tx_gen_limestone_stepped_001.jpg
images/GPH/3D Model Textures/GPH_3D_tx_gen_limestone_stepped_002.jpg	images/GPH/3D Model Textures_remove from TMS Collections/GPH_3D_tx_gen_limestone_stepped_002.jpg
images/GPH/3D Model Textures/GPH_3D_tx_gen_limestone_stepped_003.jpg	images/GPH/3D Model Textures_remove from TMS Collections/GPH_3D_tx_gen_limestone_stepped_003.jpg
images/GPH/3D Model Textures/GPH_3D_tx_gen_limestone_wallblocks_001.jpg	images/GPH/3D Model Textures_remove from TMS Collections/GPH_3D_tx_gen_limestone_wallblocks_001.jpg
images/GPH/3D Model Textures/GPH_3D_tx_gen_limestone_wallblocks_002.jpg	images/GPH/3D Model Textures_remove from TMS Collections/GPH_3D_tx_gen_limestone_wallblocks_002.jpg
images/GPH/3D Model Textures/GPH_3D_tx_gen_limestone_wallblocks_002_nrm.jpg	images/GPH/3D Model Textures_remove from TMS Collections/GPH_3D_tx_gen_limestone_wallblocks_002_nrm.jpg
images/GPH/3D Model Textures/GPH_3D_tx_gen_limestone_wallblocks_003.jpg	images/GPH/3D Model Textures_remove from TMS Collections/GPH_3D_tx_gen_limestone_wallblocks_003.jpg
images/GPH/3D Model Textures/GPH_3D_tx_gen_limestone_wallblocks_003_nrm.jpg	images/GPH/3D Model Textures_remove from TMS Collections/GPH_3D_tx_gen_limestone_wallblocks_003_nrm.jpg
images/GPH/3D Model Textures/GPH_3D_tx_gen_limestone_wallblocks_carved_001.jpg	images/GPH/3D Model Textures_remove from TMS Collections/GPH_3D_tx_gen_limestone_wallblocks_carved_001.jpg
images/GPH/3D Model Textures/GPH_3D_tx_gen_limestone_wallblocks_carved_nrm.jpg	images/GPH/3D Model Textures_remove from TMS Collections/GPH_3D_tx_gen_limestone_wallblocks_carved_nrm.jpg
images/GPH/3D Model Textures/GPH_3D_tx_gen_limestone_wallblocks_square_001.jpg	images/GPH/3D Model Textures_remove from TMS Collections/GPH_3D_tx_gen_limestone_wallblocks_square_001.jpg
images/GPH/3D Model Textures/GPH_3D_tx_gen_limestone_yellow_001.jpg	images/GPH/3D Model Textures_remove from TMS Collections/GPH_3D_tx_gen_limestone_yellow_001.jpg
images/GPH/3D Model Textures/GPH_3D_tx_gen_linen_cloth_001.jpg	images/GPH/3D Model Textures_remove from TMS Collections/GPH_3D_tx_gen_linen_cloth_001.jpg
images/GPH/3D Model Textures/GPH_3D_tx_gen_marble_black_001.jpg	images/GPH/3D Model Textures_remove from TMS Collections/GPH_3D_tx_gen_marble_black_001.jpg
images/GPH/3D Model Textures/GPH_3D_tx_gen_natron_001.jpg	images/GPH/3D Model Textures_remove from TMS Collections/GPH_3D_tx_gen_natron_001.jpg
images/GPH/3D Model Textures/GPH_3D_tx_gen_natron_001_nrm.jpg	images/GPH/3D Model Textures_remove from TMS Collections/GPH_3D_tx_gen_natron_001_nrm.jpg
images/GPH/3D Model Textures/GPH_3D_tx_gen_plant_001.jpg	images/GPH/3D Model Textures_remove from TMS Collections/GPH_3D_tx_gen_plant_001.jpg
images/GPH/3D Model Textures/GPH_3D_tx_gen_plant_dianela_001.jpg	images/GPH/3D Model Textures_remove from TMS Collections/GPH_3D_tx_gen_plant_dianela_001.jpg
images/GPH/3D Model Textures/GPH_3D_tx_gen_plant_papyrus_001.jpg	images/GPH/3D Model Textures_remove from TMS Collections/GPH_3D_tx_gen_plant_papyrus_001.jpg
images/GPH/3D Model Textures/GPH_3D_tx_gen_quarry_bedrock_001.jpg	images/GPH/3D Model Textures_remove from TMS Collections/GPH_3D_tx_gen_quarry_bedrock_001.jpg
images/GPH/3D Model Textures/GPH_3D_tx_gen_quarry_bedrock_001_nrm.jpg	images/GPH/3D Model Textures_remove from TMS Collections/GPH_3D_tx_gen_quarry_bedrock_001_nrm.jpg
images/GPH/3D Model Textures/GPH_3D_tx_gen_quarry_wall_001.jpg	images/GPH/3D Model Textures_remove from TMS Collections/GPH_3D_tx_gen_quarry_wall_001.jpg
images/GPH/3D Model Textures/GPH_3D_tx_gen_quarry_wall_001_nrm.jpg	images/GPH/3D Model Textures_remove from TMS Collections/GPH_3D_tx_gen_quarry_wall_001_nrm.jpg
images/GPH/3D Model Textures/GPH_3D_tx_gen_rock_sediment_001.jpg	images/GPH/3D Model Textures_remove from TMS Collections/GPH_3D_tx_gen_rock_sediment_001.jpg
images/GPH/3D Model Textures/GPH_3D_tx_gen_rock_softmess_001.jpg	images/GPH/3D Model Textures_remove from TMS Collections/GPH_3D_tx_gen_rock_softmess_001.jpg
images/GPH/3D Model Textures/GPH_3D_tx_gen_rock_softmess_001_nrm.jpg	images/GPH/3D Model Textures_remove from TMS Collections/GPH_3D_tx_gen_rock_softmess_001_nrm.jpg
images/GPH/3D Model Textures/GPH_3D_tx_gen_rocks_001.jpg	images/GPH/3D Model Textures_remove from TMS Collections/GPH_3D_tx_gen_rocks_001.jpg
images/GPH/3D Model Textures/GPH_3D_tx_gen_rocks_002.jpg	images/GPH/3D Model Textures_remove from TMS Collections/GPH_3D_tx_gen_rocks_002.jpg
images/GPH/3D Model Textures/GPH_3D_tx_gen_roof_limestone_blocks_001.jpg	images/GPH/3D Model Textures_remove from TMS Collections/GPH_3D_tx_gen_roof_limestone_blocks_001.jpg
images/GPH/3D Model Textures/GPH_3D_tx_gen_roof_limestone_blocks_002.jpg	images/GPH/3D Model Textures_remove from TMS Collections/GPH_3D_tx_gen_roof_limestone_blocks_002.jpg
images/GPH/3D Model Textures/GPH_3D_tx_gen_roof_limestone_blocks_003.jpg	images/GPH/3D Model Textures_remove from TMS Collections/GPH_3D_tx_gen_roof_limestone_blocks_003.jpg
images/GPH/3D Model Textures/GPH_3D_tx_gen_roof_limestone_blocks_nrm.jpg	images/GPH/3D Model Textures_remove from TMS Collections/GPH_3D_tx_gen_roof_limestone_blocks_nrm.jpg
images/GPH/3D Model Textures/GPH_3D_tx_gen_roof_tile_001.jpg	images/GPH/3D Model Textures_remove from TMS Collections/GPH_3D_tx_gen_roof_tile_001.jpg
images/GPH/3D Model Textures/GPH_3D_tx_gen_rope_001.jpg	images/GPH/3D Model Textures_remove from TMS Collections/GPH_3D_tx_gen_rope_001.jpg
images/GPH/3D Model Textures/GPH_3D_tx_gen_rope_001_nrm.jpg	images/GPH/3D Model Textures_remove from TMS Collections/GPH_3D_tx_gen_rope_001_nrm.jpg
images/GPH/3D Model Textures/GPH_3D_tx_gen_rope_knotted_001.jpg	images/GPH/3D Model Textures_remove from TMS Collections/GPH_3D_tx_gen_rope_knotted_001.jpg
images/GPH/3D Model Textures/GPH_3D_tx_gen_sandstone_001.jpg	images/GPH/3D Model Textures_remove from TMS Collections/GPH_3D_tx_gen_sandstone_001.jpg
images/GPH/3D Model Textures/GPH_3D_tx_gen_sky_001.jpg	images/GPH/3D Model Textures_remove from TMS Collections/GPH_3D_tx_gen_sky_001.jpg
images/GPH/3D Model Textures/GPH_3D_tx_gen_sky_002.jpg	images/GPH/3D Model Textures_remove from TMS Collections/GPH_3D_tx_gen_sky_002.jpg
images/GPH/3D Model Textures/GPH_3D_tx_gen_slate_001.jpg	images/GPH/3D Model Textures_remove from TMS Collections/GPH_3D_tx_gen_slate_001.jpg
images/GPH/3D Model Textures/GPH_3D_tx_gen_stairs_limestone_001.jpg	images/GPH/3D Model Textures_remove from TMS Collections/GPH_3D_tx_gen_stairs_limestone_001.jpg
images/GPH/3D Model Textures/GPH_3D_tx_gen_stairs_limestone_001_nrm.jpg	images/GPH/3D Model Textures_remove from TMS Collections/GPH_3D_tx_gen_stairs_limestone_001_nrm.jpg
images/GPH/3D Model Textures/GPH_3D_tx_gen_statue_woman_001.jpg	images/GPH/3D Model Textures_remove from TMS Collections/GPH_3D_tx_gen_statue_woman_001.jpg
images/GPH/3D Model Textures/GPH_3D_tx_gen_stone_carved_001.jpg	images/GPH/3D Model Textures_remove from TMS Collections/GPH_3D_tx_gen_stone_carved_001.jpg
images/GPH/3D Model Textures/GPH_3D_tx_gen_stone_carved_002.jpg	images/GPH/3D Model Textures_remove from TMS Collections/GPH_3D_tx_gen_stone_carved_002.jpg
images/GPH/3D Model Textures/GPH_3D_tx_gen_stone_carved_003.jpg	images/GPH/3D Model Textures_remove from TMS Collections/GPH_3D_tx_gen_stone_carved_003.jpg
images/GPH/3D Model Textures/GPH_3D_tx_gen_stone_carved_004.jpg	images/GPH/3D Model Textures_remove from TMS Collections/GPH_3D_tx_gen_stone_carved_004.jpg
images/GPH/3D Model Textures/GPH_3D_tx_gen_stone_wall_rough_001.jpg	images/GPH/3D Model Textures_remove from TMS Collections/GPH_3D_tx_gen_stone_wall_rough_001.jpg
images/GPH/3D Model Textures/GPH_3D_tx_gen_stucco_001.jpg	images/GPH/3D Model Textures_remove from TMS Collections/GPH_3D_tx_gen_stucco_001.jpg
images/GPH/3D Model Textures/GPH_3D_tx_gen_terracotta_001.jpg	images/GPH/3D Model Textures_remove from TMS Collections/GPH_3D_tx_gen_terracotta_001.jpg
images/GPH/3D Model Textures/GPH_3D_tx_gen_terracotta_001_nrm.jpg	images/GPH/3D Model Textures_remove from TMS Collections/GPH_3D_tx_gen_terracotta_001_nrm.jpg
images/GPH/3D Model Textures/GPH_3D_tx_gen_tree_acai palm_001.jpg	images/GPH/3D Model Textures_remove from TMS Collections/GPH_3D_tx_gen_tree_acai palm_001.jpg
images/GPH/3D Model Textures/GPH_3D_tx_gen_tree_palm_001.jpg	images/GPH/3D Model Textures_remove from TMS Collections/GPH_3D_tx_gen_tree_palm_001.jpg
images/GPH/3D Model Textures/GPH_3D_tx_gen_tree_palm_002.jpg	images/GPH/3D Model Textures_remove from TMS Collections/GPH_3D_tx_gen_tree_palm_002.jpg
images/GPH/3D Model Textures/GPH_3D_tx_gen_tree_palm_003.jpg	images/GPH/3D Model Textures_remove from TMS Collections/GPH_3D_tx_gen_tree_palm_003.jpg
images/GPH/3D Model Textures/GPH_3D_tx_gen_tree_palm_004.jpg	images/GPH/3D Model Textures_remove from TMS Collections/GPH_3D_tx_gen_tree_palm_004.jpg
images/GPH/3D Model Textures/GPH_3D_tx_gen_trees_papyrus_001.jpg	images/GPH/3D Model Textures_remove from TMS Collections/GPH_3D_tx_gen_trees_papyrus_001.jpg
images/GPH/3D Model Textures/GPH_3D_tx_gen_underground_001.jpg	images/GPH/3D Model Textures_remove from TMS Collections/GPH_3D_tx_gen_underground_001.jpg
images/GPH/3D Model Textures/GPH_3D_tx_gen_vegetation_001.jpg	images/GPH/3D Model Textures_remove from TMS Collections/GPH_3D_tx_gen_vegetation_001.jpg
images/GPH/3D Model Textures/GPH_3D_tx_gen_wall_blocks_rough_001.jpg	images/GPH/3D Model Textures_remove from TMS Collections/GPH_3D_tx_gen_wall_blocks_rough_001.jpg
images/GPH/3D Model Textures/GPH_3D_tx_gen_wall_blocks_semismooth_001.jpg	images/GPH/3D Model Textures_remove from TMS Collections/GPH_3D_tx_gen_wall_blocks_semismooth_001.jpg
images/GPH/3D Model Textures/GPH_3D_tx_gen_wall_brick_and_plaster_001.jpg	images/GPH/3D Model Textures_remove from TMS Collections/GPH_3D_tx_gen_wall_brick_and_plaster_001.jpg
images/GPH/3D Model Textures/GPH_3D_tx_gen_wall_brick_and_plaster_001_nrm.jpg	images/GPH/3D Model Textures_remove from TMS Collections/GPH_3D_tx_gen_wall_brick_and_plaster_001_nrm.jpg
images/GPH/3D Model Textures/GPH_3D_tx_gen_wall_damage_001a.jpg	images/GPH/3D Model Textures_remove from TMS Collections/GPH_3D_tx_gen_wall_damage_001a.jpg
images/GPH/3D Model Textures/GPH_3D_tx_gen_wall_damage_001c.jpg	images/GPH/3D Model Textures_remove from TMS Collections/GPH_3D_tx_gen_wall_damage_001c.jpg
images/GPH/3D Model Textures/GPH_3D_tx_gen_wall_damage_002a.jpg	images/GPH/3D Model Textures_remove from TMS Collections/GPH_3D_tx_gen_wall_damage_002a.jpg
images/GPH/3D Model Textures/GPH_3D_tx_gen_wall_damage_002c.jpg	images/GPH/3D Model Textures_remove from TMS Collections/GPH_3D_tx_gen_wall_damage_002c.jpg
images/GPH/3D Model Textures/GPH_3D_tx_gen_wall_damage_003a.jpg	images/GPH/3D Model Textures_remove from TMS Collections/GPH_3D_tx_gen_wall_damage_003a.jpg
images/GPH/3D Model Textures/GPH_3D_tx_gen_wall_damage_003c.jpg	images/GPH/3D Model Textures_remove from TMS Collections/GPH_3D_tx_gen_wall_damage_003c.jpg
images/GPH/3D Model Textures/GPH_3D_tx_gen_wall_damage_004a.jpg	images/GPH/3D Model Textures_remove from TMS Collections/GPH_3D_tx_gen_wall_damage_004a.jpg
images/GPH/3D Model Textures/GPH_3D_tx_gen_wall_damage_005a.jpg	images/GPH/3D Model Textures_remove from TMS Collections/GPH_3D_tx_gen_wall_damage_005a.jpg
images/GPH/3D Model Textures/GPH_3D_tx_gen_wall_mortar_001.jpg	images/GPH/3D Model Textures_remove from TMS Collections/GPH_3D_tx_gen_wall_mortar_001.jpg
images/GPH/3D Model Textures/GPH_3D_tx_gen_wall_mortar_001_nrm.jpg	images/GPH/3D Model Textures_remove from TMS Collections/GPH_3D_tx_gen_wall_mortar_001_nrm.jpg
images/GPH/3D Model Textures/GPH_3D_tx_gen_wall_mudbrick_001.jpg	images/GPH/3D Model Textures_remove from TMS Collections/GPH_3D_tx_gen_wall_mudbrick_001.jpg
images/GPH/3D Model Textures/GPH_3D_tx_gen_wall_mudplaster_black_001.jpg	images/GPH/3D Model Textures_remove from TMS Collections/GPH_3D_tx_gen_wall_mudplaster_black_001.jpg
images/GPH/3D Model Textures/GPH_3D_tx_gen_wall_mudplaster_red_001.jpg	images/GPH/3D Model Textures_remove from TMS Collections/GPH_3D_tx_gen_wall_mudplaster_red_001.jpg
images/GPH/3D Model Textures/GPH_3D_tx_gen_wall_mudplaster_white_001.jpg	images/GPH/3D Model Textures_remove from TMS Collections/GPH_3D_tx_gen_wall_mudplaster_white_001.jpg
images/GPH/3D Model Textures/GPH_3D_tx_gen_wall_mudplaster_white_001_nrm.jpg	images/GPH/3D Model Textures_remove from TMS Collections/GPH_3D_tx_gen_wall_mudplaster_white_001_nrm.jpg
images/GPH/3D Model Textures/GPH_3D_tx_gen_wall_mudplaster_white_002.jpg	images/GPH/3D Model Textures_remove from TMS Collections/GPH_3D_tx_gen_wall_mudplaster_white_002.jpg
images/GPH/3D Model Textures/GPH_3D_tx_gen_wall_mudplaster_white_002_bump.jpg	images/GPH/3D Model Textures_remove from TMS Collections/GPH_3D_tx_gen_wall_mudplaster_white_002_bump.jpg
images/GPH/3D Model Textures/GPH_3D_tx_gen_wall_mudplaster_white_002_mask.jpg	images/GPH/3D Model Textures_remove from TMS Collections/GPH_3D_tx_gen_wall_mudplaster_white_002_mask.jpg
images/GPH/3D Model Textures/GPH_3D_tx_gen_wall_mudplaster_white_002_nrm.jpg	images/GPH/3D Model Textures_remove from TMS Collections/GPH_3D_tx_gen_wall_mudplaster_white_002_nrm.jpg
images/GPH/3D Model Textures/GPH_3D_tx_gen_wall_mudplaster_white_003.jpg	images/GPH/3D Model Textures_remove from TMS Collections/GPH_3D_tx_gen_wall_mudplaster_white_003.jpg
images/GPH/3D Model Textures/GPH_3D_tx_gen_wall_mudplaster_white_004.jpg	images/GPH/3D Model Textures_remove from TMS Collections/GPH_3D_tx_gen_wall_mudplaster_white_004.jpg
images/GPH/3D Model Textures/GPH_3D_tx_gen_wall_paint_black_001.jpg	images/GPH/3D Model Textures_remove from TMS Collections/GPH_3D_tx_gen_wall_paint_black_001.jpg
images/GPH/3D Model Textures/GPH_3D_tx_gen_water_001.jpg	images/GPH/3D Model Textures_remove from TMS Collections/GPH_3D_tx_gen_water_001.jpg
images/GPH/3D Model Textures/GPH_3D_tx_gen_water_002.jpg	images/GPH/3D Model Textures_remove from TMS Collections/GPH_3D_tx_gen_water_002.jpg
images/GPH/3D Model Textures/GPH_3D_tx_gen_wicker_001.jpg	images/GPH/3D Model Textures_remove from TMS Collections/GPH_3D_tx_gen_wicker_001.jpg
images/GPH/3D Model Textures/GPH_3D_tx_gen_wicker_001_nrm.jpg	images/GPH/3D Model Textures_remove from TMS Collections/GPH_3D_tx_gen_wicker_001_nrm.jpg
images/GPH/3D Model Textures/GPH_3D_tx_gen_wood_beam_001.jpg	images/GPH/3D Model Textures_remove from TMS Collections/GPH_3D_tx_gen_wood_beam_001.jpg
images/GPH/3D Model Textures/GPH_3D_tx_gen_wood_cedar_001.jpg	images/GPH/3D Model Textures_remove from TMS Collections/GPH_3D_tx_gen_wood_cedar_001.jpg
images/GPH/3D Model Textures/GPH_3D_tx_gen_wood_cedar_001_nrm.jpg	images/GPH/3D Model Textures_remove from TMS Collections/GPH_3D_tx_gen_wood_cedar_001_nrm.jpg
images/GPH/3D Model Textures/GPH_3D_tx_gen_wood_cedar_002.jpg	images/GPH/3D Model Textures_remove from TMS Collections/GPH_3D_tx_gen_wood_cedar_002.jpg
images/GPH/3D Model Textures/GPH_3D_tx_gen_wood_cedar_002_nrm.jpg	images/GPH/3D Model Textures_remove from TMS Collections/GPH_3D_tx_gen_wood_cedar_002_nrm.jpg
images/GPH/3D Model Textures/GPH_3D_tx_gen_wood_cedar_dry_001.jpg	images/GPH/3D Model Textures_remove from TMS Collections/GPH_3D_tx_gen_wood_cedar_dry_001.jpg
images/GPH/3D Model Textures/GPH_3D_tx_gen_wood_cedar_fresh_001.jpg	images/GPH/3D Model Textures_remove from TMS Collections/GPH_3D_tx_gen_wood_cedar_fresh_001.jpg
images/GPH/3D Model Textures/GPH_3D_tx_gen_wood_cedar_fresh_001_nrm.jpg	images/GPH/3D Model Textures_remove from TMS Collections/GPH_3D_tx_gen_wood_cedar_fresh_001_nrm.jpg
images/GPH/3D Model Textures/GPH_3D_tx_gen_wood_cedar_panel_001.jpg	images/GPH/3D Model Textures_remove from TMS Collections/GPH_3D_tx_gen_wood_cedar_panel_001.jpg
images/GPH/3D Model Textures/GPH_3D_tx_gen_wood_cedar_panel_001_nrm.jpg	images/GPH/3D Model Textures_remove from TMS Collections/GPH_3D_tx_gen_wood_cedar_panel_001_nrm.jpg
images/GPH/3D Model Textures/GPH_3D_tx_gen_wood_cedar_planks_001.jpg	images/GPH/3D Model Textures_remove from TMS Collections/GPH_3D_tx_gen_wood_cedar_planks_001.jpg
images/GPH/3D Model Textures/GPH_3D_tx_gen_wood_cedar_planks_001_nrm.jpg	images/GPH/3D Model Textures_remove from TMS Collections/GPH_3D_tx_gen_wood_cedar_planks_001_nrm.jpg
images/GPH/3D Model Textures/GPH_3D_tx_gen_wood_cedar_planks_light_001.jpg	images/GPH/3D Model Textures_remove from TMS Collections/GPH_3D_tx_gen_wood_cedar_planks_light_001.jpg
images/GPH/3D Model Textures/GPH_3D_tx_gen_wood_dark_001.jpg	images/GPH/3D Model Textures_remove from TMS Collections/GPH_3D_tx_gen_wood_dark_001.jpg
images/GPH/3D Model Textures/GPH_3D_tx_gen_wood_joint_001.jpg	images/GPH/3D Model Textures_remove from TMS Collections/GPH_3D_tx_gen_wood_joint_001.jpg
images/GPH/3D Model Textures/GPH_3D_tx_gen_wood_palm_bark_001.jpg	images/GPH/3D Model Textures_remove from TMS Collections/GPH_3D_tx_gen_wood_palm_bark_001.jpg
images/GPH/3D Model Textures/GPH_3D_tx_gen_wood_palm_bark_001_nrm.jpg	images/GPH/3D Model Textures_remove from TMS Collections/GPH_3D_tx_gen_wood_palm_bark_001_nrm.jpg
images/GPH/3D Model Textures/GPH_3D_tx_gen_wood_palm_log_001.jpg	images/GPH/3D Model Textures_remove from TMS Collections/GPH_3D_tx_gen_wood_palm_log_001.jpg
images/GPH/3D Model Textures/GPH_3D_tx_gen_wood_palm_log_001_nrm.jpg	images/GPH/3D Model Textures_remove from TMS Collections/GPH_3D_tx_gen_wood_palm_log_001_nrm.jpg
images/GPH/3D Model Textures/GPH_3D_tx_gen_wood_plank_001.jpg	images/GPH/3D Model Textures_remove from TMS Collections/GPH_3D_tx_gen_wood_plank_001.jpg
images/GPH/3D Model Textures/GPH_3D_tx_gen_wood_plank_002.jpg	images/GPH/3D Model Textures_remove from TMS Collections/GPH_3D_tx_gen_wood_plank_002.jpg
images/GPH/3D Model Textures/GPH_3D_tx_gen_wood_pole_001.jpg	images/GPH/3D Model Textures_remove from TMS Collections/GPH_3D_tx_gen_wood_pole_001.jpg
images/GPH/3D Model Textures/GPH_3D_tx_gen_wood_pole_002.jpg	images/GPH/3D Model Textures_remove from TMS Collections/GPH_3D_tx_gen_wood_pole_002.jpg
images/GPH/3D Model Textures/GPH_3D_tx_gen_wood_slab_001.jpg	images/GPH/3D Model Textures_remove from TMS Collections/GPH_3D_tx_gen_wood_slab_001.jpg
images/GPH/3D Model Textures/GPH_3D_tx_gen_wood_slab_001_nrm.jpg	images/GPH/3D Model Textures_remove from TMS Collections/GPH_3D_tx_gen_wood_slab_001_nrm.jpg
images/GPH/3D Model Textures/GPH_3D_tx_gen_wood_spacer_001.jpg	images/GPH/3D Model Textures_remove from TMS Collections/GPH_3D_tx_gen_wood_spacer_001.jpg
images/GPH/3D Model Textures/GPH_3D_tx_gen_wood_stack_001.jpg	images/GPH/3D Model Textures_remove from TMS Collections/GPH_3D_tx_gen_wood_stack_001.jpg
images/GPH/3D Model Textures/GPH_3D_tx_gen_wood_stack_002.jpg	images/GPH/3D Model Textures_remove from TMS Collections/GPH_3D_tx_gen_wood_stack_002.jpg
images/GPH/3D Model Textures/GPH_3D_tx_gen_wood_stack_003.jpg	images/GPH/3D Model Textures_remove from TMS Collections/GPH_3D_tx_gen_wood_stack_003.jpg
images/GPH/3D Model Textures/GPH_3D_tx_gen_wood_stack_ends_001.jpg	images/GPH/3D Model Textures_remove from TMS Collections/GPH_3D_tx_gen_wood_stack_ends_001.jpg
images/GPH/3D Model Textures/GPH_3D_tx_incense_burner_lm_001.jpg	images/GPH/3D Model Textures_remove from TMS Collections/GPH_3D_tx_incense_burner_lm_001.jpg
images/GPH/3D Model Textures/GPH_3D_tx_musical_instruments_diff_001.jpg	images/GPH/3D Model Textures_remove from TMS Collections/GPH_3D_tx_musical_instruments_diff_001.jpg
images/GPH/3D Model Textures/GPH_3D_tx_musician_001.jpg	images/GPH/3D Model Textures_remove from TMS Collections/GPH_3D_tx_musician_001.jpg
images/GPH/3D Model Textures/GPH_3D_tx_musician_002.jpg	images/GPH/3D Model Textures_remove from TMS Collections/GPH_3D_tx_musician_002.jpg
images/GPH/3D Model Textures/GPH_3D_tx_musician_003.jpg	images/GPH/3D Model Textures_remove from TMS Collections/GPH_3D_tx_musician_003.jpg
images/GPH/3D Model Textures/GPH_3D_tx_neutral_blend_001.jpg	images/GPH/3D Model Textures_remove from TMS Collections/GPH_3D_tx_neutral_blend_001.jpg
images/GPH/3D Model Textures/GPH_3D_tx_noisy_terrain_nrm_001.jpg	images/GPH/3D Model Textures_remove from TMS Collections/GPH_3D_tx_noisy_terrain_nrm_001.jpg
images/GPH/3D Model Textures/GPH_3D_tx_palace_wall_decoration_001.jpg	images/GPH/3D Model Textures_remove from TMS Collections/GPH_3D_tx_palace_wall_decoration_001.jpg
images/GPH/3D Model Textures/GPH_3D_tx_papyrus_scroll_001.jpg	images/GPH/3D Model Textures_remove from TMS Collections/GPH_3D_tx_papyrus_scroll_001.jpg
images/GPH/3D Model Textures/GPH_3D_tx_papyrus_scroll_alpha_001.jpg	images/GPH/3D Model Textures_remove from TMS Collections/GPH_3D_tx_papyrus_scroll_alpha_001.jpg
images/GPH/3D Model Textures/GPH_3D_tx_papyrus_scroll_alpha_002.jpg	images/GPH/3D Model Textures_remove from TMS Collections/GPH_3D_tx_papyrus_scroll_alpha_002.jpg
images/GPH/3D Model Textures/GPH_3D_tx_pottery_jar_001.jpg	images/GPH/3D Model Textures_remove from TMS Collections/GPH_3D_tx_pottery_jar_001.jpg
images/GPH/3D Model Textures/GPH_3D_tx_priest_body_001.jpg	images/GPH/3D Model Textures_remove from TMS Collections/GPH_3D_tx_priest_body_001.jpg
images/GPH/3D Model Textures/GPH_3D_tx_priest_body_nrm_001.jpg	images/GPH/3D Model Textures_remove from TMS Collections/GPH_3D_tx_priest_body_nrm_001.jpg
images/GPH/3D Model Textures/GPH_3D_tx_priest_head_001.jpg	images/GPH/3D Model Textures_remove from TMS Collections/GPH_3D_tx_priest_head_001.jpg
images/GPH/3D Model Textures/GPH_3D_tx_priest_head_nrm_001.jpg	images/GPH/3D Model Textures_remove from TMS Collections/GPH_3D_tx_priest_head_nrm_001.jpg
images/GPH/3D Model Textures/GPH_3D_tx_priest_lector_001.jpg	images/GPH/3D Model Textures_remove from TMS Collections/GPH_3D_tx_priest_lector_001.jpg
images/GPH/3D Model Textures/GPH_3D_tx_priest_lector_eye_001.jpg	images/GPH/3D Model Textures_remove from TMS Collections/GPH_3D_tx_priest_lector_eye_001.jpg
images/GPH/3D Model Textures/GPH_3D_tx_priest_lector_eye_shadow_001.jpg	images/GPH/3D Model Textures_remove from TMS Collections/GPH_3D_tx_priest_lector_eye_shadow_001.jpg
images/GPH/3D Model Textures/GPH_3D_tx_priest_lector_kilt_front_001.jpg	images/GPH/3D Model Textures_remove from TMS Collections/GPH_3D_tx_priest_lector_kilt_front_001.jpg
images/GPH/3D Model Textures/GPH_3D_tx_priest_lector_kilt_front_001_nrm.jpg	images/GPH/3D Model Textures_remove from TMS Collections/GPH_3D_tx_priest_lector_kilt_front_001_nrm.jpg
images/GPH/3D Model Textures/GPH_3D_tx_priest_lector_nrm_001.jpg	images/GPH/3D Model Textures_remove from TMS Collections/GPH_3D_tx_priest_lector_nrm_001.jpg
images/GPH/3D Model Textures/GPH_3D_tx_priest_lector_sash_nrm_001.jpg	images/GPH/3D Model Textures_remove from TMS Collections/GPH_3D_tx_priest_lector_sash_nrm_001.jpg
images/GPH/3D Model Textures/GPH_3D_tx_priest_leopard_001.jpg	images/GPH/3D Model Textures_remove from TMS Collections/GPH_3D_tx_priest_leopard_001.jpg
images/GPH/3D Model Textures/GPH_3D_tx_priest_leopard_nrm_001.jpg	images/GPH/3D Model Textures_remove from TMS Collections/GPH_3D_tx_priest_leopard_nrm_001.jpg
images/GPH/3D Model Textures/GPH_3D_tx_priest_robe_001.jpg	images/GPH/3D Model Textures_remove from TMS Collections/GPH_3D_tx_priest_robe_001.jpg
images/GPH/3D Model Textures/GPH_3D_tx_priest_robe_nrm_001.jpg	images/GPH/3D Model Textures_remove from TMS Collections/GPH_3D_tx_priest_robe_nrm_001.jpg
images/GPH/3D Model Textures/GPH_3D_tx_pyramid_cutting_facing_001.jpg	images/GPH/3D Model Textures_remove from TMS Collections/GPH_3D_tx_pyramid_cutting_facing_001.jpg
images/GPH/3D Model Textures/GPH_3D_tx_pyramid_fissure_001.jpg	images/GPH/3D Model Textures_remove from TMS Collections/GPH_3D_tx_pyramid_fissure_001.jpg
images/GPH/3D Model Textures/GPH_3D_tx_pyramid_fissure_002.jpg	images/GPH/3D Model Textures_remove from TMS Collections/GPH_3D_tx_pyramid_fissure_002.jpg
images/GPH/3D Model Textures/GPH_3D_tx_pyramid_fissure_003.jpg	images/GPH/3D Model Textures_remove from TMS Collections/GPH_3D_tx_pyramid_fissure_003.jpg
images/GPH/3D Model Textures/GPH_3D_tx_pyramid_queens_chamber_001.jpg	images/GPH/3D Model Textures_remove from TMS Collections/GPH_3D_tx_pyramid_queens_chamber_001.jpg
images/GPH/3D Model Textures/GPH_3D_tx_quarry_001.jpg	images/GPH/3D Model Textures_remove from TMS Collections/GPH_3D_tx_quarry_001.jpg
images/GPH/3D Model Textures/GPH_3D_tx_quarry_ground_001.jpg	images/GPH/3D Model Textures_remove from TMS Collections/GPH_3D_tx_quarry_ground_001.jpg
images/GPH/3D Model Textures/GPH_3D_tx_quarry_ground_002.jpg	images/GPH/3D Model Textures_remove from TMS Collections/GPH_3D_tx_quarry_ground_002.jpg
images/GPH/3D Model Textures/GPH_3D_tx_reed boat_001.jpg	images/GPH/3D Model Textures_remove from TMS Collections/GPH_3D_tx_reed boat_001.jpg
images/GPH/3D Model Textures/GPH_3D_tx_reed boat_001_nrm.jpg	images/GPH/3D Model Textures_remove from TMS Collections/GPH_3D_tx_reed boat_001_nrm.jpg
images/GPH/3D Model Textures/GPH_3D_tx_reed boat_end_001.jpg	images/GPH/3D Model Textures_remove from TMS Collections/GPH_3D_tx_reed boat_end_001.jpg
images/GPH/3D Model Textures/GPH_3D_tx_reed boat_lm_001.jpg	images/GPH/3D Model Textures_remove from TMS Collections/GPH_3D_tx_reed boat_lm_001.jpg
images/GPH/3D Model Textures/GPH_3D_tx_reed_matting_001.jpg	images/GPH/3D Model Textures_remove from TMS Collections/GPH_3D_tx_reed_matting_001.jpg
images/GPH/3D Model Textures/GPH_3D_tx_reed_matting_alpha_001.jpg	images/GPH/3D Model Textures_remove from TMS Collections/GPH_3D_tx_reed_matting_alpha_001.jpg
images/GPH/3D Model Textures/GPH_3D_tx_reed_matting_color_001.jpg	images/GPH/3D Model Textures_remove from TMS Collections/GPH_3D_tx_reed_matting_color_001.jpg
images/GPH/3D Model Textures/GPH_3D_tx_reed_matting_color_unrolled_001.jpg	images/GPH/3D Model Textures_remove from TMS Collections/GPH_3D_tx_reed_matting_color_unrolled_001.jpg
images/GPH/3D Model Textures/GPH_3D_tx_reed_matting_end_001.jpg	images/GPH/3D Model Textures_remove from TMS Collections/GPH_3D_tx_reed_matting_end_001.jpg
images/GPH/3D Model Textures/GPH_3D_tx_reed_matting_fringe_001.jpg	images/GPH/3D Model Textures_remove from TMS Collections/GPH_3D_tx_reed_matting_fringe_001.jpg
images/GPH/3D Model Textures/GPH_3D_tx_reed_matting_fringe_alpha_001.jpg	images/GPH/3D Model Textures_remove from TMS Collections/GPH_3D_tx_reed_matting_fringe_alpha_001.jpg
images/GPH/3D Model Textures/GPH_3D_tx_reed_matting_roll_001.jpg	images/GPH/3D Model Textures_remove from TMS Collections/GPH_3D_tx_reed_matting_roll_001.jpg
images/GPH/3D Model Textures/GPH_3D_tx_reed_matting_roll_002.jpg	images/GPH/3D Model Textures_remove from TMS Collections/GPH_3D_tx_reed_matting_roll_002.jpg
images/GPH/3D Model Textures/GPH_3D_tx_reed_matting_tile_001.jpg	images/GPH/3D Model Textures_remove from TMS Collections/GPH_3D_tx_reed_matting_tile_001.jpg
images/GPH/3D Model Textures/GPH_3D_tx_reed_matting_unrolled_alpha_001.jpg	images/GPH/3D Model Textures_remove from TMS Collections/GPH_3D_tx_reed_matting_unrolled_alpha_001.jpg
images/GPH/3D Model Textures/GPH_3D_tx_sarcophagus_Menkaure_lm_001.jpg	images/GPH/3D Model Textures_remove from TMS Collections/GPH_3D_tx_sarcophagus_Menkaure_lm_001.jpg
images/GPH/3D Model Textures/GPH_3D_tx_statue_KHVT_standing_alabaster_001.jpg	images/GPH/3D Model Textures_remove from TMS Collections/GPH_3D_tx_statue_KHVT_standing_alabaster_001.jpg
images/GPH/3D Model Textures/GPH_3D_tx_statue_Khufu_001_nrm.jpg	images/GPH/3D Model Textures_remove from TMS Collections/GPH_3D_tx_statue_Khufu_001_nrm.jpg
images/GPH/3D Model Textures/GPH_3D_tx_statue_Khufu_001a.jpg	images/GPH/3D Model Textures_remove from TMS Collections/GPH_3D_tx_statue_Khufu_001a.jpg
images/GPH/3D Model Textures/GPH_3D_tx_statue_Khufu_001b.jpg	images/GPH/3D Model Textures_remove from TMS Collections/GPH_3D_tx_statue_Khufu_001b.jpg
images/GPH/3D Model Textures/GPH_3D_tx_statue_Khufu_002_nrm.jpg	images/GPH/3D Model Textures_remove from TMS Collections/GPH_3D_tx_statue_Khufu_002_nrm.jpg
images/GPH/3D Model Textures/GPH_3D_tx_statue_Khufu_002a.jpg	images/GPH/3D Model Textures_remove from TMS Collections/GPH_3D_tx_statue_Khufu_002a.jpg
images/GPH/3D Model Textures/GPH_3D_tx_statue_Khufu_002b.jpg	images/GPH/3D Model Textures_remove from TMS Collections/GPH_3D_tx_statue_Khufu_002b.jpg
images/GPH/3D Model Textures/GPH_3D_tx_statue_Khufu_002c.jpg	images/GPH/3D Model Textures_remove from TMS Collections/GPH_3D_tx_statue_Khufu_002c.jpg
images/GPH/3D Model Textures/GPH_3D_tx_statue_Khufu_002d.jpg	images/GPH/3D Model Textures_remove from TMS Collections/GPH_3D_tx_statue_Khufu_002d.jpg
images/GPH/3D Model Textures/GPH_3D_tx_statue_Khufu_002e.jpg	images/GPH/3D Model Textures_remove from TMS Collections/GPH_3D_tx_statue_Khufu_002e.jpg
images/GPH/3D Model Textures/GPH_3D_tx_statue_MPT_seated_001.jpg	images/GPH/3D Model Textures_remove from TMS Collections/GPH_3D_tx_statue_MPT_seated_001.jpg
images/GPH/3D Model Textures/GPH_3D_tx_statue_MPT_seated_002.jpg	images/GPH/3D Model Textures_remove from TMS Collections/GPH_3D_tx_statue_MPT_seated_002.jpg
images/GPH/3D Model Textures/GPH_3D_tx_statue_MPT_seated_greywacke_001.jpg	images/GPH/3D Model Textures_remove from TMS Collections/GPH_3D_tx_statue_MPT_seated_greywacke_001.jpg
images/GPH/3D Model Textures/GPH_3D_tx_statue_MPT_seated_greywacke_lm_001.jpg	images/GPH/3D Model Textures_remove from TMS Collections/GPH_3D_tx_statue_MPT_seated_greywacke_lm_001.jpg
images/GPH/3D Model Textures/GPH_3D_tx_statue_MPT_seated_greywacke_nrm_001.jpg	images/GPH/3D Model Textures_remove from TMS Collections/GPH_3D_tx_statue_MPT_seated_greywacke_nrm_001.jpg
images/GPH/3D Model Textures/GPH_3D_tx_statue_MPT_seated_greywacke_throne_001.jpg	images/GPH/3D Model Textures_remove from TMS Collections/GPH_3D_tx_statue_MPT_seated_greywacke_throne_001.jpg
images/GPH/3D Model Textures/GPH_3D_tx_statue_MPT_seated_nrm_001.jpg	images/GPH/3D Model Textures_remove from TMS Collections/GPH_3D_tx_statue_MPT_seated_nrm_001.jpg
images/GPH/3D Model Textures/GPH_3D_tx_statue_MPT_seated_throne_001.jpg	images/GPH/3D Model Textures_remove from TMS Collections/GPH_3D_tx_statue_MPT_seated_throne_001.jpg
images/GPH/3D Model Textures/GPH_3D_tx_statue_MPT_seated_white_001.jpg	images/GPH/3D Model Textures_remove from TMS Collections/GPH_3D_tx_statue_MPT_seated_white_001.jpg
images/GPH/3D Model Textures/GPH_3D_tx_statue_MVT_seated_black_001.jpg	images/GPH/3D Model Textures_remove from TMS Collections/GPH_3D_tx_statue_MVT_seated_black_001.jpg
images/GPH/3D Model Textures/GPH_3D_tx_statue_MVT_seated_green_001.jpg	images/GPH/3D Model Textures_remove from TMS Collections/GPH_3D_tx_statue_MVT_seated_green_001.jpg
images/GPH/3D Model Textures/GPH_3D_tx_statue_MVT_seated_nrm_001.jpg	images/GPH/3D Model Textures_remove from TMS Collections/GPH_3D_tx_statue_MVT_seated_nrm_001.jpg
images/GPH/3D Model Textures/GPH_3D_tx_statue_MVT_seated_throne_black_001.jpg	images/GPH/3D Model Textures_remove from TMS Collections/GPH_3D_tx_statue_MVT_seated_throne_black_001.jpg
images/GPH/3D Model Textures/GPH_3D_tx_statue_MVT_seated_throne_black_002.jpg	images/GPH/3D Model Textures_remove from TMS Collections/GPH_3D_tx_statue_MVT_seated_throne_black_002.jpg
images/GPH/3D Model Textures/GPH_3D_tx_statue_MVT_seated_throne_cartouche_001.jpg	images/GPH/3D Model Textures_remove from TMS Collections/GPH_3D_tx_statue_MVT_seated_throne_cartouche_001.jpg
images/GPH/3D Model Textures/GPH_3D_tx_statue_MVT_seated_throne_cartouche_nrm.jpg	images/GPH/3D Model Textures_remove from TMS Collections/GPH_3D_tx_statue_MVT_seated_throne_cartouche_nrm.jpg
images/GPH/3D Model Textures/GPH_3D_tx_statue_MVT_seated_throne_inscribed_001.jpg	images/GPH/3D Model Textures_remove from TMS Collections/GPH_3D_tx_statue_MVT_seated_throne_inscribed_001.jpg
images/GPH/3D Model Textures/GPH_3D_tx_statue_MVT_seated_throne_nrm_001.jpg	images/GPH/3D Model Textures_remove from TMS Collections/GPH_3D_tx_statue_MVT_seated_throne_nrm_001.jpg
images/GPH/3D Model Textures/GPH_3D_tx_statue_MVT_seated_throne_uninscr_001.jpg	images/GPH/3D Model Textures_remove from TMS Collections/GPH_3D_tx_statue_MVT_seated_throne_uninscr_001.jpg
images/GPH/3D Model Textures/GPH_3D_tx_statue_Menkaure_standing_001.jpg	images/GPH/3D Model Textures_remove from TMS Collections/GPH_3D_tx_statue_Menkaure_standing_001.jpg
images/GPH/3D Model Textures/GPH_3D_tx_statue_Menkaure_standing_alabaster_001.jpg	images/GPH/3D Model Textures_remove from TMS Collections/GPH_3D_tx_statue_Menkaure_standing_alabaster_001.jpg
images/GPH/3D Model Textures/GPH_3D_tx_tree_date palm_bark_diff_001.jpg	images/GPH/3D Model Textures_remove from TMS Collections/GPH_3D_tx_tree_date palm_bark_diff_001.jpg
images/GPH/3D Model Textures/GPH_3D_tx_tree_date palm_bark_diff_wrap_001.jpg	images/GPH/3D Model Textures_remove from TMS Collections/GPH_3D_tx_tree_date palm_bark_diff_wrap_001.jpg
images/GPH/3D Model Textures/GPH_3D_tx_tree_date palm_dates_alpha_001.jpg	images/GPH/3D Model Textures_remove from TMS Collections/GPH_3D_tx_tree_date palm_dates_alpha_001.jpg
images/GPH/3D Model Textures/GPH_3D_tx_tree_date palm_dates_color_001.jpg	images/GPH/3D Model Textures_remove from TMS Collections/GPH_3D_tx_tree_date palm_dates_color_001.jpg
images/GPH/3D Model Textures/GPH_3D_tx_tree_date palm_trunk_001.jpg	images/GPH/3D Model Textures_remove from TMS Collections/GPH_3D_tx_tree_date palm_trunk_001.jpg
images/GPH/3D Model Textures/GPH_3D_tx_tree_palm_diff_001.jpg	images/GPH/3D Model Textures_remove from TMS Collections/GPH_3D_tx_tree_palm_diff_001.jpg
images/GPH/3D Model Textures/GPH_3D_tx_tree_palm_leaf_001.jpg	images/GPH/3D Model Textures_remove from TMS Collections/GPH_3D_tx_tree_palm_leaf_001.jpg
images/GPH/3D Model Textures/GPH_3D_tx_tree_palm_leaf_002.jpg	images/GPH/3D Model Textures_remove from TMS Collections/GPH_3D_tx_tree_palm_leaf_002.jpg
images/GPH/3D Model Textures/GPH_3D_tx_tree_palm_leaf_003.jpg	images/GPH/3D Model Textures_remove from TMS Collections/GPH_3D_tx_tree_palm_leaf_003.jpg
images/GPH/3D Model Textures/GPH_3D_tx_tree_palm_leaf_004.jpg	images/GPH/3D Model Textures_remove from TMS Collections/GPH_3D_tx_tree_palm_leaf_004.jpg
images/GPH/3D Model Textures/GPH_3D_tx_tree_palm_leaf_005.jpg	images/GPH/3D Model Textures_remove from TMS Collections/GPH_3D_tx_tree_palm_leaf_005.jpg
images/GPH/3D Model Textures/GPH_3D_tx_tree_palm_leaf_006.jpg	images/GPH/3D Model Textures_remove from TMS Collections/GPH_3D_tx_tree_palm_leaf_006.jpg
images/GPH/3D Model Textures/GPH_3D_tx_tree_palm_leaf_alpha_001.jpg	images/GPH/3D Model Textures_remove from TMS Collections/GPH_3D_tx_tree_palm_leaf_alpha_001.jpg
images/GPH/3D Model Textures/GPH_3D_tx_tree_palm_nrm_001.jpg	images/GPH/3D Model Textures_remove from TMS Collections/GPH_3D_tx_tree_palm_nrm_001.jpg
images/GPH/3D Model Textures/GPH_3D_tx_tree_palm_spec_001.jpg	images/GPH/3D Model Textures_remove from TMS Collections/GPH_3D_tx_tree_palm_spec_001.jpg
images/GPH/3D Model Textures/GPH_3D_tx_tree_palm_top_001.jpg	images/GPH/3D Model Textures_remove from TMS Collections/GPH_3D_tx_tree_palm_top_001.jpg
images/GPH/3D Model Textures/GPH_3D_tx_tree_palm_top_002.jpg	images/GPH/3D Model Textures_remove from TMS Collections/GPH_3D_tx_tree_palm_top_002.jpg
images/GPH/3D Model Textures/GPH_3D_tx_worker_001.jpg	images/GPH/3D Model Textures_remove from TMS Collections/GPH_3D_tx_worker_001.jpg
images/GPH/3D Model Textures/GPH_3D_tx_worker_002.jpg	images/GPH/3D Model Textures_remove from TMS Collections/GPH_3D_tx_worker_002.jpg
images/GPH/3D Model Textures/Thumbnails/GPH_3D_tx_Basket 1_lid_001_thumb.jpg	images/GPH/3D Model Textures_remove from TMS Collections/Thumbnails/GPH_3D_tx_Basket 1_lid_001_thumb.jpg
images/GPH/3D Model Textures/Thumbnails/GPH_3D_tx_Basket 1_rope_001_thumb.jpg	images/GPH/3D Model Textures_remove from TMS Collections/Thumbnails/GPH_3D_tx_Basket 1_rope_001_thumb.jpg
images/GPH/3D Model Textures/Thumbnails/GPH_3D_tx_Basket 1_side_001_thumb.jpg	images/GPH/3D Model Textures_remove from TMS Collections/Thumbnails/GPH_3D_tx_Basket 1_side_001_thumb.jpg
images/GPH/3D Model Textures/Thumbnails/GPH_3D_tx_Basket 3_001_thumb.jpg	images/GPH/3D Model Textures_remove from TMS Collections/Thumbnails/GPH_3D_tx_Basket 3_001_thumb.jpg
images/GPH/3D Model Textures/Thumbnails/GPH_3D_tx_Basket 4_001_thumb.jpg	images/GPH/3D Model Textures_remove from TMS Collections/Thumbnails/GPH_3D_tx_Basket 4_001_thumb.jpg
images/GPH/3D Model Textures/Thumbnails/GPH_3D_tx_Central_Field_plan_001_thumb.jpg	images/GPH/3D Model Textures_remove from TMS Collections/Thumbnails/GPH_3D_tx_Central_Field_plan_001_thumb.jpg
images/GPH/3D Model Textures/Thumbnails/GPH_3D_tx_Chair B_001_thumb.jpg	images/GPH/3D Model Textures_remove from TMS Collections/Thumbnails/GPH_3D_tx_Chair B_001_thumb.jpg
images/GPH/3D Model Textures/Thumbnails/GPH_3D_tx_Chair B_back_001_thumb.jpg	images/GPH/3D Model Textures_remove from TMS Collections/Thumbnails/GPH_3D_tx_Chair B_back_001_thumb.jpg
images/GPH/3D Model Textures/Thumbnails/GPH_3D_tx_Chair B_back_color_001_thumb.jpg	images/GPH/3D Model Textures_remove from TMS Collections/Thumbnails/GPH_3D_tx_Chair B_back_color_001_thumb.jpg
images/GPH/3D Model Textures/Thumbnails/GPH_3D_tx_Chair B_bump_001_thumb.jpg	images/GPH/3D Model Textures_remove from TMS Collections/Thumbnails/GPH_3D_tx_Chair B_bump_001_thumb.jpg
images/GPH/3D Model Textures/Thumbnails/GPH_3D_tx_Chair B_bump_002_thumb.jpg	images/GPH/3D Model Textures_remove from TMS Collections/Thumbnails/GPH_3D_tx_Chair B_bump_002_thumb.jpg
images/GPH/3D Model Textures/Thumbnails/GPH_3D_tx_Chair B_color_001_thumb.jpg	images/GPH/3D Model Textures_remove from TMS Collections/Thumbnails/GPH_3D_tx_Chair B_color_001_thumb.jpg
images/GPH/3D Model Textures/Thumbnails/GPH_3D_tx_Chair B_color_002_thumb.jpg	images/GPH/3D Model Textures_remove from TMS Collections/Thumbnails/GPH_3D_tx_Chair B_color_002_thumb.jpg
images/GPH/3D Model Textures/Thumbnails/GPH_3D_tx_Chair B_front_001_thumb.jpg	images/GPH/3D Model Textures_remove from TMS Collections/Thumbnails/GPH_3D_tx_Chair B_front_001_thumb.jpg
images/GPH/3D Model Textures/Thumbnails/GPH_3D_tx_Chair B_front_color_001_thumb.jpg	images/GPH/3D Model Textures_remove from TMS Collections/Thumbnails/GPH_3D_tx_Chair B_front_color_001_thumb.jpg
images/GPH/3D Model Textures/Thumbnails/GPH_3D_tx_Chair B_gold_001_thumb.jpg	images/GPH/3D Model Textures_remove from TMS Collections/Thumbnails/GPH_3D_tx_Chair B_gold_001_thumb.jpg
images/GPH/3D Model Textures/Thumbnails/GPH_3D_tx_Chair B_light_001_thumb.jpg	images/GPH/3D Model Textures_remove from TMS Collections/Thumbnails/GPH_3D_tx_Chair B_light_001_thumb.jpg
images/GPH/3D Model Textures/Thumbnails/GPH_3D_tx_Chair B_nrm_001_thumb.jpg	images/GPH/3D Model Textures_remove from TMS Collections/Thumbnails/GPH_3D_tx_Chair B_nrm_001_thumb.jpg
images/GPH/3D Model Textures/Thumbnails/GPH_3D_tx_Chair B_seat_alpha_001_thumb.jpg	images/GPH/3D Model Textures_remove from TMS Collections/Thumbnails/GPH_3D_tx_Chair B_seat_alpha_001_thumb.jpg
images/GPH/3D Model Textures/Thumbnails/GPH_3D_tx_Chair B_seat_color_001_thumb.jpg	images/GPH/3D Model Textures_remove from TMS Collections/Thumbnails/GPH_3D_tx_Chair B_seat_color_001_thumb.jpg
images/GPH/3D Model Textures/Thumbnails/GPH_3D_tx_EMC_JE_54935_001_thumb.jpg	images/GPH/3D Model Textures_remove from TMS Collections/Thumbnails/GPH_3D_tx_EMC_JE_54935_001_thumb.jpg
images/GPH/3D Model Textures/Thumbnails/GPH_3D_tx_EMC_JE_54935_002_thumb.jpg	images/GPH/3D Model Textures_remove from TMS Collections/Thumbnails/GPH_3D_tx_EMC_JE_54935_002_thumb.jpg
images/GPH/3D Model Textures/Thumbnails/GPH_3D_tx_EMC_JE_54935_bake_001_thumb.jpg	images/GPH/3D Model Textures_remove from TMS Collections/Thumbnails/GPH_3D_tx_EMC_JE_54935_bake_001_thumb.jpg
images/GPH/3D Model Textures/Thumbnails/GPH_3D_tx_EMC_JE_54935_bump_001_thumb.jpg	images/GPH/3D Model Textures_remove from TMS Collections/Thumbnails/GPH_3D_tx_EMC_JE_54935_bump_001_thumb.jpg
images/GPH/3D Model Textures/Thumbnails/GPH_3D_tx_EMC_JE_54935_bump_002_thumb.jpg	images/GPH/3D Model Textures_remove from TMS Collections/Thumbnails/GPH_3D_tx_EMC_JE_54935_bump_002_thumb.jpg
images/GPH/3D Model Textures/Thumbnails/GPH_3D_tx_Egyptian_man_body_001_thumb.jpg	images/GPH/3D Model Textures_remove from TMS Collections/Thumbnails/GPH_3D_tx_Egyptian_man_body_001_thumb.jpg
images/GPH/3D Model Textures/Thumbnails/GPH_3D_tx_Egyptian_man_head_adult_001_thumb.jpg	images/GPH/3D Model Textures_remove from TMS Collections/Thumbnails/GPH_3D_tx_Egyptian_man_head_adult_001_thumb.jpg
images/GPH/3D Model Textures/Thumbnails/GPH_3D_tx_Egyptian_man_head_old_001_thumb.jpg	images/GPH/3D Model Textures_remove from TMS Collections/Thumbnails/GPH_3D_tx_Egyptian_man_head_old_001_thumb.jpg
images/GPH/3D Model Textures/Thumbnails/GPH_3D_tx_Egyptian_man_head_young_001_thumb.jpg	images/GPH/3D Model Textures_remove from TMS Collections/Thumbnails/GPH_3D_tx_Egyptian_man_head_young_001_thumb.jpg
images/GPH/3D Model Textures/Thumbnails/GPH_3D_tx_Egyptian_woman_body_001_thumb.jpg	images/GPH/3D Model Textures_remove from TMS Collections/Thumbnails/GPH_3D_tx_Egyptian_woman_body_001_thumb.jpg
images/GPH/3D Model Textures/Thumbnails/GPH_3D_tx_Egyptian_woman_body_nrm_001_thumb.jpg	images/GPH/3D Model Textures_remove from TMS Collections/Thumbnails/GPH_3D_tx_Egyptian_woman_body_nrm_001_thumb.jpg
images/GPH/3D Model Textures/Thumbnails/GPH_3D_tx_Egyptian_woman_dress_001_thumb.jpg	images/GPH/3D Model Textures_remove from TMS Collections/Thumbnails/GPH_3D_tx_Egyptian_woman_dress_001_thumb.jpg
images/GPH/3D Model Textures/Thumbnails/GPH_3D_tx_Egyptian_woman_dress_nrm_001_thumb.jpg	images/GPH/3D Model Textures_remove from TMS Collections/Thumbnails/GPH_3D_tx_Egyptian_woman_dress_nrm_001_thumb.jpg
images/GPH/3D Model Textures/Thumbnails/GPH_3D_tx_Egyptian_woman_eye_shadow_001_thumb.jpg	images/GPH/3D Model Textures_remove from TMS Collections/Thumbnails/GPH_3D_tx_Egyptian_woman_eye_shadow_001_thumb.jpg
images/GPH/3D Model Textures/Thumbnails/GPH_3D_tx_Egyptian_woman_hair_001_thumb.jpg	images/GPH/3D Model Textures_remove from TMS Collections/Thumbnails/GPH_3D_tx_Egyptian_woman_hair_001_thumb.jpg
images/GPH/3D Model Textures/Thumbnails/GPH_3D_tx_Egyptian_woman_hair_nrm_001_thumb.jpg	images/GPH/3D Model Textures_remove from TMS Collections/Thumbnails/GPH_3D_tx_Egyptian_woman_hair_nrm_001_thumb.jpg
images/GPH/3D Model Textures/Thumbnails/GPH_3D_tx_Egyptian_woman_head_001_thumb.jpg	images/GPH/3D Model Textures_remove from TMS Collections/Thumbnails/GPH_3D_tx_Egyptian_woman_head_001_thumb.jpg
images/GPH/3D Model Textures/Thumbnails/GPH_3D_tx_Egyptian_woman_head_nrm_001_thumb.jpg	images/GPH/3D Model Textures_remove from TMS Collections/Thumbnails/GPH_3D_tx_Egyptian_woman_head_nrm_001_thumb.jpg
images/GPH/3D Model Textures/Thumbnails/GPH_3D_tx_G 2100-II_chapel_architrave_001_thumb.jpg	images/GPH/3D Model Textures_remove from TMS Collections/Thumbnails/GPH_3D_tx_G 2100-II_chapel_architrave_001_thumb.jpg
images/GPH/3D Model Textures/Thumbnails/GPH_3D_tx_G 2100-II_chapel_entrance_pillars_001_thumb.jpg	images/GPH/3D Model Textures_remove from TMS Collections/Thumbnails/GPH_3D_tx_G 2100-II_chapel_entrance_pillars_001_thumb.jpg
images/GPH/3D Model Textures/Thumbnails/GPH_3D_tx_G 2100-II_chapel_falsedoor_n_001_thumb.jpg	images/GPH/3D Model Textures_remove from TMS Collections/Thumbnails/GPH_3D_tx_G 2100-II_chapel_falsedoor_n_001_thumb.jpg
images/GPH/3D Model Textures/Thumbnails/GPH_3D_tx_G 2100-II_chapel_falsedoor_s_001_thumb.jpg	images/GPH/3D Model Textures_remove from TMS Collections/Thumbnails/GPH_3D_tx_G 2100-II_chapel_falsedoor_s_001_thumb.jpg
images/GPH/3D Model Textures/Thumbnails/GPH_3D_tx_G 2100-II_chapel_floor_001_thumb.jpg	images/GPH/3D Model Textures_remove from TMS Collections/Thumbnails/GPH_3D_tx_G 2100-II_chapel_floor_001_thumb.jpg
images/GPH/3D Model Textures/Thumbnails/GPH_3D_tx_G 2100-II_chapel_stone_001_thumb.jpg	images/GPH/3D Model Textures_remove from TMS Collections/Thumbnails/GPH_3D_tx_G 2100-II_chapel_stone_001_thumb.jpg
images/GPH/3D Model Textures/Thumbnails/GPH_3D_tx_G 2100-II_chapel_stone_002_thumb.jpg	images/GPH/3D Model Textures_remove from TMS Collections/Thumbnails/GPH_3D_tx_G 2100-II_chapel_stone_002_thumb.jpg
images/GPH/3D Model Textures/Thumbnails/GPH_3D_tx_G 2100-II_chapel_wall_e_001_thumb.jpg	images/GPH/3D Model Textures_remove from TMS Collections/Thumbnails/GPH_3D_tx_G 2100-II_chapel_wall_e_001_thumb.jpg
images/GPH/3D Model Textures/Thumbnails/GPH_3D_tx_G 2100-II_chapel_wall_e_002_thumb.jpg	images/GPH/3D Model Textures_remove from TMS Collections/Thumbnails/GPH_3D_tx_G 2100-II_chapel_wall_e_002_thumb.jpg
images/GPH/3D Model Textures/Thumbnails/GPH_3D_tx_G 2100-II_entrance_architrave_001_thumb.jpg	images/GPH/3D Model Textures_remove from TMS Collections/Thumbnails/GPH_3D_tx_G 2100-II_entrance_architrave_001_thumb.jpg
images/GPH/3D Model Textures/Thumbnails/GPH_3D_tx_G 2100-II_entrance_drum_001_thumb.jpg	images/GPH/3D Model Textures_remove from TMS Collections/Thumbnails/GPH_3D_tx_G 2100-II_entrance_drum_001_thumb.jpg
images/GPH/3D Model Textures/Thumbnails/GPH_3D_tx_G 2100-II_lm_001_thumb.jpg	images/GPH/3D Model Textures_remove from TMS Collections/Thumbnails/GPH_3D_tx_G 2100-II_lm_001_thumb.jpg
images/GPH/3D Model Textures/Thumbnails/GPH_3D_tx_G 2100-II_shaft_lm_001_thumb.jpg	images/GPH/3D Model Textures_remove from TMS Collections/Thumbnails/GPH_3D_tx_G 2100-II_shaft_lm_001_thumb.jpg
images/GPH/3D Model Textures/Thumbnails/GPH_3D_tx_G 2100-I_chapel_walls_001_thumb.jpg	images/GPH/3D Model Textures_remove from TMS Collections/Thumbnails/GPH_3D_tx_G 2100-I_chapel_walls_001_thumb.jpg
images/GPH/3D Model Textures/Thumbnails/GPH_3D_tx_G 2100-I_floor_lm_001_thumb.jpg	images/GPH/3D Model Textures_remove from TMS Collections/Thumbnails/GPH_3D_tx_G 2100-I_floor_lm_001_thumb.jpg
images/GPH/3D Model Textures/Thumbnails/GPH_3D_tx_G 2100-I_lm_001_thumb.jpg	images/GPH/3D Model Textures_remove from TMS Collections/Thumbnails/GPH_3D_tx_G 2100-I_lm_001_thumb.jpg
images/GPH/3D Model Textures/Thumbnails/GPH_3D_tx_G 2100-I_shaft_lm_001_thumb.jpg	images/GPH/3D Model Textures_remove from TMS Collections/Thumbnails/GPH_3D_tx_G 2100-I_shaft_lm_001_thumb.jpg
images/GPH/3D Model Textures/Thumbnails/GPH_3D_tx_G 2100_burialchamber_ceiling_001_thumb.jpg	images/GPH/3D Model Textures_remove from TMS Collections/Thumbnails/GPH_3D_tx_G 2100_burialchamber_ceiling_001_thumb.jpg
images/GPH/3D Model Textures/Thumbnails/GPH_3D_tx_G 2100_burialchamber_floor_001_thumb.jpg	images/GPH/3D Model Textures_remove from TMS Collections/Thumbnails/GPH_3D_tx_G 2100_burialchamber_floor_001_thumb.jpg
images/GPH/3D Model Textures/Thumbnails/GPH_3D_tx_G 2100_burialchamber_wall_e_001_thumb.jpg	images/GPH/3D Model Textures_remove from TMS Collections/Thumbnails/GPH_3D_tx_G 2100_burialchamber_wall_e_001_thumb.jpg
images/GPH/3D Model Textures/Thumbnails/GPH_3D_tx_G 2100_burialchamber_wall_n_001_thumb.jpg	images/GPH/3D Model Textures_remove from TMS Collections/Thumbnails/GPH_3D_tx_G 2100_burialchamber_wall_n_001_thumb.jpg
images/GPH/3D Model Textures/Thumbnails/GPH_3D_tx_G 2100_burialchamber_wall_s_001_thumb.jpg	images/GPH/3D Model Textures_remove from TMS Collections/Thumbnails/GPH_3D_tx_G 2100_burialchamber_wall_s_001_thumb.jpg
images/GPH/3D Model Textures/Thumbnails/GPH_3D_tx_G 2100_burialchamber_wall_w_001_thumb.jpg	images/GPH/3D Model Textures_remove from TMS Collections/Thumbnails/GPH_3D_tx_G 2100_burialchamber_wall_w_001_thumb.jpg
images/GPH/3D Model Textures/Thumbnails/GPH_3D_tx_G 2100_lm_001_thumb.jpg	images/GPH/3D Model Textures_remove from TMS Collections/Thumbnails/GPH_3D_tx_G 2100_lm_001_thumb.jpg
images/GPH/3D Model Textures/Thumbnails/GPH_3D_tx_G 2100_sealingblocks_debris_lm_001_thumb.jpg	images/GPH/3D Model Textures_remove from TMS Collections/Thumbnails/GPH_3D_tx_G 2100_sealingblocks_debris_lm_001_thumb.jpg
images/GPH/3D Model Textures/Thumbnails/GPH_3D_tx_G 2100_sealingblocks_inplace_lm_001_thumb.jpg	images/GPH/3D Model Textures_remove from TMS Collections/Thumbnails/GPH_3D_tx_G 2100_sealingblocks_inplace_lm_001_thumb.jpg
images/GPH/3D Model Textures/Thumbnails/GPH_3D_tx_G 2100_shaft_lm_001_thumb.jpg	images/GPH/3D Model Textures_remove from TMS Collections/Thumbnails/GPH_3D_tx_G 2100_shaft_lm_001_thumb.jpg
images/GPH/3D Model Textures/Thumbnails/GPH_3D_tx_G 2110_chapel_entrance_drum_001_thumb.jpg	images/GPH/3D Model Textures_remove from TMS Collections/Thumbnails/GPH_3D_tx_G 2110_chapel_entrance_drum_001_thumb.jpg
images/GPH/3D Model Textures/Thumbnails/GPH_3D_tx_G 2110_chapel_entrance_jamb_n_001_thumb.jpg	images/GPH/3D Model Textures_remove from TMS Collections/Thumbnails/GPH_3D_tx_G 2110_chapel_entrance_jamb_n_001_thumb.jpg
images/GPH/3D Model Textures/Thumbnails/GPH_3D_tx_G 2110_chapel_entrance_jamb_s_001_thumb.jpg	images/GPH/3D Model Textures_remove from TMS Collections/Thumbnails/GPH_3D_tx_G 2110_chapel_entrance_jamb_s_001_thumb.jpg
images/GPH/3D Model Textures/Thumbnails/GPH_3D_tx_G 2110_chapel_falsedoor_tablet_001_thumb.jpg	images/GPH/3D Model Textures_remove from TMS Collections/Thumbnails/GPH_3D_tx_G 2110_chapel_falsedoor_tablet_001_thumb.jpg
images/GPH/3D Model Textures/Thumbnails/GPH_3D_tx_G 2110_chapel_wall_e_001_thumb.jpg	images/GPH/3D Model Textures_remove from TMS Collections/Thumbnails/GPH_3D_tx_G 2110_chapel_wall_e_001_thumb.jpg
images/GPH/3D Model Textures/Thumbnails/GPH_3D_tx_G 2110_chapel_wall_e_002_thumb.jpg	images/GPH/3D Model Textures_remove from TMS Collections/Thumbnails/GPH_3D_tx_G 2110_chapel_wall_e_002_thumb.jpg
images/GPH/3D Model Textures/Thumbnails/GPH_3D_tx_G 2110_chapel_wall_s_001_thumb.jpg	images/GPH/3D Model Textures_remove from TMS Collections/Thumbnails/GPH_3D_tx_G 2110_chapel_wall_s_001_thumb.jpg
images/GPH/3D Model Textures/Thumbnails/GPH_3D_tx_G 2110_chapel_wall_w_001_thumb.jpg	images/GPH/3D Model Textures_remove from TMS Collections/Thumbnails/GPH_3D_tx_G 2110_chapel_wall_w_001_thumb.jpg
images/GPH/3D Model Textures/Thumbnails/GPH_3D_tx_G 2110_lm_001_thumb.jpg	images/GPH/3D Model Textures_remove from TMS Collections/Thumbnails/GPH_3D_tx_G 2110_lm_001_thumb.jpg
images/GPH/3D Model Textures/Thumbnails/GPH_3D_tx_G 2155_chapel_entrance_001_thumb.jpg	images/GPH/3D Model Textures_remove from TMS Collections/Thumbnails/GPH_3D_tx_G 2155_chapel_entrance_001_thumb.jpg
images/GPH/3D Model Textures/Thumbnails/GPH_3D_tx_G 2155_chapel_entrance_jamb_n_001_thumb.jpg	images/GPH/3D Model Textures_remove from TMS Collections/Thumbnails/GPH_3D_tx_G 2155_chapel_entrance_jamb_n_001_thumb.jpg
images/GPH/3D Model Textures/Thumbnails/GPH_3D_tx_G 2155_chapel_entrance_jamb_s_001_thumb.jpg	images/GPH/3D Model Textures_remove from TMS Collections/Thumbnails/GPH_3D_tx_G 2155_chapel_entrance_jamb_s_001_thumb.jpg
images/GPH/3D Model Textures/Thumbnails/GPH_3D_tx_G 2155_chapel_entrance_jamb_s_002_thumb.jpg	images/GPH/3D Model Textures_remove from TMS Collections/Thumbnails/GPH_3D_tx_G 2155_chapel_entrance_jamb_s_002_thumb.jpg
images/GPH/3D Model Textures/Thumbnails/GPH_3D_tx_G 2155_chapel_wall_e_001_thumb.jpg	images/GPH/3D Model Textures_remove from TMS Collections/Thumbnails/GPH_3D_tx_G 2155_chapel_wall_e_001_thumb.jpg
images/GPH/3D Model Textures/Thumbnails/GPH_3D_tx_G 2155_chapel_wall_n_001_thumb.jpg	images/GPH/3D Model Textures_remove from TMS Collections/Thumbnails/GPH_3D_tx_G 2155_chapel_wall_n_001_thumb.jpg
images/GPH/3D Model Textures/Thumbnails/GPH_3D_tx_G 2155_chapel_wall_s_001_thumb.jpg	images/GPH/3D Model Textures_remove from TMS Collections/Thumbnails/GPH_3D_tx_G 2155_chapel_wall_s_001_thumb.jpg
images/GPH/3D Model Textures/Thumbnails/GPH_3D_tx_G 2155_chapel_wall_w_001_thumb.jpg	images/GPH/3D Model Textures_remove from TMS Collections/Thumbnails/GPH_3D_tx_G 2155_chapel_wall_w_001_thumb.jpg
images/GPH/3D Model Textures/Thumbnails/GPH_3D_tx_G 2155_falsedoor_exterior_001_thumb.jpg	images/GPH/3D Model Textures_remove from TMS Collections/Thumbnails/GPH_3D_tx_G 2155_falsedoor_exterior_001_thumb.jpg
images/GPH/3D Model Textures/Thumbnails/GPH_3D_tx_G 2155_floor_lm_001_thumb.jpg	images/GPH/3D Model Textures_remove from TMS Collections/Thumbnails/GPH_3D_tx_G 2155_floor_lm_001_thumb.jpg
images/GPH/3D Model Textures/Thumbnails/GPH_3D_tx_G 2155_interior_lm_001_thumb.jpg	images/GPH/3D Model Textures_remove from TMS Collections/Thumbnails/GPH_3D_tx_G 2155_interior_lm_001_thumb.jpg
images/GPH/3D Model Textures/Thumbnails/GPH_3D_tx_G 2155_lm_001_thumb.jpg	images/GPH/3D Model Textures_remove from TMS Collections/Thumbnails/GPH_3D_tx_G 2155_lm_001_thumb.jpg
images/GPH/3D Model Textures/Thumbnails/GPH_3D_tx_G 7000 X_canopic_box_001_thumb.jpg	images/GPH/3D Model Textures_remove from TMS Collections/Thumbnails/GPH_3D_tx_G 7000 X_canopic_box_001_thumb.jpg
images/GPH/3D Model Textures/Thumbnails/GPH_3D_tx_G 7000 X_lm_001_thumb.jpg	images/GPH/3D Model Textures_remove from TMS Collections/Thumbnails/GPH_3D_tx_G 7000 X_lm_001_thumb.jpg
images/GPH/3D Model Textures/Thumbnails/GPH_3D_tx_G 7000 X_nrm_001_thumb.jpg	images/GPH/3D Model Textures_remove from TMS Collections/Thumbnails/GPH_3D_tx_G 7000 X_nrm_001_thumb.jpg
images/GPH/3D Model Textures/Thumbnails/GPH_3D_tx_G 7101_courtC_001_thumb.jpg	images/GPH/3D Model Textures_remove from TMS Collections/Thumbnails/GPH_3D_tx_G 7101_courtC_001_thumb.jpg
images/GPH/3D Model Textures/Thumbnails/GPH_3D_tx_G 7101_courtC_bump_001_thumb.jpg	images/GPH/3D Model Textures_remove from TMS Collections/Thumbnails/GPH_3D_tx_G 7101_courtC_bump_001_thumb.jpg
images/GPH/3D Model Textures/Thumbnails/GPH_3D_tx_G 7101_courtC_bump_002_thumb.jpg	images/GPH/3D Model Textures_remove from TMS Collections/Thumbnails/GPH_3D_tx_G 7101_courtC_bump_002_thumb.jpg
images/GPH/3D Model Textures/Thumbnails/GPH_3D_tx_G 7101_courtC_color_001_thumb.jpg	images/GPH/3D Model Textures_remove from TMS Collections/Thumbnails/GPH_3D_tx_G 7101_courtC_color_001_thumb.jpg
images/GPH/3D Model Textures/Thumbnails/GPH_3D_tx_G 7101_courtC_color_002_thumb.jpg	images/GPH/3D Model Textures_remove from TMS Collections/Thumbnails/GPH_3D_tx_G 7101_courtC_color_002_thumb.jpg
images/GPH/3D Model Textures/Thumbnails/GPH_3D_tx_G 7101_courtC_disp_001_thumb.jpg	images/GPH/3D Model Textures_remove from TMS Collections/Thumbnails/GPH_3D_tx_G 7101_courtC_disp_001_thumb.jpg
images/GPH/3D Model Textures/Thumbnails/GPH_3D_tx_G 7101_courtC_nrm_001_thumb.jpg	images/GPH/3D Model Textures_remove from TMS Collections/Thumbnails/GPH_3D_tx_G 7101_courtC_nrm_001_thumb.jpg
images/GPH/3D Model Textures/Thumbnails/GPH_3D_tx_G 7101_courtC_occ_001_thumb.jpg	images/GPH/3D Model Textures_remove from TMS Collections/Thumbnails/GPH_3D_tx_G 7101_courtC_occ_001_thumb.jpg
images/GPH/3D Model Textures/Thumbnails/GPH_3D_tx_G 7101_courtC_schematic_001_thumb.jpg	images/GPH/3D Model Textures_remove from TMS Collections/Thumbnails/GPH_3D_tx_G 7101_courtC_schematic_001_thumb.jpg
images/GPH/3D Model Textures/Thumbnails/GPH_3D_tx_G 7101_courtC_spec_001_thumb.jpg	images/GPH/3D Model Textures_remove from TMS Collections/Thumbnails/GPH_3D_tx_G 7101_courtC_spec_001_thumb.jpg
images/GPH/3D Model Textures/Thumbnails/GPH_3D_tx_G 7101_floor_001_thumb.jpg	images/GPH/3D Model Textures_remove from TMS Collections/Thumbnails/GPH_3D_tx_G 7101_floor_001_thumb.jpg
images/GPH/3D Model Textures/Thumbnails/GPH_3D_tx_G 7101_floor_002_thumb.jpg	images/GPH/3D Model Textures_remove from TMS Collections/Thumbnails/GPH_3D_tx_G 7101_floor_002_thumb.jpg
images/GPH/3D Model Textures/Thumbnails/GPH_3D_tx_G 7101_roomD_001_thumb.jpg	images/GPH/3D Model Textures_remove from TMS Collections/Thumbnails/GPH_3D_tx_G 7101_roomD_001_thumb.jpg
images/GPH/3D Model Textures/Thumbnails/GPH_3D_tx_G 7101_roomD_bump_001_thumb.jpg	images/GPH/3D Model Textures_remove from TMS Collections/Thumbnails/GPH_3D_tx_G 7101_roomD_bump_001_thumb.jpg
images/GPH/3D Model Textures/Thumbnails/GPH_3D_tx_G 7101_roomD_color_001_thumb.jpg	images/GPH/3D Model Textures_remove from TMS Collections/Thumbnails/GPH_3D_tx_G 7101_roomD_color_001_thumb.jpg
images/GPH/3D Model Textures/Thumbnails/GPH_3D_tx_G 7101_roomD_disp_001_thumb.jpg	images/GPH/3D Model Textures_remove from TMS Collections/Thumbnails/GPH_3D_tx_G 7101_roomD_disp_001_thumb.jpg
images/GPH/3D Model Textures/Thumbnails/GPH_3D_tx_G 7101_roomD_nrm_001_thumb.jpg	images/GPH/3D Model Textures_remove from TMS Collections/Thumbnails/GPH_3D_tx_G 7101_roomD_nrm_001_thumb.jpg
images/GPH/3D Model Textures/Thumbnails/GPH_3D_tx_G 7101_roomD_occ_001_thumb.jpg	images/GPH/3D Model Textures_remove from TMS Collections/Thumbnails/GPH_3D_tx_G 7101_roomD_occ_001_thumb.jpg
images/GPH/3D Model Textures/Thumbnails/GPH_3D_tx_G 7101_roomD_schematic_001_thumb.jpg	images/GPH/3D Model Textures_remove from TMS Collections/Thumbnails/GPH_3D_tx_G 7101_roomD_schematic_001_thumb.jpg
images/GPH/3D Model Textures/Thumbnails/GPH_3D_tx_G 7101_roomD_spec_001_thumb.jpg	images/GPH/3D Model Textures_remove from TMS Collections/Thumbnails/GPH_3D_tx_G 7101_roomD_spec_001_thumb.jpg
images/GPH/3D Model Textures/Thumbnails/GPH_3D_tx_G 7101_roomD_statue_001_thumb.jpg	images/GPH/3D Model Textures_remove from TMS Collections/Thumbnails/GPH_3D_tx_G 7101_roomD_statue_001_thumb.jpg
images/GPH/3D Model Textures/Thumbnails/GPH_3D_tx_G 7101_roomD_statue_schematic_001_thumb.jpg	images/GPH/3D Model Textures_remove from TMS Collections/Thumbnails/GPH_3D_tx_G 7101_roomD_statue_schematic_001_thumb.jpg
images/GPH/3D Model Textures/Thumbnails/GPH_3D_tx_G 7101_roomE_001_thumb.jpg	images/GPH/3D Model Textures_remove from TMS Collections/Thumbnails/GPH_3D_tx_G 7101_roomE_001_thumb.jpg
images/GPH/3D Model Textures/Thumbnails/GPH_3D_tx_G 7101_roomE_bump_001_thumb.jpg	images/GPH/3D Model Textures_remove from TMS Collections/Thumbnails/GPH_3D_tx_G 7101_roomE_bump_001_thumb.jpg
images/GPH/3D Model Textures/Thumbnails/GPH_3D_tx_G 7101_roomE_color_001_thumb.jpg	images/GPH/3D Model Textures_remove from TMS Collections/Thumbnails/GPH_3D_tx_G 7101_roomE_color_001_thumb.jpg
images/GPH/3D Model Textures/Thumbnails/GPH_3D_tx_G 7101_roomE_disp_001_thumb.jpg	images/GPH/3D Model Textures_remove from TMS Collections/Thumbnails/GPH_3D_tx_G 7101_roomE_disp_001_thumb.jpg
images/GPH/3D Model Textures/Thumbnails/GPH_3D_tx_G 7101_roomE_falsedoor_001_thumb.jpg	images/GPH/3D Model Textures_remove from TMS Collections/Thumbnails/GPH_3D_tx_G 7101_roomE_falsedoor_001_thumb.jpg
images/GPH/3D Model Textures/Thumbnails/GPH_3D_tx_G 7101_roomE_falsedoor_bump_001_thumb.jpg	images/GPH/3D Model Textures_remove from TMS Collections/Thumbnails/GPH_3D_tx_G 7101_roomE_falsedoor_bump_001_thumb.jpg
images/GPH/3D Model Textures/Thumbnails/GPH_3D_tx_G 7101_roomE_falsedoor_color_001_thumb.jpg	images/GPH/3D Model Textures_remove from TMS Collections/Thumbnails/GPH_3D_tx_G 7101_roomE_falsedoor_color_001_thumb.jpg
images/GPH/3D Model Textures/Thumbnails/GPH_3D_tx_G 7101_roomE_falsedoor_schematic_001_thumb.jpg	images/GPH/3D Model Textures_remove from TMS Collections/Thumbnails/GPH_3D_tx_G 7101_roomE_falsedoor_schematic_001_thumb.jpg
images/GPH/3D Model Textures/Thumbnails/GPH_3D_tx_G 7101_roomE_nrm_001_thumb.jpg	images/GPH/3D Model Textures_remove from TMS Collections/Thumbnails/GPH_3D_tx_G 7101_roomE_nrm_001_thumb.jpg
images/GPH/3D Model Textures/Thumbnails/GPH_3D_tx_G 7101_roomE_occ_001_thumb.jpg	images/GPH/3D Model Textures_remove from TMS Collections/Thumbnails/GPH_3D_tx_G 7101_roomE_occ_001_thumb.jpg
images/GPH/3D Model Textures/Thumbnails/GPH_3D_tx_G 7101_roomE_schematic_001_thumb.jpg	images/GPH/3D Model Textures_remove from TMS Collections/Thumbnails/GPH_3D_tx_G 7101_roomE_schematic_001_thumb.jpg
images/GPH/3D Model Textures/Thumbnails/GPH_3D_tx_G 7101_roomE_spec_001_thumb.jpg	images/GPH/3D Model Textures_remove from TMS Collections/Thumbnails/GPH_3D_tx_G 7101_roomE_spec_001_thumb.jpg
images/GPH/3D Model Textures/Thumbnails/GPH_3D_tx_G 7101_stairs_001_thumb.jpg	images/GPH/3D Model Textures_remove from TMS Collections/Thumbnails/GPH_3D_tx_G 7101_stairs_001_thumb.jpg
images/GPH/3D Model Textures/Thumbnails/GPH_3D_tx_G 7101_stairs_002_thumb.jpg	images/GPH/3D Model Textures_remove from TMS Collections/Thumbnails/GPH_3D_tx_G 7101_stairs_002_thumb.jpg
images/GPH/3D Model Textures/Thumbnails/GPH_3D_tx_G 7130-7140_gm3_fig019_001_thumb.jpg	images/GPH/3D Model Textures_remove from TMS Collections/Thumbnails/GPH_3D_tx_G 7130-7140_gm3_fig019_001_thumb.jpg
images/GPH/3D Model Textures/Thumbnails/GPH_3D_tx_G 7130-7140_gm3_fig024_001_thumb.jpg	images/GPH/3D Model Textures_remove from TMS Collections/Thumbnails/GPH_3D_tx_G 7130-7140_gm3_fig024_001_thumb.jpg
images/GPH/3D Model Textures/Thumbnails/GPH_3D_tx_G 7130-7140_gm3_fig025_001_thumb.jpg	images/GPH/3D Model Textures_remove from TMS Collections/Thumbnails/GPH_3D_tx_G 7130-7140_gm3_fig025_001_thumb.jpg
images/GPH/3D Model Textures/Thumbnails/GPH_3D_tx_G 7130-7140_gm3_fig026_001_thumb.jpg	images/GPH/3D Model Textures_remove from TMS Collections/Thumbnails/GPH_3D_tx_G 7130-7140_gm3_fig026_001_thumb.jpg
images/GPH/3D Model Textures/Thumbnails/GPH_3D_tx_G 7130-7140_gm3_fig027_001_thumb.jpg	images/GPH/3D Model Textures_remove from TMS Collections/Thumbnails/GPH_3D_tx_G 7130-7140_gm3_fig027_001_thumb.jpg
images/GPH/3D Model Textures/Thumbnails/GPH_3D_tx_G 7130-7140_gm3_fig028_001_thumb.jpg	images/GPH/3D Model Textures_remove from TMS Collections/Thumbnails/GPH_3D_tx_G 7130-7140_gm3_fig028_001_thumb.jpg
images/GPH/3D Model Textures/Thumbnails/GPH_3D_tx_G 7130-7140_gm3_fig029_001_thumb.jpg	images/GPH/3D Model Textures_remove from TMS Collections/Thumbnails/GPH_3D_tx_G 7130-7140_gm3_fig029_001_thumb.jpg
images/GPH/3D Model Textures/Thumbnails/GPH_3D_tx_G 7130-7140_gm3_fig030_001_thumb.jpg	images/GPH/3D Model Textures_remove from TMS Collections/Thumbnails/GPH_3D_tx_G 7130-7140_gm3_fig030_001_thumb.jpg
images/GPH/3D Model Textures/Thumbnails/GPH_3D_tx_G 7130-7140_gm3_fig031_001_bump_thumb.jpg	images/GPH/3D Model Textures_remove from TMS Collections/Thumbnails/GPH_3D_tx_G 7130-7140_gm3_fig031_001_bump_thumb.jpg
images/GPH/3D Model Textures/Thumbnails/GPH_3D_tx_G 7130-7140_gm3_fig031_001_thumb.jpg	images/GPH/3D Model Textures_remove from TMS Collections/Thumbnails/GPH_3D_tx_G 7130-7140_gm3_fig031_001_thumb.jpg
images/GPH/3D Model Textures/Thumbnails/GPH_3D_tx_G 7130-7140_gm3_fig032_001_thumb.jpg	images/GPH/3D Model Textures_remove from TMS Collections/Thumbnails/GPH_3D_tx_G 7130-7140_gm3_fig032_001_thumb.jpg
images/GPH/3D Model Textures/Thumbnails/GPH_3D_tx_G 7130-7140_gm3_fig033_001_thumb.jpg	images/GPH/3D Model Textures_remove from TMS Collections/Thumbnails/GPH_3D_tx_G 7130-7140_gm3_fig033_001_thumb.jpg
images/GPH/3D Model Textures/Thumbnails/GPH_3D_tx_G 7130-7140_gm3_fig034_001_thumb.jpg	images/GPH/3D Model Textures_remove from TMS Collections/Thumbnails/GPH_3D_tx_G 7130-7140_gm3_fig034_001_thumb.jpg
images/GPH/3D Model Textures/Thumbnails/GPH_3D_tx_G 7130-7140_roomA_001_thumb.jpg	images/GPH/3D Model Textures_remove from TMS Collections/Thumbnails/GPH_3D_tx_G 7130-7140_roomA_001_thumb.jpg
images/GPH/3D Model Textures/Thumbnails/GPH_3D_tx_G 7130-7140_roomA_s_001_thumb.jpg	images/GPH/3D Model Textures_remove from TMS Collections/Thumbnails/GPH_3D_tx_G 7130-7140_roomA_s_001_thumb.jpg
images/GPH/3D Model Textures/Thumbnails/GPH_3D_tx_G 7130-7140_roomA_s_bump_001_thumb.jpg	images/GPH/3D Model Textures_remove from TMS Collections/Thumbnails/GPH_3D_tx_G 7130-7140_roomA_s_bump_001_thumb.jpg
images/GPH/3D Model Textures/Thumbnails/GPH_3D_tx_G 7130-7140_roomB_001_thumb.jpg	images/GPH/3D Model Textures_remove from TMS Collections/Thumbnails/GPH_3D_tx_G 7130-7140_roomB_001_thumb.jpg
images/GPH/3D Model Textures/Thumbnails/GPH_3D_tx_G 7130-7140_roomB_s_001_thumb.jpg	images/GPH/3D Model Textures_remove from TMS Collections/Thumbnails/GPH_3D_tx_G 7130-7140_roomB_s_001_thumb.jpg
images/GPH/3D Model Textures/Thumbnails/GPH_3D_tx_G 7130-7140_roomB_s_bump_001_thumb.jpg	images/GPH/3D Model Textures_remove from TMS Collections/Thumbnails/GPH_3D_tx_G 7130-7140_roomB_s_bump_001_thumb.jpg
images/GPH/3D Model Textures/Thumbnails/GPH_3D_tx_G 7530-7540_entrance_001_thumb.jpg	images/GPH/3D Model Textures_remove from TMS Collections/Thumbnails/GPH_3D_tx_G 7530-7540_entrance_001_thumb.jpg
images/GPH/3D Model Textures/Thumbnails/GPH_3D_tx_G 7530-7540_entrance_002_thumb.jpg	images/GPH/3D Model Textures_remove from TMS Collections/Thumbnails/GPH_3D_tx_G 7530-7540_entrance_002_thumb.jpg
images/GPH/3D Model Textures/Thumbnails/GPH_3D_tx_G 7530-7540_entrance_bake_001_thumb.jpg	images/GPH/3D Model Textures_remove from TMS Collections/Thumbnails/GPH_3D_tx_G 7530-7540_entrance_bake_001_thumb.jpg
images/GPH/3D Model Textures/Thumbnails/GPH_3D_tx_G 7530-7540_entrance_bump_001_thumb.jpg	images/GPH/3D Model Textures_remove from TMS Collections/Thumbnails/GPH_3D_tx_G 7530-7540_entrance_bump_001_thumb.jpg
images/GPH/3D Model Textures/Thumbnails/GPH_3D_tx_G 7530-7540_entrance_color_001_thumb.jpg	images/GPH/3D Model Textures_remove from TMS Collections/Thumbnails/GPH_3D_tx_G 7530-7540_entrance_color_001_thumb.jpg
images/GPH/3D Model Textures/Thumbnails/GPH_3D_tx_G 7530-7540_entrance_color_002_thumb.jpg	images/GPH/3D Model Textures_remove from TMS Collections/Thumbnails/GPH_3D_tx_G 7530-7540_entrance_color_002_thumb.jpg
images/GPH/3D Model Textures/Thumbnails/GPH_3D_tx_G 7530-7540_entrance_stone_001_thumb.jpg	images/GPH/3D Model Textures_remove from TMS Collections/Thumbnails/GPH_3D_tx_G 7530-7540_entrance_stone_001_thumb.jpg
images/GPH/3D Model Textures/Thumbnails/GPH_3D_tx_G 7530-7540_entrance_stone_bump_001_thumb.jpg	images/GPH/3D Model Textures_remove from TMS Collections/Thumbnails/GPH_3D_tx_G 7530-7540_entrance_stone_bump_001_thumb.jpg
images/GPH/3D Model Textures/Thumbnails/GPH_3D_tx_G 7530-7540_roomA_001_thumb.jpg	images/GPH/3D Model Textures_remove from TMS Collections/Thumbnails/GPH_3D_tx_G 7530-7540_roomA_001_thumb.jpg
images/GPH/3D Model Textures/Thumbnails/GPH_3D_tx_G 7530-7540_roomA_bake_001_thumb.jpg	images/GPH/3D Model Textures_remove from TMS Collections/Thumbnails/GPH_3D_tx_G 7530-7540_roomA_bake_001_thumb.jpg
images/GPH/3D Model Textures/Thumbnails/GPH_3D_tx_G 7530-7540_roomA_damage_001_thumb.jpg	images/GPH/3D Model Textures_remove from TMS Collections/Thumbnails/GPH_3D_tx_G 7530-7540_roomA_damage_001_thumb.jpg
images/GPH/3D Model Textures/Thumbnails/GPH_3D_tx_G 7530-7540_roomA_door_partB_001_thumb.jpg	images/GPH/3D Model Textures_remove from TMS Collections/Thumbnails/GPH_3D_tx_G 7530-7540_roomA_door_partB_001_thumb.jpg
images/GPH/3D Model Textures/Thumbnails/GPH_3D_tx_G 7530-7540_roomA_roof_border_001_thumb.jpg	images/GPH/3D Model Textures_remove from TMS Collections/Thumbnails/GPH_3D_tx_G 7530-7540_roomA_roof_border_001_thumb.jpg
images/GPH/3D Model Textures/Thumbnails/GPH_3D_tx_G 7530-7540_roomA_screenA_bake_001_thumb.jpg	images/GPH/3D Model Textures_remove from TMS Collections/Thumbnails/GPH_3D_tx_G 7530-7540_roomA_screenA_bake_001_thumb.jpg
images/GPH/3D Model Textures/Thumbnails/GPH_3D_tx_G 7530-7540_roomA_scribe_niche_001_thumb.jpg	images/GPH/3D Model Textures_remove from TMS Collections/Thumbnails/GPH_3D_tx_G 7530-7540_roomA_scribe_niche_001_thumb.jpg
images/GPH/3D Model Textures/Thumbnails/GPH_3D_tx_G 7530-7540_roomA_seatedscribe_001_thumb.jpg	images/GPH/3D Model Textures_remove from TMS Collections/Thumbnails/GPH_3D_tx_G 7530-7540_roomA_seatedscribe_001_thumb.jpg
images/GPH/3D Model Textures/Thumbnails/GPH_3D_tx_G 7530-7540_roomA_seatedscribe_002_thumb.jpg	images/GPH/3D Model Textures_remove from TMS Collections/Thumbnails/GPH_3D_tx_G 7530-7540_roomA_seatedscribe_002_thumb.jpg
images/GPH/3D Model Textures/Thumbnails/GPH_3D_tx_G 7530-7540_roomA_statue2_001_thumb.jpg	images/GPH/3D Model Textures_remove from TMS Collections/Thumbnails/GPH_3D_tx_G 7530-7540_roomA_statue2_001_thumb.jpg
images/GPH/3D Model Textures/Thumbnails/GPH_3D_tx_G 7530-7540_roomA_statue2_002_thumb.jpg	images/GPH/3D Model Textures_remove from TMS Collections/Thumbnails/GPH_3D_tx_G 7530-7540_roomA_statue2_002_thumb.jpg
images/GPH/3D Model Textures/Thumbnails/GPH_3D_tx_G 7530-7540_roomA_statue2_003_thumb.jpg	images/GPH/3D Model Textures_remove from TMS Collections/Thumbnails/GPH_3D_tx_G 7530-7540_roomA_statue2_003_thumb.jpg
images/GPH/3D Model Textures/Thumbnails/GPH_3D_tx_G 7530-7540_roomA_statue2_004_thumb.jpg	images/GPH/3D Model Textures_remove from TMS Collections/Thumbnails/GPH_3D_tx_G 7530-7540_roomA_statue2_004_thumb.jpg
images/GPH/3D Model Textures/Thumbnails/GPH_3D_tx_G 7530-7540_roomA_statue2_bake_001_thumb.jpg	images/GPH/3D Model Textures_remove from TMS Collections/Thumbnails/GPH_3D_tx_G 7530-7540_roomA_statue2_bake_001_thumb.jpg
images/GPH/3D Model Textures/Thumbnails/GPH_3D_tx_G 7530-7540_roomA_statue2_bake_002_thumb.jpg	images/GPH/3D Model Textures_remove from TMS Collections/Thumbnails/GPH_3D_tx_G 7530-7540_roomA_statue2_bake_002_thumb.jpg
images/GPH/3D Model Textures/Thumbnails/GPH_3D_tx_G 7530-7540_roomA_statue3_001_thumb.jpg	images/GPH/3D Model Textures_remove from TMS Collections/Thumbnails/GPH_3D_tx_G 7530-7540_roomA_statue3_001_thumb.jpg
images/GPH/3D Model Textures/Thumbnails/GPH_3D_tx_G 7530-7540_roomA_statue3_003_thumb.jpg	images/GPH/3D Model Textures_remove from TMS Collections/Thumbnails/GPH_3D_tx_G 7530-7540_roomA_statue3_003_thumb.jpg
images/GPH/3D Model Textures/Thumbnails/GPH_3D_tx_G 7530-7540_roomA_virtools_001_thumb.jpg	images/GPH/3D Model Textures_remove from TMS Collections/Thumbnails/GPH_3D_tx_G 7530-7540_roomA_virtools_001_thumb.jpg
images/GPH/3D Model Textures/Thumbnails/GPH_3D_tx_G 7530-7540_roomA_wall_e+s_001_thumb.jpg	images/GPH/3D Model Textures_remove from TMS Collections/Thumbnails/GPH_3D_tx_G 7530-7540_roomA_wall_e+s_001_thumb.jpg
images/GPH/3D Model Textures/Thumbnails/GPH_3D_tx_G 7530-7540_roomA_wall_e+s_bump_001_thumb.jpg	images/GPH/3D Model Textures_remove from TMS Collections/Thumbnails/GPH_3D_tx_G 7530-7540_roomA_wall_e+s_bump_001_thumb.jpg
images/GPH/3D Model Textures/Thumbnails/GPH_3D_tx_G 7530-7540_roomA_wall_w_001_thumb.jpg	images/GPH/3D Model Textures_remove from TMS Collections/Thumbnails/GPH_3D_tx_G 7530-7540_roomA_wall_w_001_thumb.jpg
images/GPH/3D Model Textures/Thumbnails/GPH_3D_tx_G 7530-7540_roomA_wall_w_002_thumb.jpg	images/GPH/3D Model Textures_remove from TMS Collections/Thumbnails/GPH_3D_tx_G 7530-7540_roomA_wall_w_002_thumb.jpg
images/GPH/3D Model Textures/Thumbnails/GPH_3D_tx_G 7530-7540_roomA_wall_w_003_thumb.jpg	images/GPH/3D Model Textures_remove from TMS Collections/Thumbnails/GPH_3D_tx_G 7530-7540_roomA_wall_w_003_thumb.jpg
images/GPH/3D Model Textures/Thumbnails/GPH_3D_tx_G 7530-7540_roomA_wall_w_bump_001_thumb.jpg	images/GPH/3D Model Textures_remove from TMS Collections/Thumbnails/GPH_3D_tx_G 7530-7540_roomA_wall_w_bump_001_thumb.jpg
images/GPH/3D Model Textures/Thumbnails/GPH_3D_tx_G 7530-7540_roomB_001_thumb.jpg	images/GPH/3D Model Textures_remove from TMS Collections/Thumbnails/GPH_3D_tx_G 7530-7540_roomB_001_thumb.jpg
images/GPH/3D Model Textures/Thumbnails/GPH_3D_tx_G 7530-7540_roomB_002_thumb.jpg	images/GPH/3D Model Textures_remove from TMS Collections/Thumbnails/GPH_3D_tx_G 7530-7540_roomB_002_thumb.jpg
images/GPH/3D Model Textures/Thumbnails/GPH_3D_tx_G 7530-7540_roomB_bake_001_thumb.jpg	images/GPH/3D Model Textures_remove from TMS Collections/Thumbnails/GPH_3D_tx_G 7530-7540_roomB_bake_001_thumb.jpg
images/GPH/3D Model Textures/Thumbnails/GPH_3D_tx_G 7530-7540_roomB_bump_001_thumb.jpg	images/GPH/3D Model Textures_remove from TMS Collections/Thumbnails/GPH_3D_tx_G 7530-7540_roomB_bump_001_thumb.jpg
images/GPH/3D Model Textures/Thumbnails/GPH_3D_tx_G 7530-7540_roomB_statues_bake_001_thumb.jpg	images/GPH/3D Model Textures_remove from TMS Collections/Thumbnails/GPH_3D_tx_G 7530-7540_roomB_statues_bake_001_thumb.jpg
images/GPH/3D Model Textures/Thumbnails/GPH_3D_tx_G 7530-7540_roomB_statues_bake_002_thumb.jpg	images/GPH/3D Model Textures_remove from TMS Collections/Thumbnails/GPH_3D_tx_G 7530-7540_roomB_statues_bake_002_thumb.jpg
images/GPH/3D Model Textures/Thumbnails/GPH_3D_tx_G 7530-7540_roomB_wall_e_001_thumb.jpg	images/GPH/3D Model Textures_remove from TMS Collections/Thumbnails/GPH_3D_tx_G 7530-7540_roomB_wall_e_001_thumb.jpg
images/GPH/3D Model Textures/Thumbnails/GPH_3D_tx_G 7530-7540_roomB_wall_e_002_thumb.jpg	images/GPH/3D Model Textures_remove from TMS Collections/Thumbnails/GPH_3D_tx_G 7530-7540_roomB_wall_e_002_thumb.jpg
images/GPH/3D Model Textures/Thumbnails/GPH_3D_tx_G 7530-7540_roomB_wall_e_bump_001_thumb.jpg	images/GPH/3D Model Textures_remove from TMS Collections/Thumbnails/GPH_3D_tx_G 7530-7540_roomB_wall_e_bump_001_thumb.jpg
images/GPH/3D Model Textures/Thumbnails/GPH_3D_tx_G 7530-7540_roomB_wall_e_color_001_thumb.jpg	images/GPH/3D Model Textures_remove from TMS Collections/Thumbnails/GPH_3D_tx_G 7530-7540_roomB_wall_e_color_001_thumb.jpg
images/GPH/3D Model Textures/Thumbnails/GPH_3D_tx_G 7530-7540_roomB_wall_e_statues_001_thumb.jpg	images/GPH/3D Model Textures_remove from TMS Collections/Thumbnails/GPH_3D_tx_G 7530-7540_roomB_wall_e_statues_001_thumb.jpg
images/GPH/3D Model Textures/Thumbnails/GPH_3D_tx_G 7530-7540_roomB_wall_e_statues_002_thumb.jpg	images/GPH/3D Model Textures_remove from TMS Collections/Thumbnails/GPH_3D_tx_G 7530-7540_roomB_wall_e_statues_002_thumb.jpg
images/GPH/3D Model Textures/Thumbnails/GPH_3D_tx_G 7530-7540_roomB_wall_e_statues_003_thumb.jpg	images/GPH/3D Model Textures_remove from TMS Collections/Thumbnails/GPH_3D_tx_G 7530-7540_roomB_wall_e_statues_003_thumb.jpg
images/GPH/3D Model Textures/Thumbnails/GPH_3D_tx_G 7530-7540_roomB_wall_e_statues_004_thumb.jpg	images/GPH/3D Model Textures_remove from TMS Collections/Thumbnails/GPH_3D_tx_G 7530-7540_roomB_wall_e_statues_004_thumb.jpg
images/GPH/3D Model Textures/Thumbnails/GPH_3D_tx_G 7530-7540_roomB_wall_e_statues_005_thumb.jpg	images/GPH/3D Model Textures_remove from TMS Collections/Thumbnails/GPH_3D_tx_G 7530-7540_roomB_wall_e_statues_005_thumb.jpg
images/GPH/3D Model Textures/Thumbnails/GPH_3D_tx_G 7530-7540_roomB_wall_e_statues_006_thumb.jpg	images/GPH/3D Model Textures_remove from TMS Collections/Thumbnails/GPH_3D_tx_G 7530-7540_roomB_wall_e_statues_006_thumb.jpg
images/GPH/3D Model Textures/Thumbnails/GPH_3D_tx_G 7530-7540_roomB_wall_e_statues_007_thumb.jpg	images/GPH/3D Model Textures_remove from TMS Collections/Thumbnails/GPH_3D_tx_G 7530-7540_roomB_wall_e_statues_007_thumb.jpg
images/GPH/3D Model Textures/Thumbnails/GPH_3D_tx_G 7530-7540_roomC_001_thumb.jpg	images/GPH/3D Model Textures_remove from TMS Collections/Thumbnails/GPH_3D_tx_G 7530-7540_roomC_001_thumb.jpg
images/GPH/3D Model Textures/Thumbnails/GPH_3D_tx_G 7530-7540_roomC_bake_001_thumb.jpg	images/GPH/3D Model Textures_remove from TMS Collections/Thumbnails/GPH_3D_tx_G 7530-7540_roomC_bake_001_thumb.jpg
images/GPH/3D Model Textures/Thumbnails/GPH_3D_tx_G 7530-7540_roomC_bump_001_thumb.jpg	images/GPH/3D Model Textures_remove from TMS Collections/Thumbnails/GPH_3D_tx_G 7530-7540_roomC_bump_001_thumb.jpg
images/GPH/3D Model Textures/Thumbnails/GPH_3D_tx_G 7530-7540_shaft_001_thumb.jpg	images/GPH/3D Model Textures_remove from TMS Collections/Thumbnails/GPH_3D_tx_G 7530-7540_shaft_001_thumb.jpg
images/GPH/3D Model Textures/Thumbnails/GPH_3D_tx_G 7530-7540_shaft_avatar_bake_001_thumb.jpg	images/GPH/3D Model Textures_remove from TMS Collections/Thumbnails/GPH_3D_tx_G 7530-7540_shaft_avatar_bake_001_thumb.jpg
images/GPH/3D Model Textures/Thumbnails/GPH_3D_tx_G 7530-7540_shaft_bake_001_thumb.jpg	images/GPH/3D Model Textures_remove from TMS Collections/Thumbnails/GPH_3D_tx_G 7530-7540_shaft_bake_001_thumb.jpg
images/GPH/3D Model Textures/Thumbnails/GPH_3D_tx_G 7530-7540_wall_decoration_001_thumb.jpg	images/GPH/3D Model Textures_remove from TMS Collections/Thumbnails/GPH_3D_tx_G 7530-7540_wall_decoration_001_thumb.jpg
images/GPH/3D Model Textures/Thumbnails/GPH_3D_tx_G 7530-7540_wall_decoration_002_thumb.jpg	images/GPH/3D Model Textures_remove from TMS Collections/Thumbnails/GPH_3D_tx_G 7530-7540_wall_decoration_002_thumb.jpg
images/GPH/3D Model Textures/Thumbnails/GPH_3D_tx_G 7530-7540_wire_001_thumb.jpg	images/GPH/3D Model Textures_remove from TMS Collections/Thumbnails/GPH_3D_tx_G 7530-7540_wire_001_thumb.jpg
images/GPH/3D Model Textures/Thumbnails/GPH_3D_tx_G 7530-7540_wire_002_thumb.jpg	images/GPH/3D Model Textures_remove from TMS Collections/Thumbnails/GPH_3D_tx_G 7530-7540_wire_002_thumb.jpg
images/GPH/3D Model Textures/Thumbnails/GPH_3D_tx_G 7530-7540_wire_003_thumb.jpg	images/GPH/3D Model Textures_remove from TMS Collections/Thumbnails/GPH_3D_tx_G 7530-7540_wire_003_thumb.jpg
images/GPH/3D Model Textures/Thumbnails/GPH_3D_tx_G 7530-7540_wire_004_bump_thumb.jpg	images/GPH/3D Model Textures_remove from TMS Collections/Thumbnails/GPH_3D_tx_G 7530-7540_wire_004_bump_thumb.jpg
images/GPH/3D Model Textures/Thumbnails/GPH_3D_tx_G 7530-7540_wire_004_thumb.jpg	images/GPH/3D Model Textures_remove from TMS Collections/Thumbnails/GPH_3D_tx_G 7530-7540_wire_004_thumb.jpg
images/GPH/3D Model Textures/Thumbnails/GPH_3D_tx_G 7530-7540_wire_005_thumb.jpg	images/GPH/3D Model Textures_remove from TMS Collections/Thumbnails/GPH_3D_tx_G 7530-7540_wire_005_thumb.jpg
images/GPH/3D Model Textures/Thumbnails/GPH_3D_tx_GEM_6364+GEM_6372_001_thumb.jpg	images/GPH/3D Model Textures_remove from TMS Collections/Thumbnails/GPH_3D_tx_GEM_6364+GEM_6372_001_thumb.jpg
images/GPH/3D Model Textures/Thumbnails/GPH_3D_tx_GEM_6364_001_thumb.jpg	images/GPH/3D Model Textures_remove from TMS Collections/Thumbnails/GPH_3D_tx_GEM_6364_001_thumb.jpg
images/GPH/3D Model Textures/Thumbnails/GPH_3D_tx_GEM_6365_001_thumb.jpg	images/GPH/3D Model Textures_remove from TMS Collections/Thumbnails/GPH_3D_tx_GEM_6365_001_thumb.jpg
images/GPH/3D Model Textures/Thumbnails/GPH_3D_tx_GEM_6365_border_001_thumb.jpg	images/GPH/3D Model Textures_remove from TMS Collections/Thumbnails/GPH_3D_tx_GEM_6365_border_001_thumb.jpg
images/GPH/3D Model Textures/Thumbnails/GPH_3D_tx_GEM_6365_color_001_thumb.jpg	images/GPH/3D Model Textures_remove from TMS Collections/Thumbnails/GPH_3D_tx_GEM_6365_color_001_thumb.jpg
images/GPH/3D Model Textures/Thumbnails/GPH_3D_tx_GEM_6365_light_001_thumb.jpg	images/GPH/3D Model Textures_remove from TMS Collections/Thumbnails/GPH_3D_tx_GEM_6365_light_001_thumb.jpg
images/GPH/3D Model Textures/Thumbnails/GPH_3D_tx_GEM_6365_nrm_001_thumb.jpg	images/GPH/3D Model Textures_remove from TMS Collections/Thumbnails/GPH_3D_tx_GEM_6365_nrm_001_thumb.jpg
images/GPH/3D Model Textures/Thumbnails/GPH_3D_tx_GEM_6365_spec_001_thumb.jpg	images/GPH/3D Model Textures_remove from TMS Collections/Thumbnails/GPH_3D_tx_GEM_6365_spec_001_thumb.jpg
images/GPH/3D Model Textures/Thumbnails/GPH_3D_tx_GEM_6365_uv_001_thumb.jpg	images/GPH/3D Model Textures_remove from TMS Collections/Thumbnails/GPH_3D_tx_GEM_6365_uv_001_thumb.jpg
images/GPH/3D Model Textures/Thumbnails/GPH_3D_tx_GEM_6372_copper_001_thumb.jpg	images/GPH/3D Model Textures_remove from TMS Collections/Thumbnails/GPH_3D_tx_GEM_6372_copper_001_thumb.jpg
images/GPH/3D Model Textures/Thumbnails/GPH_3D_tx_GEM_6372_copper_nrm_001_thumb.jpg	images/GPH/3D Model Textures_remove from TMS Collections/Thumbnails/GPH_3D_tx_GEM_6372_copper_nrm_001_thumb.jpg
images/GPH/3D Model Textures/Thumbnails/GPH_3D_tx_GEM_6372_gold_001_thumb.jpg	images/GPH/3D Model Textures_remove from TMS Collections/Thumbnails/GPH_3D_tx_GEM_6372_gold_001_thumb.jpg
images/GPH/3D Model Textures/Thumbnails/GPH_3D_tx_GEM_6372_inscription_nrm_001_thumb.jpg	images/GPH/3D Model Textures_remove from TMS Collections/Thumbnails/GPH_3D_tx_GEM_6372_inscription_nrm_001_thumb.jpg
images/GPH/3D Model Textures/Thumbnails/GPH_3D_tx_GEM_6372_leather_001_thumb.jpg	images/GPH/3D Model Textures_remove from TMS Collections/Thumbnails/GPH_3D_tx_GEM_6372_leather_001_thumb.jpg
images/GPH/3D Model Textures/Thumbnails/GPH_3D_tx_GEM_6424_001_thumb.jpg	images/GPH/3D Model Textures_remove from TMS Collections/Thumbnails/GPH_3D_tx_GEM_6424_001_thumb.jpg
images/GPH/3D Model Textures/Thumbnails/GPH_3D_tx_GEM_6426_001_thumb.jpg	images/GPH/3D Model Textures_remove from TMS Collections/Thumbnails/GPH_3D_tx_GEM_6426_001_thumb.jpg
images/GPH/3D Model Textures/Thumbnails/GPH_3D_tx_GEM_6426_light_001_thumb.jpg	images/GPH/3D Model Textures_remove from TMS Collections/Thumbnails/GPH_3D_tx_GEM_6426_light_001_thumb.jpg
images/GPH/3D Model Textures/Thumbnails/GPH_3D_tx_George Reisner_accessories_alpha_001_thumb.jpg	images/GPH/3D Model Textures_remove from TMS Collections/Thumbnails/GPH_3D_tx_George Reisner_accessories_alpha_001_thumb.jpg
images/GPH/3D Model Textures/Thumbnails/GPH_3D_tx_George Reisner_accessories_diff_001_thumb.jpg	images/GPH/3D Model Textures_remove from TMS Collections/Thumbnails/GPH_3D_tx_George Reisner_accessories_diff_001_thumb.jpg
images/GPH/3D Model Textures/Thumbnails/GPH_3D_tx_George Reisner_accessories_nrm_001_thumb.jpg	images/GPH/3D Model Textures_remove from TMS Collections/Thumbnails/GPH_3D_tx_George Reisner_accessories_nrm_001_thumb.jpg
images/GPH/3D Model Textures/Thumbnails/GPH_3D_tx_George Reisner_diff_001_thumb.jpg	images/GPH/3D Model Textures_remove from TMS Collections/Thumbnails/GPH_3D_tx_George Reisner_diff_001_thumb.jpg
images/GPH/3D Model Textures/Thumbnails/GPH_3D_tx_George Reisner_eyelashes_diff_001_thumb.jpg	images/GPH/3D Model Textures_remove from TMS Collections/Thumbnails/GPH_3D_tx_George Reisner_eyelashes_diff_001_thumb.jpg
images/GPH/3D Model Textures/Thumbnails/GPH_3D_tx_George Reisner_hair_diff_001_thumb.jpg	images/GPH/3D Model Textures_remove from TMS Collections/Thumbnails/GPH_3D_tx_George Reisner_hair_diff_001_thumb.jpg
images/GPH/3D Model Textures/Thumbnails/GPH_3D_tx_George Reisner_nrm_001_thumb.jpg	images/GPH/3D Model Textures_remove from TMS Collections/Thumbnails/GPH_3D_tx_George Reisner_nrm_001_thumb.jpg
images/GPH/3D Model Textures/Thumbnails/GPH_3D_tx_George Reisner_nrm_bump_001_thumb.jpg	images/GPH/3D Model Textures_remove from TMS Collections/Thumbnails/GPH_3D_tx_George Reisner_nrm_bump_001_thumb.jpg
images/GPH/3D Model Textures/Thumbnails/GPH_3D_tx_George Reisner_spec_001_thumb.jpg	images/GPH/3D Model Textures_remove from TMS Collections/Thumbnails/GPH_3D_tx_George Reisner_spec_001_thumb.jpg
images/GPH/3D Model Textures/Thumbnails/GPH_3D_tx_George Reisner_spec_002_thumb.jpg	images/GPH/3D Model Textures_remove from TMS Collections/Thumbnails/GPH_3D_tx_George Reisner_spec_002_thumb.jpg
images/GPH/3D Model Textures/Thumbnails/GPH_3D_tx_Giza Plateau_004_thumb.jpg	images/GPH/3D Model Textures_remove from TMS Collections/Thumbnails/GPH_3D_tx_Giza Plateau_004_thumb.jpg
images/GPH/3D Model Textures/Thumbnails/GPH_3D_tx_Giza Plateau_005_thumb.jpg	images/GPH/3D Model Textures_remove from TMS Collections/Thumbnails/GPH_3D_tx_Giza Plateau_005_thumb.jpg
images/GPH/3D Model Textures/Thumbnails/GPH_3D_tx_Giza Plateau_006_thumb.jpg	images/GPH/3D Model Textures_remove from TMS Collections/Thumbnails/GPH_3D_tx_Giza Plateau_006_thumb.jpg
images/GPH/3D Model Textures/Thumbnails/GPH_3D_tx_Giza Plateau_007_thumb.jpg	images/GPH/3D Model Textures_remove from TMS Collections/Thumbnails/GPH_3D_tx_Giza Plateau_007_thumb.jpg
images/GPH/3D Model Textures/Thumbnails/GPH_3D_tx_Giza Plateau_009_thumb.jpg	images/GPH/3D Model Textures_remove from TMS Collections/Thumbnails/GPH_3D_tx_Giza Plateau_009_thumb.jpg
images/GPH/3D Model Textures/Thumbnails/GPH_3D_tx_Giza Plateau_010_thumb.jpg	images/GPH/3D Model Textures_remove from TMS Collections/Thumbnails/GPH_3D_tx_Giza Plateau_010_thumb.jpg
images/GPH/3D Model Textures/Thumbnails/GPH_3D_tx_Giza Plateau_011_thumb.jpg	images/GPH/3D Model Textures_remove from TMS Collections/Thumbnails/GPH_3D_tx_Giza Plateau_011_thumb.jpg
images/GPH/3D Model Textures/Thumbnails/GPH_3D_tx_Giza Plateau_012_thumb.jpg	images/GPH/3D Model Textures_remove from TMS Collections/Thumbnails/GPH_3D_tx_Giza Plateau_012_thumb.jpg
images/GPH/3D Model Textures/Thumbnails/GPH_3D_tx_Giza Plateau_013_thumb.jpg	images/GPH/3D Model Textures_remove from TMS Collections/Thumbnails/GPH_3D_tx_Giza Plateau_013_thumb.jpg
images/GPH/3D Model Textures/Thumbnails/GPH_3D_tx_Giza Plateau_016_thumb.jpg	images/GPH/3D Model Textures_remove from TMS Collections/Thumbnails/GPH_3D_tx_Giza Plateau_016_thumb.jpg
images/GPH/3D Model Textures/Thumbnails/GPH_3D_tx_Giza Plateau_017_thumb.jpg	images/GPH/3D Model Textures_remove from TMS Collections/Thumbnails/GPH_3D_tx_Giza Plateau_017_thumb.jpg
images/GPH/3D Model Textures/Thumbnails/GPH_3D_tx_Giza Plateau_018_thumb.jpg	images/GPH/3D Model Textures_remove from TMS Collections/Thumbnails/GPH_3D_tx_Giza Plateau_018_thumb.jpg
images/GPH/3D Model Textures/Thumbnails/GPH_3D_tx_Giza Plateau_019_thumb.jpg	images/GPH/3D Model Textures_remove from TMS Collections/Thumbnails/GPH_3D_tx_Giza Plateau_019_thumb.jpg
images/GPH/3D Model Textures/Thumbnails/GPH_3D_tx_Giza Plateau_020_thumb.jpg	images/GPH/3D Model Textures_remove from TMS Collections/Thumbnails/GPH_3D_tx_Giza Plateau_020_thumb.jpg
images/GPH/3D Model Textures/Thumbnails/GPH_3D_tx_Giza Plateau_021_thumb.jpg	images/GPH/3D Model Textures_remove from TMS Collections/Thumbnails/GPH_3D_tx_Giza Plateau_021_thumb.jpg
images/GPH/3D Model Textures/Thumbnails/GPH_3D_tx_Giza Plateau_023_thumb.jpg	images/GPH/3D Model Textures_remove from TMS Collections/Thumbnails/GPH_3D_tx_Giza Plateau_023_thumb.jpg
images/GPH/3D Model Textures/Thumbnails/GPH_3D_tx_Giza Plateau_024_thumb.jpg	images/GPH/3D Model Textures_remove from TMS Collections/Thumbnails/GPH_3D_tx_Giza Plateau_024_thumb.jpg
images/GPH/3D Model Textures/Thumbnails/GPH_3D_tx_Giza Plateau_025_thumb.jpg	images/GPH/3D Model Textures_remove from TMS Collections/Thumbnails/GPH_3D_tx_Giza Plateau_025_thumb.jpg
images/GPH/3D Model Textures/Thumbnails/GPH_3D_tx_Giza Plateau_026_thumb.jpg	images/GPH/3D Model Textures_remove from TMS Collections/Thumbnails/GPH_3D_tx_Giza Plateau_026_thumb.jpg
images/GPH/3D Model Textures/Thumbnails/GPH_3D_tx_Giza Plateau_027_thumb.jpg	images/GPH/3D Model Textures_remove from TMS Collections/Thumbnails/GPH_3D_tx_Giza Plateau_027_thumb.jpg
images/GPH/3D Model Textures/Thumbnails/GPH_3D_tx_Giza Plateau_028_thumb.jpg	images/GPH/3D Model Textures_remove from TMS Collections/Thumbnails/GPH_3D_tx_Giza Plateau_028_thumb.jpg
images/GPH/3D Model Textures/Thumbnails/GPH_3D_tx_Giza Plateau_030_thumb.jpg	images/GPH/3D Model Textures_remove from TMS Collections/Thumbnails/GPH_3D_tx_Giza Plateau_030_thumb.jpg
images/GPH/3D Model Textures/Thumbnails/GPH_3D_tx_Giza Plateau_031_thumb.jpg	images/GPH/3D Model Textures_remove from TMS Collections/Thumbnails/GPH_3D_tx_Giza Plateau_031_thumb.jpg
images/GPH/3D Model Textures/Thumbnails/GPH_3D_tx_Giza Plateau_032_thumb.jpg	images/GPH/3D Model Textures_remove from TMS Collections/Thumbnails/GPH_3D_tx_Giza Plateau_032_thumb.jpg
images/GPH/3D Model Textures/Thumbnails/GPH_3D_tx_Giza Plateau_033_thumb.jpg	images/GPH/3D Model Textures_remove from TMS Collections/Thumbnails/GPH_3D_tx_Giza Plateau_033_thumb.jpg
images/GPH/3D Model Textures/Thumbnails/GPH_3D_tx_Giza Plateau_034_thumb.jpg	images/GPH/3D Model Textures_remove from TMS Collections/Thumbnails/GPH_3D_tx_Giza Plateau_034_thumb.jpg
images/GPH/3D Model Textures/Thumbnails/GPH_3D_tx_Giza Plateau_036_thumb.jpg	images/GPH/3D Model Textures_remove from TMS Collections/Thumbnails/GPH_3D_tx_Giza Plateau_036_thumb.jpg
images/GPH/3D Model Textures/Thumbnails/GPH_3D_tx_Giza Plateau_037_thumb.jpg	images/GPH/3D Model Textures_remove from TMS Collections/Thumbnails/GPH_3D_tx_Giza Plateau_037_thumb.jpg
images/GPH/3D Model Textures/Thumbnails/GPH_3D_tx_Giza Plateau_038_thumb.jpg	images/GPH/3D Model Textures_remove from TMS Collections/Thumbnails/GPH_3D_tx_Giza Plateau_038_thumb.jpg
images/GPH/3D Model Textures/Thumbnails/GPH_3D_tx_Giza Plateau_039_thumb.jpg	images/GPH/3D Model Textures_remove from TMS Collections/Thumbnails/GPH_3D_tx_Giza Plateau_039_thumb.jpg
images/GPH/3D Model Textures/Thumbnails/GPH_3D_tx_Giza Plateau_040_thumb.jpg	images/GPH/3D Model Textures_remove from TMS Collections/Thumbnails/GPH_3D_tx_Giza Plateau_040_thumb.jpg
images/GPH/3D Model Textures/Thumbnails/GPH_3D_tx_Giza Plateau_042_thumb.jpg	images/GPH/3D Model Textures_remove from TMS Collections/Thumbnails/GPH_3D_tx_Giza Plateau_042_thumb.jpg
images/GPH/3D Model Textures/Thumbnails/GPH_3D_tx_Giza Plateau_046_thumb.jpg	images/GPH/3D Model Textures_remove from TMS Collections/Thumbnails/GPH_3D_tx_Giza Plateau_046_thumb.jpg
images/GPH/3D Model Textures/Thumbnails/GPH_3D_tx_Giza Plateau_Nile_valley_001_thumb.jpg	images/GPH/3D Model Textures_remove from TMS Collections/Thumbnails/GPH_3D_tx_Giza Plateau_Nile_valley_001_thumb.jpg
images/GPH/3D Model Textures/Thumbnails/GPH_3D_tx_Giza Plateau_edits_001_thumb.jpg	images/GPH/3D Model Textures_remove from TMS Collections/Thumbnails/GPH_3D_tx_Giza Plateau_edits_001_thumb.jpg
images/GPH/3D Model Textures/Thumbnails/GPH_3D_tx_Giza Plateau_heightmap_002_thumb.jpg	images/GPH/3D Model Textures_remove from TMS Collections/Thumbnails/GPH_3D_tx_Giza Plateau_heightmap_002_thumb.jpg
images/GPH/3D Model Textures/Thumbnails/GPH_3D_tx_Giza Plateau_heightmap_003_thumb.jpg	images/GPH/3D Model Textures_remove from TMS Collections/Thumbnails/GPH_3D_tx_Giza Plateau_heightmap_003_thumb.jpg
images/GPH/3D Model Textures/Thumbnails/GPH_3D_tx_Giza Plateau_main_ground_001_thumb.jpg	images/GPH/3D Model Textures_remove from TMS Collections/Thumbnails/GPH_3D_tx_Giza Plateau_main_ground_001_thumb.jpg
images/GPH/3D Model Textures/Thumbnails/GPH_3D_tx_Giza Plateau_main_ground_002_thumb.jpg	images/GPH/3D Model Textures_remove from TMS Collections/Thumbnails/GPH_3D_tx_Giza Plateau_main_ground_002_thumb.jpg
images/GPH/3D Model Textures/Thumbnails/GPH_3D_tx_Giza Plateau_main_ground_003_thumb.jpg	images/GPH/3D Model Textures_remove from TMS Collections/Thumbnails/GPH_3D_tx_Giza Plateau_main_ground_003_thumb.jpg
images/GPH/3D Model Textures/Thumbnails/GPH_3D_tx_Giza Plateau_main_ground_004a_thumb.jpg	images/GPH/3D Model Textures_remove from TMS Collections/Thumbnails/GPH_3D_tx_Giza Plateau_main_ground_004a_thumb.jpg
images/GPH/3D Model Textures/Thumbnails/GPH_3D_tx_Giza Plateau_main_ground_004b_thumb.jpg	images/GPH/3D Model Textures_remove from TMS Collections/Thumbnails/GPH_3D_tx_Giza Plateau_main_ground_004b_thumb.jpg
images/GPH/3D Model Textures/Thumbnails/GPH_3D_tx_Giza Plateau_main_ground_005_thumb.jpg	images/GPH/3D Model Textures_remove from TMS Collections/Thumbnails/GPH_3D_tx_Giza Plateau_main_ground_005_thumb.jpg
images/GPH/3D Model Textures/Thumbnails/GPH_3D_tx_Giza Plateau_main_ground_006_thumb.jpg	images/GPH/3D Model Textures_remove from TMS Collections/Thumbnails/GPH_3D_tx_Giza Plateau_main_ground_006_thumb.jpg
images/GPH/3D Model Textures/Thumbnails/GPH_3D_tx_Giza Plateau_main_ground_007_thumb.jpg	images/GPH/3D Model Textures_remove from TMS Collections/Thumbnails/GPH_3D_tx_Giza Plateau_main_ground_007_thumb.jpg
images/GPH/3D Model Textures/Thumbnails/GPH_3D_tx_Giza Plateau_main_ground_010_thumb.jpg	images/GPH/3D Model Textures_remove from TMS Collections/Thumbnails/GPH_3D_tx_Giza Plateau_main_ground_010_thumb.jpg
images/GPH/3D Model Textures/Thumbnails/GPH_3D_tx_Giza Plateau_main_ground_011_thumb.jpg	images/GPH/3D Model Textures_remove from TMS Collections/Thumbnails/GPH_3D_tx_Giza Plateau_main_ground_011_thumb.jpg
images/GPH/3D Model Textures/Thumbnails/GPH_3D_tx_Giza Plateau_main_ground_bake_nmo_001_thumb.jpg	images/GPH/3D Model Textures_remove from TMS Collections/Thumbnails/GPH_3D_tx_Giza Plateau_main_ground_bake_nmo_001_thumb.jpg
images/GPH/3D Model Textures/Thumbnails/GPH_3D_tx_Giza Plateau_main_ground_plain_001_thumb.jpg	images/GPH/3D Model Textures_remove from TMS Collections/Thumbnails/GPH_3D_tx_Giza Plateau_main_ground_plain_001_thumb.jpg
images/GPH/3D Model Textures/Thumbnails/GPH_3D_tx_Giza Plateau_main_ground_plans_001_thumb.jpg	images/GPH/3D Model Textures_remove from TMS Collections/Thumbnails/GPH_3D_tx_Giza Plateau_main_ground_plans_001_thumb.jpg
images/GPH/3D Model Textures/Thumbnails/GPH_3D_tx_Giza Plateau_map_001_thumb.jpg	images/GPH/3D Model Textures_remove from TMS Collections/Thumbnails/GPH_3D_tx_Giza Plateau_map_001_thumb.jpg
images/GPH/3D Model Textures/Thumbnails/GPH_3D_tx_Giza Plateau_new_island_001_thumb.jpg	images/GPH/3D Model Textures_remove from TMS Collections/Thumbnails/GPH_3D_tx_Giza Plateau_new_island_001_thumb.jpg
images/GPH/3D Model Textures/Thumbnails/GPH_3D_tx_Giza Plateau_outer_ground_001_thumb.jpg	images/GPH/3D Model Textures_remove from TMS Collections/Thumbnails/GPH_3D_tx_Giza Plateau_outer_ground_001_thumb.jpg
images/GPH/3D Model Textures/Thumbnails/GPH_3D_tx_Giza Plateau_outer_ground_002_thumb.jpg	images/GPH/3D Model Textures_remove from TMS Collections/Thumbnails/GPH_3D_tx_Giza Plateau_outer_ground_002_thumb.jpg
images/GPH/3D Model Textures/Thumbnails/GPH_3D_tx_Giza Plateau_outer_ground_003_thumb.jpg	images/GPH/3D Model Textures_remove from TMS Collections/Thumbnails/GPH_3D_tx_Giza Plateau_outer_ground_003_thumb.jpg
images/GPH/3D Model Textures/Thumbnails/GPH_3D_tx_Giza Plateau_outer_ground_bake_nmo_001_thumb.jpg	images/GPH/3D Model Textures_remove from TMS Collections/Thumbnails/GPH_3D_tx_Giza Plateau_outer_ground_bake_nmo_001_thumb.jpg
images/GPH/3D Model Textures/Thumbnails/GPH_3D_tx_Giza Plateau_outer_ground_nmo_001_thumb.jpg	images/GPH/3D Model Textures_remove from TMS Collections/Thumbnails/GPH_3D_tx_Giza Plateau_outer_ground_nmo_001_thumb.jpg
images/GPH/3D Model Textures/Thumbnails/GPH_3D_tx_Giza Plateau_outer_ground_plain_001_thumb.jpg	images/GPH/3D Model Textures_remove from TMS Collections/Thumbnails/GPH_3D_tx_Giza Plateau_outer_ground_plain_001_thumb.jpg
images/GPH/3D Model Textures/Thumbnails/GPH_3D_tx_Giza Plateau_shoreline_001_thumb.jpg	images/GPH/3D Model Textures_remove from TMS Collections/Thumbnails/GPH_3D_tx_Giza Plateau_shoreline_001_thumb.jpg
images/GPH/3D Model Textures/Thumbnails/GPH_3D_tx_Giza Plateau_shoreline_002_thumb.jpg	images/GPH/3D Model Textures_remove from TMS Collections/Thumbnails/GPH_3D_tx_Giza Plateau_shoreline_002_thumb.jpg
images/GPH/3D Model Textures/Thumbnails/GPH_3D_tx_Giza Plateau_shoreline_color_001_thumb.jpg	images/GPH/3D Model Textures_remove from TMS Collections/Thumbnails/GPH_3D_tx_Giza Plateau_shoreline_color_001_thumb.jpg
images/GPH/3D Model Textures/Thumbnails/GPH_3D_tx_Giza Plateau_tile_001_thumb.jpg	images/GPH/3D Model Textures_remove from TMS Collections/Thumbnails/GPH_3D_tx_Giza Plateau_tile_001_thumb.jpg
images/GPH/3D Model Textures/Thumbnails/GPH_3D_tx_Giza Plateau_tile_003_thumb.jpg	images/GPH/3D Model Textures_remove from TMS Collections/Thumbnails/GPH_3D_tx_Giza Plateau_tile_003_thumb.jpg
images/GPH/3D Model Textures/Thumbnails/GPH_3D_tx_Giza Plateau_tile_004_thumb.jpg	images/GPH/3D Model Textures_remove from TMS Collections/Thumbnails/GPH_3D_tx_Giza Plateau_tile_004_thumb.jpg
images/GPH/3D Model Textures/Thumbnails/GPH_3D_tx_Giza Plateau_tile_005_thumb.jpg	images/GPH/3D Model Textures_remove from TMS Collections/Thumbnails/GPH_3D_tx_Giza Plateau_tile_005_thumb.jpg
images/GPH/3D Model Textures/Thumbnails/GPH_3D_tx_Hetepheres_001_thumb.jpg	images/GPH/3D Model Textures_remove from TMS Collections/Thumbnails/GPH_3D_tx_Hetepheres_001_thumb.jpg
images/GPH/3D Model Textures/Thumbnails/GPH_3D_tx_Hetepheres_bracelet_001_thumb.jpg	images/GPH/3D Model Textures_remove from TMS Collections/Thumbnails/GPH_3D_tx_Hetepheres_bracelet_001_thumb.jpg
images/GPH/3D Model Textures/Thumbnails/GPH_3D_tx_Hetepheres_jewelry_001_thumb.jpg	images/GPH/3D Model Textures_remove from TMS Collections/Thumbnails/GPH_3D_tx_Hetepheres_jewelry_001_thumb.jpg
images/GPH/3D Model Textures/Thumbnails/GPH_3D_tx_Hetepheres_jewelry_002_thumb.jpg	images/GPH/3D Model Textures_remove from TMS Collections/Thumbnails/GPH_3D_tx_Hetepheres_jewelry_002_thumb.jpg
images/GPH/3D Model Textures/Thumbnails/GPH_3D_tx_Hetepheres_jewelry_nrm_001_thumb.jpg	images/GPH/3D Model Textures_remove from TMS Collections/Thumbnails/GPH_3D_tx_Hetepheres_jewelry_nrm_001_thumb.jpg
images/GPH/3D Model Textures/Thumbnails/GPH_3D_tx_Hetepheres_nrm_001_thumb.jpg	images/GPH/3D Model Textures_remove from TMS Collections/Thumbnails/GPH_3D_tx_Hetepheres_nrm_001_thumb.jpg
images/GPH/3D Model Textures/Thumbnails/GPH_3D_tx_Hetepheres_red dress_001_thumb.jpg	images/GPH/3D Model Textures_remove from TMS Collections/Thumbnails/GPH_3D_tx_Hetepheres_red dress_001_thumb.jpg
images/GPH/3D Model Textures/Thumbnails/GPH_3D_tx_Inlaid Box_001_thumb.jpg	images/GPH/3D Model Textures_remove from TMS Collections/Thumbnails/GPH_3D_tx_Inlaid Box_001_thumb.jpg
images/GPH/3D Model Textures/Thumbnails/GPH_3D_tx_KHPT_courtyard_001_thumb.jpg	images/GPH/3D Model Textures_remove from TMS Collections/Thumbnails/GPH_3D_tx_KHPT_courtyard_001_thumb.jpg
images/GPH/3D Model Textures/Thumbnails/GPH_3D_tx_KHPT_courtyard_bump_001_thumb.jpg	images/GPH/3D Model Textures_remove from TMS Collections/Thumbnails/GPH_3D_tx_KHPT_courtyard_bump_001_thumb.jpg
images/GPH/3D Model Textures/Thumbnails/GPH_3D_tx_KHVT+SPHT_ground_diff_001_thumb.jpg	images/GPH/3D Model Textures_remove from TMS Collections/Thumbnails/GPH_3D_tx_KHVT+SPHT_ground_diff_001_thumb.jpg
images/GPH/3D Model Textures/Thumbnails/GPH_3D_tx_KHVT_doorjamb_n_001_thumb.jpg	images/GPH/3D Model Textures_remove from TMS Collections/Thumbnails/GPH_3D_tx_KHVT_doorjamb_n_001_thumb.jpg
images/GPH/3D Model Textures/Thumbnails/GPH_3D_tx_KHVT_doorjamb_n_002_thumb.jpg	images/GPH/3D Model Textures_remove from TMS Collections/Thumbnails/GPH_3D_tx_KHVT_doorjamb_n_002_thumb.jpg
images/GPH/3D Model Textures/Thumbnails/GPH_3D_tx_KHVT_doorjamb_n_bump_001_thumb.jpg	images/GPH/3D Model Textures_remove from TMS Collections/Thumbnails/GPH_3D_tx_KHVT_doorjamb_n_bump_001_thumb.jpg
images/GPH/3D Model Textures/Thumbnails/GPH_3D_tx_KHVT_doorjamb_s_001_thumb.jpg	images/GPH/3D Model Textures_remove from TMS Collections/Thumbnails/GPH_3D_tx_KHVT_doorjamb_s_001_thumb.jpg
images/GPH/3D Model Textures/Thumbnails/GPH_3D_tx_KHVT_doorjamb_s_bump_001_thumb.jpg	images/GPH/3D Model Textures_remove from TMS Collections/Thumbnails/GPH_3D_tx_KHVT_doorjamb_s_bump_001_thumb.jpg
images/GPH/3D Model Textures/Thumbnails/GPH_3D_tx_KHVT_ground_001_nrm_thumb.jpg	images/GPH/3D Model Textures_remove from TMS Collections/Thumbnails/GPH_3D_tx_KHVT_ground_001_nrm_thumb.jpg
images/GPH/3D Model Textures/Thumbnails/GPH_3D_tx_KHVT_ground_001_thumb.jpg	images/GPH/3D Model Textures_remove from TMS Collections/Thumbnails/GPH_3D_tx_KHVT_ground_001_thumb.jpg
images/GPH/3D Model Textures/Thumbnails/GPH_3D_tx_KHVT_ground_outer_001_thumb.jpg	images/GPH/3D Model Textures_remove from TMS Collections/Thumbnails/GPH_3D_tx_KHVT_ground_outer_001_thumb.jpg
images/GPH/3D Model Textures/Thumbnails/GPH_3D_tx_KHVT_ground_outer_002_thumb.jpg	images/GPH/3D Model Textures_remove from TMS Collections/Thumbnails/GPH_3D_tx_KHVT_ground_outer_002_thumb.jpg
images/GPH/3D Model Textures/Thumbnails/GPH_3D_tx_KHVT_ground_outer_003_thumb.jpg	images/GPH/3D Model Textures_remove from TMS Collections/Thumbnails/GPH_3D_tx_KHVT_ground_outer_003_thumb.jpg
images/GPH/3D Model Textures/Thumbnails/GPH_3D_tx_KHVT_wall_granite_001_thumb.jpg	images/GPH/3D Model Textures_remove from TMS Collections/Thumbnails/GPH_3D_tx_KHVT_wall_granite_001_thumb.jpg
images/GPH/3D Model Textures/Thumbnails/GPH_3D_tx_KHVT_wall_outer_granite_001_bump_thumb.jpg	images/GPH/3D Model Textures_remove from TMS Collections/Thumbnails/GPH_3D_tx_KHVT_wall_outer_granite_001_bump_thumb.jpg
images/GPH/3D Model Textures/Thumbnails/GPH_3D_tx_KHVT_wall_outer_granite_001_thumb.jpg	images/GPH/3D Model Textures_remove from TMS Collections/Thumbnails/GPH_3D_tx_KHVT_wall_outer_granite_001_thumb.jpg
images/GPH/3D Model Textures/Thumbnails/GPH_3D_tx_MFAB_06.1876_001_thumb.jpg	images/GPH/3D Model Textures_remove from TMS Collections/Thumbnails/GPH_3D_tx_MFAB_06.1876_001_thumb.jpg
images/GPH/3D Model Textures/Thumbnails/GPH_3D_tx_MFAB_06.1876_002_thumb.jpg	images/GPH/3D Model Textures_remove from TMS Collections/Thumbnails/GPH_3D_tx_MFAB_06.1876_002_thumb.jpg
images/GPH/3D Model Textures/Thumbnails/GPH_3D_tx_MFAB_06.1886_001_thumb.jpg	images/GPH/3D Model Textures_remove from TMS Collections/Thumbnails/GPH_3D_tx_MFAB_06.1886_001_thumb.jpg
images/GPH/3D Model Textures/Thumbnails/GPH_3D_tx_MFAB_09.200_001_thumb.jpg	images/GPH/3D Model Textures_remove from TMS Collections/Thumbnails/GPH_3D_tx_MFAB_09.200_001_thumb.jpg
images/GPH/3D Model Textures/Thumbnails/GPH_3D_tx_MFAB_09.200_002_thumb.jpg	images/GPH/3D Model Textures_remove from TMS Collections/Thumbnails/GPH_3D_tx_MFAB_09.200_002_thumb.jpg
images/GPH/3D Model Textures/Thumbnails/GPH_3D_tx_MFAB_09.200_003_thumb.jpg	images/GPH/3D Model Textures_remove from TMS Collections/Thumbnails/GPH_3D_tx_MFAB_09.200_003_thumb.jpg
images/GPH/3D Model Textures/Thumbnails/GPH_3D_tx_MFAB_09.200_004_thumb.jpg	images/GPH/3D Model Textures_remove from TMS Collections/Thumbnails/GPH_3D_tx_MFAB_09.200_004_thumb.jpg
images/GPH/3D Model Textures/Thumbnails/GPH_3D_tx_MFAB_09.200_nrm_001_thumb.jpg	images/GPH/3D Model Textures_remove from TMS Collections/Thumbnails/GPH_3D_tx_MFAB_09.200_nrm_001_thumb.jpg
images/GPH/3D Model Textures/Thumbnails/GPH_3D_tx_MFAB_09.200_nrm_002_thumb.jpg	images/GPH/3D Model Textures_remove from TMS Collections/Thumbnails/GPH_3D_tx_MFAB_09.200_nrm_002_thumb.jpg
images/GPH/3D Model Textures/Thumbnails/GPH_3D_tx_MFAB_11.1738_001_thumb.jpg	images/GPH/3D Model Textures_remove from TMS Collections/Thumbnails/GPH_3D_tx_MFAB_11.1738_001_thumb.jpg
images/GPH/3D Model Textures/Thumbnails/GPH_3D_tx_MFAB_11.1738_color_001_thumb.jpg	images/GPH/3D Model Textures_remove from TMS Collections/Thumbnails/GPH_3D_tx_MFAB_11.1738_color_001_thumb.jpg
images/GPH/3D Model Textures/Thumbnails/GPH_3D_tx_MFAB_11.1738_nrm_001_thumb.jpg	images/GPH/3D Model Textures_remove from TMS Collections/Thumbnails/GPH_3D_tx_MFAB_11.1738_nrm_001_thumb.jpg
images/GPH/3D Model Textures/Thumbnails/GPH_3D_tx_MFAB_11.1738_nrm_002_thumb.jpg	images/GPH/3D Model Textures_remove from TMS Collections/Thumbnails/GPH_3D_tx_MFAB_11.1738_nrm_002_thumb.jpg
images/GPH/3D Model Textures/Thumbnails/GPH_3D_tx_MPT_floor_granite_001_nrm_thumb.jpg	images/GPH/3D Model Textures_remove from TMS Collections/Thumbnails/GPH_3D_tx_MPT_floor_granite_001_nrm_thumb.jpg
images/GPH/3D Model Textures/Thumbnails/GPH_3D_tx_MPT_floor_granite_001_thumb.jpg	images/GPH/3D Model Textures_remove from TMS Collections/Thumbnails/GPH_3D_tx_MPT_floor_granite_001_thumb.jpg
images/GPH/3D Model Textures/Thumbnails/GPH_3D_tx_MVT_ante-town_wall_portico_001_thumb.jpg	images/GPH/3D Model Textures_remove from TMS Collections/Thumbnails/GPH_3D_tx_MVT_ante-town_wall_portico_001_thumb.jpg
images/GPH/3D Model Textures/Thumbnails/GPH_3D_tx_MVT_water_tank_001_thumb.jpg	images/GPH/3D Model Textures_remove from TMS Collections/Thumbnails/GPH_3D_tx_MVT_water_tank_001_thumb.jpg
images/GPH/3D Model Textures/Thumbnails/GPH_3D_tx_Mahmoud_diff_001_thumb.jpg	images/GPH/3D Model Textures_remove from TMS Collections/Thumbnails/GPH_3D_tx_Mahmoud_diff_001_thumb.jpg
images/GPH/3D Model Textures/Thumbnails/GPH_3D_tx_Mahmoud_nrm_001_thumb.jpg	images/GPH/3D Model Textures_remove from TMS Collections/Thumbnails/GPH_3D_tx_Mahmoud_nrm_001_thumb.jpg
images/GPH/3D Model Textures/Thumbnails/GPH_3D_tx_Mahmoud_spec_001_thumb.jpg	images/GPH/3D Model Textures_remove from TMS Collections/Thumbnails/GPH_3D_tx_Mahmoud_spec_001_thumb.jpg
images/GPH/3D Model Textures/Thumbnails/GPH_3D_tx_SPHT_courtyard_pillars_inscribed_001_thumb.jpg	images/GPH/3D Model Textures_remove from TMS Collections/Thumbnails/GPH_3D_tx_SPHT_courtyard_pillars_inscribed_001_thumb.jpg
images/GPH/3D Model Textures/Thumbnails/GPH_3D_tx_SPHT_door_001_thumb.jpg	images/GPH/3D Model Textures_remove from TMS Collections/Thumbnails/GPH_3D_tx_SPHT_door_001_thumb.jpg
images/GPH/3D Model Textures/Thumbnails/GPH_3D_tx_SPHT_doorjamb_001_thumb.jpg	images/GPH/3D Model Textures_remove from TMS Collections/Thumbnails/GPH_3D_tx_SPHT_doorjamb_001_thumb.jpg
images/GPH/3D Model Textures/Thumbnails/GPH_3D_tx_SPHT_doorjamb_inscribed_001_thumb.jpg	images/GPH/3D Model Textures_remove from TMS Collections/Thumbnails/GPH_3D_tx_SPHT_doorjamb_inscribed_001_thumb.jpg
images/GPH/3D Model Textures/Thumbnails/GPH_3D_tx_Southern_Mount_001_thumb.jpg	images/GPH/3D Model Textures_remove from TMS Collections/Thumbnails/GPH_3D_tx_Southern_Mount_001_thumb.jpg
images/GPH/3D Model Textures/Thumbnails/GPH_3D_tx_Southern_Mount_002_thumb.jpg	images/GPH/3D Model Textures_remove from TMS Collections/Thumbnails/GPH_3D_tx_Southern_Mount_002_thumb.jpg
images/GPH/3D Model Textures/Thumbnails/GPH_3D_tx_Southern_Mount_003_thumb.jpg	images/GPH/3D Model Textures_remove from TMS Collections/Thumbnails/GPH_3D_tx_Southern_Mount_003_thumb.jpg
images/GPH/3D Model Textures/Thumbnails/GPH_3D_tx_Southern_Mount_bake_nmo_001_thumb.jpg	images/GPH/3D Model Textures_remove from TMS Collections/Thumbnails/GPH_3D_tx_Southern_Mount_bake_nmo_001_thumb.jpg
images/GPH/3D Model Textures/Thumbnails/GPH_3D_tx_Southern_Mount_rock_001_thumb.jpg	images/GPH/3D Model Textures_remove from TMS Collections/Thumbnails/GPH_3D_tx_Southern_Mount_rock_001_thumb.jpg
images/GPH/3D Model Textures/Thumbnails/GPH_3D_tx_Sphinx_001_thumb.jpg	images/GPH/3D Model Textures_remove from TMS Collections/Thumbnails/GPH_3D_tx_Sphinx_001_thumb.jpg
images/GPH/3D Model Textures/Thumbnails/GPH_3D_tx_Sphinx_body_001_thumb.jpg	images/GPH/3D Model Textures_remove from TMS Collections/Thumbnails/GPH_3D_tx_Sphinx_body_001_thumb.jpg
images/GPH/3D Model Textures/Thumbnails/GPH_3D_tx_Sphinx_headdress_001_thumb.jpg	images/GPH/3D Model Textures_remove from TMS Collections/Thumbnails/GPH_3D_tx_Sphinx_headdress_001_thumb.jpg
images/GPH/3D Model Textures/Thumbnails/GPH_3D_tx_avatar_eyelashes_diff_001_thumb.jpg	images/GPH/3D Model Textures_remove from TMS Collections/Thumbnails/GPH_3D_tx_avatar_eyelashes_diff_001_thumb.jpg
images/GPH/3D Model Textures/Thumbnails/GPH_3D_tx_avatar_kilt_001_thumb.jpg	images/GPH/3D Model Textures_remove from TMS Collections/Thumbnails/GPH_3D_tx_avatar_kilt_001_thumb.jpg
images/GPH/3D Model Textures/Thumbnails/GPH_3D_tx_avatar_teeth_001_thumb.jpg	images/GPH/3D Model Textures_remove from TMS Collections/Thumbnails/GPH_3D_tx_avatar_teeth_001_thumb.jpg
images/GPH/3D Model Textures/Thumbnails/GPH_3D_tx_avatar_teeth_diff_001_thumb.jpg	images/GPH/3D Model Textures_remove from TMS Collections/Thumbnails/GPH_3D_tx_avatar_teeth_diff_001_thumb.jpg
images/GPH/3D Model Textures/Thumbnails/GPH_3D_tx_avatar_tongue_001_thumb.jpg	images/GPH/3D Model Textures_remove from TMS Collections/Thumbnails/GPH_3D_tx_avatar_tongue_001_thumb.jpg
images/GPH/3D Model Textures/Thumbnails/GPH_3D_tx_avatar_wig_001_thumb.jpg	images/GPH/3D Model Textures_remove from TMS Collections/Thumbnails/GPH_3D_tx_avatar_wig_001_thumb.jpg
images/GPH/3D Model Textures/Thumbnails/GPH_3D_tx_barge_001_thumb.jpg	images/GPH/3D Model Textures_remove from TMS Collections/Thumbnails/GPH_3D_tx_barge_001_thumb.jpg
images/GPH/3D Model Textures/Thumbnails/GPH_3D_tx_barge_mask_001_thumb.jpg	images/GPH/3D Model Textures_remove from TMS Collections/Thumbnails/GPH_3D_tx_barge_mask_001_thumb.jpg
images/GPH/3D Model Textures/Thumbnails/GPH_3D_tx_barge_nrm_001_thumb.jpg	images/GPH/3D Model Textures_remove from TMS Collections/Thumbnails/GPH_3D_tx_barge_nrm_001_thumb.jpg
images/GPH/3D Model Textures/Thumbnails/GPH_3D_tx_barque_lm_001_thumb.jpg	images/GPH/3D Model Textures_remove from TMS Collections/Thumbnails/GPH_3D_tx_barque_lm_001_thumb.jpg
images/GPH/3D Model Textures/Thumbnails/GPH_3D_tx_barque_lm_day_001_thumb.jpg	images/GPH/3D Model Textures_remove from TMS Collections/Thumbnails/GPH_3D_tx_barque_lm_day_001_thumb.jpg
images/GPH/3D Model Textures/Thumbnails/GPH_3D_tx_barque_lm_night_001_thumb.jpg	images/GPH/3D Model Textures_remove from TMS Collections/Thumbnails/GPH_3D_tx_barque_lm_night_001_thumb.jpg
images/GPH/3D Model Textures/Thumbnails/GPH_3D_tx_basket 4_002_thumb.jpg	images/GPH/3D Model Textures_remove from TMS Collections/Thumbnails/GPH_3D_tx_basket 4_002_thumb.jpg
images/GPH/3D Model Textures/Thumbnails/GPH_3D_tx_basket 4_003_thumb.jpg	images/GPH/3D Model Textures_remove from TMS Collections/Thumbnails/GPH_3D_tx_basket 4_003_thumb.jpg
images/GPH/3D Model Textures/Thumbnails/GPH_3D_tx_basket_fish_001_thumb.jpg	images/GPH/3D Model Textures_remove from TMS Collections/Thumbnails/GPH_3D_tx_basket_fish_001_thumb.jpg
images/GPH/3D Model Textures/Thumbnails/GPH_3D_tx_basket_reed_001_thumb.jpg	images/GPH/3D Model Textures_remove from TMS Collections/Thumbnails/GPH_3D_tx_basket_reed_001_thumb.jpg
images/GPH/3D Model Textures/Thumbnails/GPH_3D_tx_basket_reed_002_thumb.jpg	images/GPH/3D Model Textures_remove from TMS Collections/Thumbnails/GPH_3D_tx_basket_reed_002_thumb.jpg
images/GPH/3D Model Textures/Thumbnails/GPH_3D_tx_boat_passenger_001_thumb.jpg	images/GPH/3D Model Textures_remove from TMS Collections/Thumbnails/GPH_3D_tx_boat_passenger_001_thumb.jpg
images/GPH/3D Model Textures/Thumbnails/GPH_3D_tx_boat_passenger_mat_001_thumb.jpg	images/GPH/3D Model Textures_remove from TMS Collections/Thumbnails/GPH_3D_tx_boat_passenger_mat_001_thumb.jpg
images/GPH/3D Model Textures/Thumbnails/GPH_3D_tx_bracelet_001_thumb.jpg	images/GPH/3D Model Textures_remove from TMS Collections/Thumbnails/GPH_3D_tx_bracelet_001_thumb.jpg
images/GPH/3D Model Textures/Thumbnails/GPH_3D_tx_color_grey_dark_001_thumb.jpg	images/GPH/3D Model Textures_remove from TMS Collections/Thumbnails/GPH_3D_tx_color_grey_dark_001_thumb.jpg
images/GPH/3D Model Textures/Thumbnails/GPH_3D_tx_color_pyramid_cutting_001_thumb.jpg	images/GPH/3D Model Textures_remove from TMS Collections/Thumbnails/GPH_3D_tx_color_pyramid_cutting_001_thumb.jpg
images/GPH/3D Model Textures/Thumbnails/GPH_3D_tx_color_red_001_thumb.jpg	images/GPH/3D Model Textures_remove from TMS Collections/Thumbnails/GPH_3D_tx_color_red_001_thumb.jpg
images/GPH/3D Model Textures/Thumbnails/GPH_3D_tx_color_white_001_thumb.jpg	images/GPH/3D Model Textures_remove from TMS Collections/Thumbnails/GPH_3D_tx_color_white_001_thumb.jpg
images/GPH/3D Model Textures/Thumbnails/GPH_3D_tx_donkey_bump_001_thumb.jpg	images/GPH/3D Model Textures_remove from TMS Collections/Thumbnails/GPH_3D_tx_donkey_bump_001_thumb.jpg
images/GPH/3D Model Textures/Thumbnails/GPH_3D_tx_donkey_color_dark_001_thumb.jpg	images/GPH/3D Model Textures_remove from TMS Collections/Thumbnails/GPH_3D_tx_donkey_color_dark_001_thumb.jpg
images/GPH/3D Model Textures/Thumbnails/GPH_3D_tx_donkey_color_medium_001_thumb.jpg	images/GPH/3D Model Textures_remove from TMS Collections/Thumbnails/GPH_3D_tx_donkey_color_medium_001_thumb.jpg
images/GPH/3D Model Textures/Thumbnails/GPH_3D_tx_donkey_color_white_001_thumb.jpg	images/GPH/3D Model Textures_remove from TMS Collections/Thumbnails/GPH_3D_tx_donkey_color_white_001_thumb.jpg
images/GPH/3D Model Textures/Thumbnails/GPH_3D_tx_donkey_eye_001_thumb.jpg	images/GPH/3D Model Textures_remove from TMS Collections/Thumbnails/GPH_3D_tx_donkey_eye_001_thumb.jpg
images/GPH/3D Model Textures/Thumbnails/GPH_3D_tx_donkey_fur_tail_001_thumb.jpg	images/GPH/3D Model Textures_remove from TMS Collections/Thumbnails/GPH_3D_tx_donkey_fur_tail_001_thumb.jpg
images/GPH/3D Model Textures/Thumbnails/GPH_3D_tx_donkey_fur_tail_002_thumb.jpg	images/GPH/3D Model Textures_remove from TMS Collections/Thumbnails/GPH_3D_tx_donkey_fur_tail_002_thumb.jpg
images/GPH/3D Model Textures/Thumbnails/GPH_3D_tx_donkey_fur_tail_003_thumb.jpg	images/GPH/3D Model Textures_remove from TMS Collections/Thumbnails/GPH_3D_tx_donkey_fur_tail_003_thumb.jpg
images/GPH/3D Model Textures/Thumbnails/GPH_3D_tx_donkey_hair_001_thumb.jpg	images/GPH/3D Model Textures_remove from TMS Collections/Thumbnails/GPH_3D_tx_donkey_hair_001_thumb.jpg
images/GPH/3D Model Textures/Thumbnails/GPH_3D_tx_donkey_hair_002_thumb.jpg	images/GPH/3D Model Textures_remove from TMS Collections/Thumbnails/GPH_3D_tx_donkey_hair_002_thumb.jpg
images/GPH/3D Model Textures/Thumbnails/GPH_3D_tx_donkey_hair_003_thumb.jpg	images/GPH/3D Model Textures_remove from TMS Collections/Thumbnails/GPH_3D_tx_donkey_hair_003_thumb.jpg
images/GPH/3D Model Textures/Thumbnails/GPH_3D_tx_donkey_spec_001_thumb.jpg	images/GPH/3D Model Textures_remove from TMS Collections/Thumbnails/GPH_3D_tx_donkey_spec_001_thumb.jpg
images/GPH/3D Model Textures/Thumbnails/GPH_3D_tx_gen_alabaster_001_nrm_thumb.jpg	images/GPH/3D Model Textures_remove from TMS Collections/Thumbnails/GPH_3D_tx_gen_alabaster_001_nrm_thumb.jpg
images/GPH/3D Model Textures/Thumbnails/GPH_3D_tx_gen_alabaster_001_thumb.jpg	images/GPH/3D Model Textures_remove from TMS Collections/Thumbnails/GPH_3D_tx_gen_alabaster_001_thumb.jpg
images/GPH/3D Model Textures/Thumbnails/GPH_3D_tx_gen_alabaster_002_thumb.jpg	images/GPH/3D Model Textures_remove from TMS Collections/Thumbnails/GPH_3D_tx_gen_alabaster_002_thumb.jpg
images/GPH/3D Model Textures/Thumbnails/GPH_3D_tx_gen_alabaster_003_thumb.jpg	images/GPH/3D Model Textures_remove from TMS Collections/Thumbnails/GPH_3D_tx_gen_alabaster_003_thumb.jpg
images/GPH/3D Model Textures/Thumbnails/GPH_3D_tx_gen_basalt_smooth_001_thumb.jpg	images/GPH/3D Model Textures_remove from TMS Collections/Thumbnails/GPH_3D_tx_gen_basalt_smooth_001_thumb.jpg
images/GPH/3D Model Textures/Thumbnails/GPH_3D_tx_gen_bed_cushion_001_thumb.jpg	images/GPH/3D Model Textures_remove from TMS Collections/Thumbnails/GPH_3D_tx_gen_bed_cushion_001_thumb.jpg
images/GPH/3D Model Textures/Thumbnails/GPH_3D_tx_gen_brick_and_sand_001_thumb.jpg	images/GPH/3D Model Textures_remove from TMS Collections/Thumbnails/GPH_3D_tx_gen_brick_and_sand_001_thumb.jpg
images/GPH/3D Model Textures/Thumbnails/GPH_3D_tx_gen_brick_rounded_old_001_thumb.jpg	images/GPH/3D Model Textures_remove from TMS Collections/Thumbnails/GPH_3D_tx_gen_brick_rounded_old_001_thumb.jpg
images/GPH/3D Model Textures/Thumbnails/GPH_3D_tx_gen_burialchamber_blocks_001_thumb.jpg	images/GPH/3D Model Textures_remove from TMS Collections/Thumbnails/GPH_3D_tx_gen_burialchamber_blocks_001_thumb.jpg
images/GPH/3D Model Textures/Thumbnails/GPH_3D_tx_gen_burialchamber_bones_001_thumb.jpg	images/GPH/3D Model Textures_remove from TMS Collections/Thumbnails/GPH_3D_tx_gen_burialchamber_bones_001_thumb.jpg
images/GPH/3D Model Textures/Thumbnails/GPH_3D_tx_gen_burialchamber_tooth_001_thumb.jpg	images/GPH/3D Model Textures_remove from TMS Collections/Thumbnails/GPH_3D_tx_gen_burialchamber_tooth_001_thumb.jpg
images/GPH/3D Model Textures/Thumbnails/GPH_3D_tx_gen_burialchamber_wall_001_thumb.jpg	images/GPH/3D Model Textures_remove from TMS Collections/Thumbnails/GPH_3D_tx_gen_burialchamber_wall_001_thumb.jpg
images/GPH/3D Model Textures/Thumbnails/GPH_3D_tx_gen_burialchamber_wall_002_thumb.jpg	images/GPH/3D Model Textures_remove from TMS Collections/Thumbnails/GPH_3D_tx_gen_burialchamber_wall_002_thumb.jpg
images/GPH/3D Model Textures/Thumbnails/GPH_3D_tx_gen_clay_brown_001_thumb.jpg	images/GPH/3D Model Textures_remove from TMS Collections/Thumbnails/GPH_3D_tx_gen_clay_brown_001_thumb.jpg
images/GPH/3D Model Textures/Thumbnails/GPH_3D_tx_gen_clay_ochre_001_thumb.jpg	images/GPH/3D Model Textures_remove from TMS Collections/Thumbnails/GPH_3D_tx_gen_clay_ochre_001_thumb.jpg
images/GPH/3D Model Textures/Thumbnails/GPH_3D_tx_gen_clay_red_001_thumb.jpg	images/GPH/3D Model Textures_remove from TMS Collections/Thumbnails/GPH_3D_tx_gen_clay_red_001_thumb.jpg
images/GPH/3D Model Textures/Thumbnails/GPH_3D_tx_gen_coal_001_thumb.jpg	images/GPH/3D Model Textures_remove from TMS Collections/Thumbnails/GPH_3D_tx_gen_coal_001_thumb.jpg
images/GPH/3D Model Textures/Thumbnails/GPH_3D_tx_gen_coal_002_thumb.jpg	images/GPH/3D Model Textures_remove from TMS Collections/Thumbnails/GPH_3D_tx_gen_coal_002_thumb.jpg
images/GPH/3D Model Textures/Thumbnails/GPH_3D_tx_gen_copper_001_nrm_thumb.jpg	images/GPH/3D Model Textures_remove from TMS Collections/Thumbnails/GPH_3D_tx_gen_copper_001_nrm_thumb.jpg
images/GPH/3D Model Textures/Thumbnails/GPH_3D_tx_gen_copper_001_thumb.jpg	images/GPH/3D Model Textures_remove from TMS Collections/Thumbnails/GPH_3D_tx_gen_copper_001_thumb.jpg
images/GPH/3D Model Textures/Thumbnails/GPH_3D_tx_gen_dirt_edge_001_thumb.jpg	images/GPH/3D Model Textures_remove from TMS Collections/Thumbnails/GPH_3D_tx_gen_dirt_edge_001_thumb.jpg
images/GPH/3D Model Textures/Thumbnails/GPH_3D_tx_gen_dirt_edge_alpha_001_thumb.jpg	images/GPH/3D Model Textures_remove from TMS Collections/Thumbnails/GPH_3D_tx_gen_dirt_edge_alpha_001_thumb.jpg
images/GPH/3D Model Textures/Thumbnails/GPH_3D_tx_gen_dirt_edge_alpha_002_thumb.jpg	images/GPH/3D Model Textures_remove from TMS Collections/Thumbnails/GPH_3D_tx_gen_dirt_edge_alpha_002_thumb.jpg
images/GPH/3D Model Textures/Thumbnails/GPH_3D_tx_gen_door_curtain_001_alpha_thumb.jpg	images/GPH/3D Model Textures_remove from TMS Collections/Thumbnails/GPH_3D_tx_gen_door_curtain_001_alpha_thumb.jpg
images/GPH/3D Model Textures/Thumbnails/GPH_3D_tx_gen_door_curtain_001_thumb.jpg	images/GPH/3D Model Textures_remove from TMS Collections/Thumbnails/GPH_3D_tx_gen_door_curtain_001_thumb.jpg
images/GPH/3D Model Textures/Thumbnails/GPH_3D_tx_gen_flame_001_thumb.jpg	images/GPH/3D Model Textures_remove from TMS Collections/Thumbnails/GPH_3D_tx_gen_flame_001_thumb.jpg
images/GPH/3D Model Textures/Thumbnails/GPH_3D_tx_gen_flame_002_thumb.jpg	images/GPH/3D Model Textures_remove from TMS Collections/Thumbnails/GPH_3D_tx_gen_flame_002_thumb.jpg
images/GPH/3D Model Textures/Thumbnails/GPH_3D_tx_gen_floor_alabaster_001_nrm_thumb.jpg	images/GPH/3D Model Textures_remove from TMS Collections/Thumbnails/GPH_3D_tx_gen_floor_alabaster_001_nrm_thumb.jpg
images/GPH/3D Model Textures/Thumbnails/GPH_3D_tx_gen_floor_alabaster_001_thumb.jpg	images/GPH/3D Model Textures_remove from TMS Collections/Thumbnails/GPH_3D_tx_gen_floor_alabaster_001_thumb.jpg
images/GPH/3D Model Textures/Thumbnails/GPH_3D_tx_gen_floor_alabaster_white_001_thumb.jpg	images/GPH/3D Model Textures_remove from TMS Collections/Thumbnails/GPH_3D_tx_gen_floor_alabaster_white_001_thumb.jpg
images/GPH/3D Model Textures/Thumbnails/GPH_3D_tx_gen_floor_alabaster_white_002_thumb.jpg	images/GPH/3D Model Textures_remove from TMS Collections/Thumbnails/GPH_3D_tx_gen_floor_alabaster_white_002_thumb.jpg
images/GPH/3D Model Textures/Thumbnails/GPH_3D_tx_gen_floor_alabaster_yellow_001_nrm_thumb.jpg	images/GPH/3D Model Textures_remove from TMS Collections/Thumbnails/GPH_3D_tx_gen_floor_alabaster_yellow_001_nrm_thumb.jpg
images/GPH/3D Model Textures/Thumbnails/GPH_3D_tx_gen_floor_alabaster_yellow_001_thumb.jpg	images/GPH/3D Model Textures_remove from TMS Collections/Thumbnails/GPH_3D_tx_gen_floor_alabaster_yellow_001_thumb.jpg
images/GPH/3D Model Textures/Thumbnails/GPH_3D_tx_gen_floor_chamber_thumb.jpg	images/GPH/3D Model Textures_remove from TMS Collections/Thumbnails/GPH_3D_tx_gen_floor_chamber_thumb.jpg
images/GPH/3D Model Textures/Thumbnails/GPH_3D_tx_gen_floor_limestone_001_nrm_thumb.jpg	images/GPH/3D Model Textures_remove from TMS Collections/Thumbnails/GPH_3D_tx_gen_floor_limestone_001_nrm_thumb.jpg
images/GPH/3D Model Textures/Thumbnails/GPH_3D_tx_gen_floor_limestone_001_thumb.jpg	images/GPH/3D Model Textures_remove from TMS Collections/Thumbnails/GPH_3D_tx_gen_floor_limestone_001_thumb.jpg
images/GPH/3D Model Textures/Thumbnails/GPH_3D_tx_gen_floor_limestone_tile_001_thumb.jpg	images/GPH/3D Model Textures_remove from TMS Collections/Thumbnails/GPH_3D_tx_gen_floor_limestone_tile_001_thumb.jpg
images/GPH/3D Model Textures/Thumbnails/GPH_3D_tx_gen_floor_limestone_tile_edge_thumb.jpg	images/GPH/3D Model Textures_remove from TMS Collections/Thumbnails/GPH_3D_tx_gen_floor_limestone_tile_edge_thumb.jpg
images/GPH/3D Model Textures/Thumbnails/GPH_3D_tx_gen_floor_mudplaster_001_nrm_thumb.jpg	images/GPH/3D Model Textures_remove from TMS Collections/Thumbnails/GPH_3D_tx_gen_floor_mudplaster_001_nrm_thumb.jpg
images/GPH/3D Model Textures/Thumbnails/GPH_3D_tx_gen_floor_mudplaster_001_thumb.jpg	images/GPH/3D Model Textures_remove from TMS Collections/Thumbnails/GPH_3D_tx_gen_floor_mudplaster_001_thumb.jpg
images/GPH/3D Model Textures/Thumbnails/GPH_3D_tx_gen_floor_pavement_basalt_001_nrm_thumb.jpg	images/GPH/3D Model Textures_remove from TMS Collections/Thumbnails/GPH_3D_tx_gen_floor_pavement_basalt_001_nrm_thumb.jpg
images/GPH/3D Model Textures/Thumbnails/GPH_3D_tx_gen_floor_pavement_basalt_001_thumb.jpg	images/GPH/3D Model Textures_remove from TMS Collections/Thumbnails/GPH_3D_tx_gen_floor_pavement_basalt_001_thumb.jpg
images/GPH/3D Model Textures/Thumbnails/GPH_3D_tx_gen_floor_pavement_rough_001_nrm_thumb.jpg	images/GPH/3D Model Textures_remove from TMS Collections/Thumbnails/GPH_3D_tx_gen_floor_pavement_rough_001_nrm_thumb.jpg
images/GPH/3D Model Textures/Thumbnails/GPH_3D_tx_gen_floor_pavement_rough_001_thumb.jpg	images/GPH/3D Model Textures_remove from TMS Collections/Thumbnails/GPH_3D_tx_gen_floor_pavement_rough_001_thumb.jpg
images/GPH/3D Model Textures/Thumbnails/GPH_3D_tx_gen_floor_pavement_rough_basaltic_001_thumb.jpg	images/GPH/3D Model Textures_remove from TMS Collections/Thumbnails/GPH_3D_tx_gen_floor_pavement_rough_basaltic_001_thumb.jpg
images/GPH/3D Model Textures/Thumbnails/GPH_3D_tx_gen_floor_pavement_rough_basaltic_nrm_thumb.jpg	images/GPH/3D Model Textures_remove from TMS Collections/Thumbnails/GPH_3D_tx_gen_floor_pavement_rough_basaltic_nrm_thumb.jpg
images/GPH/3D Model Textures/Thumbnails/GPH_3D_tx_gen_floor_sand_001_thumb.jpg	images/GPH/3D Model Textures_remove from TMS Collections/Thumbnails/GPH_3D_tx_gen_floor_sand_001_thumb.jpg
images/GPH/3D Model Textures/Thumbnails/GPH_3D_tx_gen_floor_sand_002_nrm_thumb.jpg	images/GPH/3D Model Textures_remove from TMS Collections/Thumbnails/GPH_3D_tx_gen_floor_sand_002_nrm_thumb.jpg
images/GPH/3D Model Textures/Thumbnails/GPH_3D_tx_gen_floor_sand_002_thumb.jpg	images/GPH/3D Model Textures_remove from TMS Collections/Thumbnails/GPH_3D_tx_gen_floor_sand_002_thumb.jpg
images/GPH/3D Model Textures/Thumbnails/GPH_3D_tx_gen_floor_sand_smallwaves_001_nrm_thumb.jpg	images/GPH/3D Model Textures_remove from TMS Collections/Thumbnails/GPH_3D_tx_gen_floor_sand_smallwaves_001_nrm_thumb.jpg
images/GPH/3D Model Textures/Thumbnails/GPH_3D_tx_gen_floor_sand_smallwaves_001_thumb.jpg	images/GPH/3D Model Textures_remove from TMS Collections/Thumbnails/GPH_3D_tx_gen_floor_sand_smallwaves_001_thumb.jpg
images/GPH/3D Model Textures/Thumbnails/GPH_3D_tx_gen_granite_001_nrm_thumb.jpg	images/GPH/3D Model Textures_remove from TMS Collections/Thumbnails/GPH_3D_tx_gen_granite_001_nrm_thumb.jpg
images/GPH/3D Model Textures/Thumbnails/GPH_3D_tx_gen_granite_001_thumb.jpg	images/GPH/3D Model Textures_remove from TMS Collections/Thumbnails/GPH_3D_tx_gen_granite_001_thumb.jpg
images/GPH/3D Model Textures/Thumbnails/GPH_3D_tx_gen_granite_002_thumb.jpg	images/GPH/3D Model Textures_remove from TMS Collections/Thumbnails/GPH_3D_tx_gen_granite_002_thumb.jpg
images/GPH/3D Model Textures/Thumbnails/GPH_3D_tx_gen_granite_blocks_rough_001_thumb.jpg	images/GPH/3D Model Textures_remove from TMS Collections/Thumbnails/GPH_3D_tx_gen_granite_blocks_rough_001_thumb.jpg
images/GPH/3D Model Textures/Thumbnails/GPH_3D_tx_gen_granite_falsedoor_001_thumb.jpg	images/GPH/3D Model Textures_remove from TMS Collections/Thumbnails/GPH_3D_tx_gen_granite_falsedoor_001_thumb.jpg
images/GPH/3D Model Textures/Thumbnails/GPH_3D_tx_gen_granite_wallblocks_001_nrm_thumb.jpg	images/GPH/3D Model Textures_remove from TMS Collections/Thumbnails/GPH_3D_tx_gen_granite_wallblocks_001_nrm_thumb.jpg
images/GPH/3D Model Textures/Thumbnails/GPH_3D_tx_gen_granite_wallblocks_001_thumb.jpg	images/GPH/3D Model Textures_remove from TMS Collections/Thumbnails/GPH_3D_tx_gen_granite_wallblocks_001_thumb.jpg
images/GPH/3D Model Textures/Thumbnails/GPH_3D_tx_gen_granite_wallblocks_002_nrm_thumb.jpg	images/GPH/3D Model Textures_remove from TMS Collections/Thumbnails/GPH_3D_tx_gen_granite_wallblocks_002_nrm_thumb.jpg
images/GPH/3D Model Textures/Thumbnails/GPH_3D_tx_gen_granite_wallblocks_002_thumb.jpg	images/GPH/3D Model Textures_remove from TMS Collections/Thumbnails/GPH_3D_tx_gen_granite_wallblocks_002_thumb.jpg
images/GPH/3D Model Textures/Thumbnails/GPH_3D_tx_gen_granite_wallblocks_small_001_thumb.jpg	images/GPH/3D Model Textures_remove from TMS Collections/Thumbnails/GPH_3D_tx_gen_granite_wallblocks_small_001_thumb.jpg
images/GPH/3D Model Textures/Thumbnails/GPH_3D_tx_gen_grass_001_thumb.jpg	images/GPH/3D Model Textures_remove from TMS Collections/Thumbnails/GPH_3D_tx_gen_grass_001_thumb.jpg
images/GPH/3D Model Textures/Thumbnails/GPH_3D_tx_gen_grass_002_thumb.jpg	images/GPH/3D Model Textures_remove from TMS Collections/Thumbnails/GPH_3D_tx_gen_grass_002_thumb.jpg
images/GPH/3D Model Textures/Thumbnails/GPH_3D_tx_gen_grass_003_thumb.jpg	images/GPH/3D Model Textures_remove from TMS Collections/Thumbnails/GPH_3D_tx_gen_grass_003_thumb.jpg
images/GPH/3D Model Textures/Thumbnails/GPH_3D_tx_gen_grass_004_thumb.jpg	images/GPH/3D Model Textures_remove from TMS Collections/Thumbnails/GPH_3D_tx_gen_grass_004_thumb.jpg
images/GPH/3D Model Textures/Thumbnails/GPH_3D_tx_gen_grass_005_thumb.jpg	images/GPH/3D Model Textures_remove from TMS Collections/Thumbnails/GPH_3D_tx_gen_grass_005_thumb.jpg
images/GPH/3D Model Textures/Thumbnails/GPH_3D_tx_gen_grass_006_thumb.jpg	images/GPH/3D Model Textures_remove from TMS Collections/Thumbnails/GPH_3D_tx_gen_grass_006_thumb.jpg
images/GPH/3D Model Textures/Thumbnails/GPH_3D_tx_gen_grass_clumps_001_thumb.jpg	images/GPH/3D Model Textures_remove from TMS Collections/Thumbnails/GPH_3D_tx_gen_grass_clumps_001_thumb.jpg
images/GPH/3D Model Textures/Thumbnails/GPH_3D_tx_gen_grass_clumps_002_thumb.jpg	images/GPH/3D Model Textures_remove from TMS Collections/Thumbnails/GPH_3D_tx_gen_grass_clumps_002_thumb.jpg
images/GPH/3D Model Textures/Thumbnails/GPH_3D_tx_gen_grass_tall_001_thumb.jpg	images/GPH/3D Model Textures_remove from TMS Collections/Thumbnails/GPH_3D_tx_gen_grass_tall_001_thumb.jpg
images/GPH/3D Model Textures/Thumbnails/GPH_3D_tx_gen_grass_tall_002_thumb.jpg	images/GPH/3D Model Textures_remove from TMS Collections/Thumbnails/GPH_3D_tx_gen_grass_tall_002_thumb.jpg
images/GPH/3D Model Textures/Thumbnails/GPH_3D_tx_gen_grass_tall_003_thumb.jpg	images/GPH/3D Model Textures_remove from TMS Collections/Thumbnails/GPH_3D_tx_gen_grass_tall_003_thumb.jpg
images/GPH/3D Model Textures/Thumbnails/GPH_3D_tx_gen_grass_tall_004_thumb.jpg	images/GPH/3D Model Textures_remove from TMS Collections/Thumbnails/GPH_3D_tx_gen_grass_tall_004_thumb.jpg
images/GPH/3D Model Textures/Thumbnails/GPH_3D_tx_gen_ground_main_plain_001_thumb.jpg	images/GPH/3D Model Textures_remove from TMS Collections/Thumbnails/GPH_3D_tx_gen_ground_main_plain_001_thumb.jpg
images/GPH/3D Model Textures/Thumbnails/GPH_3D_tx_gen_human_viscera_001_thumb.jpg	images/GPH/3D Model Textures_remove from TMS Collections/Thumbnails/GPH_3D_tx_gen_human_viscera_001_thumb.jpg
images/GPH/3D Model Textures/Thumbnails/GPH_3D_tx_gen_leaf_001_thumb.jpg	images/GPH/3D Model Textures_remove from TMS Collections/Thumbnails/GPH_3D_tx_gen_leaf_001_thumb.jpg
images/GPH/3D Model Textures/Thumbnails/GPH_3D_tx_gen_leaf_002_thumb.jpg	images/GPH/3D Model Textures_remove from TMS Collections/Thumbnails/GPH_3D_tx_gen_leaf_002_thumb.jpg
images/GPH/3D Model Textures/Thumbnails/GPH_3D_tx_gen_leaf_003_thumb.jpg	images/GPH/3D Model Textures_remove from TMS Collections/Thumbnails/GPH_3D_tx_gen_leaf_003_thumb.jpg
images/GPH/3D Model Textures/Thumbnails/GPH_3D_tx_gen_limestone_001_nrm_thumb.jpg	images/GPH/3D Model Textures_remove from TMS Collections/Thumbnails/GPH_3D_tx_gen_limestone_001_nrm_thumb.jpg
images/GPH/3D Model Textures/Thumbnails/GPH_3D_tx_gen_limestone_001_thumb.jpg	images/GPH/3D Model Textures_remove from TMS Collections/Thumbnails/GPH_3D_tx_gen_limestone_001_thumb.jpg
images/GPH/3D Model Textures/Thumbnails/GPH_3D_tx_gen_limestone_002_thumb.jpg	images/GPH/3D Model Textures_remove from TMS Collections/Thumbnails/GPH_3D_tx_gen_limestone_002_thumb.jpg
images/GPH/3D Model Textures/Thumbnails/GPH_3D_tx_gen_limestone_aligned_001_nrm_thumb.jpg	images/GPH/3D Model Textures_remove from TMS Collections/Thumbnails/GPH_3D_tx_gen_limestone_aligned_001_nrm_thumb.jpg
images/GPH/3D Model Textures/Thumbnails/GPH_3D_tx_gen_limestone_aligned_001_thumb.jpg	images/GPH/3D Model Textures_remove from TMS Collections/Thumbnails/GPH_3D_tx_gen_limestone_aligned_001_thumb.jpg
images/GPH/3D Model Textures/Thumbnails/GPH_3D_tx_gen_limestone_blocks_jagged_001_bump_thumb.jpg	images/GPH/3D Model Textures_remove from TMS Collections/Thumbnails/GPH_3D_tx_gen_limestone_blocks_jagged_001_bump_thumb.jpg
images/GPH/3D Model Textures/Thumbnails/GPH_3D_tx_gen_limestone_blocks_jagged_001_thumb.jpg	images/GPH/3D Model Textures_remove from TMS Collections/Thumbnails/GPH_3D_tx_gen_limestone_blocks_jagged_001_thumb.jpg
images/GPH/3D Model Textures/Thumbnails/GPH_3D_tx_gen_limestone_blocks_smooth_001_thumb.jpg	images/GPH/3D Model Textures_remove from TMS Collections/Thumbnails/GPH_3D_tx_gen_limestone_blocks_smooth_001_thumb.jpg
images/GPH/3D Model Textures/Thumbnails/GPH_3D_tx_gen_limestone_boulder_001_nrm_thumb.jpg	images/GPH/3D Model Textures_remove from TMS Collections/Thumbnails/GPH_3D_tx_gen_limestone_boulder_001_nrm_thumb.jpg
images/GPH/3D Model Textures/Thumbnails/GPH_3D_tx_gen_limestone_boulder_001_thumb.jpg	images/GPH/3D Model Textures_remove from TMS Collections/Thumbnails/GPH_3D_tx_gen_limestone_boulder_001_thumb.jpg
images/GPH/3D Model Textures/Thumbnails/GPH_3D_tx_gen_limestone_carved_001_nrm_thumb.jpg	images/GPH/3D Model Textures_remove from TMS Collections/Thumbnails/GPH_3D_tx_gen_limestone_carved_001_nrm_thumb.jpg
images/GPH/3D Model Textures/Thumbnails/GPH_3D_tx_gen_limestone_carved_001_thumb.jpg	images/GPH/3D Model Textures_remove from TMS Collections/Thumbnails/GPH_3D_tx_gen_limestone_carved_001_thumb.jpg
images/GPH/3D Model Textures/Thumbnails/GPH_3D_tx_gen_limestone_carved_004_nrm_thumb.jpg	images/GPH/3D Model Textures_remove from TMS Collections/Thumbnails/GPH_3D_tx_gen_limestone_carved_004_nrm_thumb.jpg
images/GPH/3D Model Textures/Thumbnails/GPH_3D_tx_gen_limestone_carved_004_thumb.jpg	images/GPH/3D Model Textures_remove from TMS Collections/Thumbnails/GPH_3D_tx_gen_limestone_carved_004_thumb.jpg
images/GPH/3D Model Textures/Thumbnails/GPH_3D_tx_gen_limestone_column_001_thumb.jpg	images/GPH/3D Model Textures_remove from TMS Collections/Thumbnails/GPH_3D_tx_gen_limestone_column_001_thumb.jpg
images/GPH/3D Model Textures/Thumbnails/GPH_3D_tx_gen_limestone_column_002_nrm_thumb.jpg	images/GPH/3D Model Textures_remove from TMS Collections/Thumbnails/GPH_3D_tx_gen_limestone_column_002_nrm_thumb.jpg
images/GPH/3D Model Textures/Thumbnails/GPH_3D_tx_gen_limestone_column_002_thumb.jpg	images/GPH/3D Model Textures_remove from TMS Collections/Thumbnails/GPH_3D_tx_gen_limestone_column_002_thumb.jpg
images/GPH/3D Model Textures/Thumbnails/GPH_3D_tx_gen_limestone_facing_001_thumb.jpg	images/GPH/3D Model Textures_remove from TMS Collections/Thumbnails/GPH_3D_tx_gen_limestone_facing_001_thumb.jpg
images/GPH/3D Model Textures/Thumbnails/GPH_3D_tx_gen_limestone_facing_002_nrm_thumb.jpg	images/GPH/3D Model Textures_remove from TMS Collections/Thumbnails/GPH_3D_tx_gen_limestone_facing_002_nrm_thumb.jpg
images/GPH/3D Model Textures/Thumbnails/GPH_3D_tx_gen_limestone_facing_002_thumb.jpg	images/GPH/3D Model Textures_remove from TMS Collections/Thumbnails/GPH_3D_tx_gen_limestone_facing_002_thumb.jpg
images/GPH/3D Model Textures/Thumbnails/GPH_3D_tx_gen_limestone_facing_003_thumb.jpg	images/GPH/3D Model Textures_remove from TMS Collections/Thumbnails/GPH_3D_tx_gen_limestone_facing_003_thumb.jpg
images/GPH/3D Model Textures/Thumbnails/GPH_3D_tx_gen_limestone_logblock_001_nrm_thumb.jpg	images/GPH/3D Model Textures_remove from TMS Collections/Thumbnails/GPH_3D_tx_gen_limestone_logblock_001_nrm_thumb.jpg
images/GPH/3D Model Textures/Thumbnails/GPH_3D_tx_gen_limestone_logblock_001_thumb.jpg	images/GPH/3D Model Textures_remove from TMS Collections/Thumbnails/GPH_3D_tx_gen_limestone_logblock_001_thumb.jpg
images/GPH/3D Model Textures/Thumbnails/GPH_3D_tx_gen_limestone_nummulitic_001_thumb.jpg	images/GPH/3D Model Textures_remove from TMS Collections/Thumbnails/GPH_3D_tx_gen_limestone_nummulitic_001_thumb.jpg
images/GPH/3D Model Textures/Thumbnails/GPH_3D_tx_gen_limestone_paving_001_thumb.jpg	images/GPH/3D Model Textures_remove from TMS Collections/Thumbnails/GPH_3D_tx_gen_limestone_paving_001_thumb.jpg
images/GPH/3D Model Textures/Thumbnails/GPH_3D_tx_gen_limestone_rough_001a_thumb.jpg	images/GPH/3D Model Textures_remove from TMS Collections/Thumbnails/GPH_3D_tx_gen_limestone_rough_001a_thumb.jpg
images/GPH/3D Model Textures/Thumbnails/GPH_3D_tx_gen_limestone_rough_001b_thumb.jpg	images/GPH/3D Model Textures_remove from TMS Collections/Thumbnails/GPH_3D_tx_gen_limestone_rough_001b_thumb.jpg
images/GPH/3D Model Textures/Thumbnails/GPH_3D_tx_gen_limestone_rough_002_thumb.jpg	images/GPH/3D Model Textures_remove from TMS Collections/Thumbnails/GPH_3D_tx_gen_limestone_rough_002_thumb.jpg
images/GPH/3D Model Textures/Thumbnails/GPH_3D_tx_gen_limestone_rough_004_thumb.jpg	images/GPH/3D Model Textures_remove from TMS Collections/Thumbnails/GPH_3D_tx_gen_limestone_rough_004_thumb.jpg
images/GPH/3D Model Textures/Thumbnails/GPH_3D_tx_gen_limestone_rough_005_thumb.jpg	images/GPH/3D Model Textures_remove from TMS Collections/Thumbnails/GPH_3D_tx_gen_limestone_rough_005_thumb.jpg
images/GPH/3D Model Textures/Thumbnails/GPH_3D_tx_gen_limestone_rough_006_thumb.jpg	images/GPH/3D Model Textures_remove from TMS Collections/Thumbnails/GPH_3D_tx_gen_limestone_rough_006_thumb.jpg
images/GPH/3D Model Textures/Thumbnails/GPH_3D_tx_gen_limestone_rough_007_thumb.jpg	images/GPH/3D Model Textures_remove from TMS Collections/Thumbnails/GPH_3D_tx_gen_limestone_rough_007_thumb.jpg
images/GPH/3D Model Textures/Thumbnails/GPH_3D_tx_gen_limestone_rough_008_thumb.jpg	images/GPH/3D Model Textures_remove from TMS Collections/Thumbnails/GPH_3D_tx_gen_limestone_rough_008_thumb.jpg
images/GPH/3D Model Textures/Thumbnails/GPH_3D_tx_gen_limestone_rough_009_thumb.jpg	images/GPH/3D Model Textures_remove from TMS Collections/Thumbnails/GPH_3D_tx_gen_limestone_rough_009_thumb.jpg
images/GPH/3D Model Textures/Thumbnails/GPH_3D_tx_gen_limestone_rough_010_thumb.jpg	images/GPH/3D Model Textures_remove from TMS Collections/Thumbnails/GPH_3D_tx_gen_limestone_rough_010_thumb.jpg
images/GPH/3D Model Textures/Thumbnails/GPH_3D_tx_gen_limestone_rough_011_thumb.jpg	images/GPH/3D Model Textures_remove from TMS Collections/Thumbnails/GPH_3D_tx_gen_limestone_rough_011_thumb.jpg
images/GPH/3D Model Textures/Thumbnails/GPH_3D_tx_gen_limestone_semirough_001_thumb.jpg	images/GPH/3D Model Textures_remove from TMS Collections/Thumbnails/GPH_3D_tx_gen_limestone_semirough_001_thumb.jpg
images/GPH/3D Model Textures/Thumbnails/GPH_3D_tx_gen_limestone_semirough_002_thumb.jpg	images/GPH/3D Model Textures_remove from TMS Collections/Thumbnails/GPH_3D_tx_gen_limestone_semirough_002_thumb.jpg
images/GPH/3D Model Textures/Thumbnails/GPH_3D_tx_gen_limestone_semirough_004_thumb.jpg	images/GPH/3D Model Textures_remove from TMS Collections/Thumbnails/GPH_3D_tx_gen_limestone_semirough_004_thumb.jpg
images/GPH/3D Model Textures/Thumbnails/GPH_3D_tx_gen_limestone_semirough_005_thumb.jpg	images/GPH/3D Model Textures_remove from TMS Collections/Thumbnails/GPH_3D_tx_gen_limestone_semirough_005_thumb.jpg
images/GPH/3D Model Textures/Thumbnails/GPH_3D_tx_gen_limestone_semirough_006_thumb.jpg	images/GPH/3D Model Textures_remove from TMS Collections/Thumbnails/GPH_3D_tx_gen_limestone_semirough_006_thumb.jpg
images/GPH/3D Model Textures/Thumbnails/GPH_3D_tx_gen_limestone_semirough_007_thumb.jpg	images/GPH/3D Model Textures_remove from TMS Collections/Thumbnails/GPH_3D_tx_gen_limestone_semirough_007_thumb.jpg
images/GPH/3D Model Textures/Thumbnails/GPH_3D_tx_gen_limestone_semirough_008_thumb.jpg	images/GPH/3D Model Textures_remove from TMS Collections/Thumbnails/GPH_3D_tx_gen_limestone_semirough_008_thumb.jpg
images/GPH/3D Model Textures/Thumbnails/GPH_3D_tx_gen_limestone_semirough_009_thumb.jpg	images/GPH/3D Model Textures_remove from TMS Collections/Thumbnails/GPH_3D_tx_gen_limestone_semirough_009_thumb.jpg
images/GPH/3D Model Textures/Thumbnails/GPH_3D_tx_gen_limestone_semirough_011_thumb.jpg	images/GPH/3D Model Textures_remove from TMS Collections/Thumbnails/GPH_3D_tx_gen_limestone_semirough_011_thumb.jpg
images/GPH/3D Model Textures/Thumbnails/GPH_3D_tx_gen_limestone_semirough_012_thumb.jpg	images/GPH/3D Model Textures_remove from TMS Collections/Thumbnails/GPH_3D_tx_gen_limestone_semirough_012_thumb.jpg
images/GPH/3D Model Textures/Thumbnails/GPH_3D_tx_gen_limestone_smooth_001_thumb.jpg	images/GPH/3D Model Textures_remove from TMS Collections/Thumbnails/GPH_3D_tx_gen_limestone_smooth_001_thumb.jpg
images/GPH/3D Model Textures/Thumbnails/GPH_3D_tx_gen_limestone_smooth_002_thumb.jpg	images/GPH/3D Model Textures_remove from TMS Collections/Thumbnails/GPH_3D_tx_gen_limestone_smooth_002_thumb.jpg
images/GPH/3D Model Textures/Thumbnails/GPH_3D_tx_gen_limestone_smooth_003_thumb.jpg	images/GPH/3D Model Textures_remove from TMS Collections/Thumbnails/GPH_3D_tx_gen_limestone_smooth_003_thumb.jpg
images/GPH/3D Model Textures/Thumbnails/GPH_3D_tx_gen_limestone_smooth_004_thumb.jpg	images/GPH/3D Model Textures_remove from TMS Collections/Thumbnails/GPH_3D_tx_gen_limestone_smooth_004_thumb.jpg
images/GPH/3D Model Textures/Thumbnails/GPH_3D_tx_gen_limestone_smooth_005_thumb.jpg	images/GPH/3D Model Textures_remove from TMS Collections/Thumbnails/GPH_3D_tx_gen_limestone_smooth_005_thumb.jpg
images/GPH/3D Model Textures/Thumbnails/GPH_3D_tx_gen_limestone_smooth_006_thumb.jpg	images/GPH/3D Model Textures_remove from TMS Collections/Thumbnails/GPH_3D_tx_gen_limestone_smooth_006_thumb.jpg
images/GPH/3D Model Textures/Thumbnails/GPH_3D_tx_gen_limestone_smooth_007_thumb.jpg	images/GPH/3D Model Textures_remove from TMS Collections/Thumbnails/GPH_3D_tx_gen_limestone_smooth_007_thumb.jpg
images/GPH/3D Model Textures/Thumbnails/GPH_3D_tx_gen_limestone_smooth_008_thumb.jpg	images/GPH/3D Model Textures_remove from TMS Collections/Thumbnails/GPH_3D_tx_gen_limestone_smooth_008_thumb.jpg
images/GPH/3D Model Textures/Thumbnails/GPH_3D_tx_gen_limestone_stepped_001_thumb.jpg	images/GPH/3D Model Textures_remove from TMS Collections/Thumbnails/GPH_3D_tx_gen_limestone_stepped_001_thumb.jpg
images/GPH/3D Model Textures/Thumbnails/GPH_3D_tx_gen_limestone_stepped_002_thumb.jpg	images/GPH/3D Model Textures_remove from TMS Collections/Thumbnails/GPH_3D_tx_gen_limestone_stepped_002_thumb.jpg
images/GPH/3D Model Textures/Thumbnails/GPH_3D_tx_gen_limestone_stepped_003_thumb.jpg	images/GPH/3D Model Textures_remove from TMS Collections/Thumbnails/GPH_3D_tx_gen_limestone_stepped_003_thumb.jpg
images/GPH/3D Model Textures/Thumbnails/GPH_3D_tx_gen_limestone_wallblocks_001_thumb.jpg	images/GPH/3D Model Textures_remove from TMS Collections/Thumbnails/GPH_3D_tx_gen_limestone_wallblocks_001_thumb.jpg
images/GPH/3D Model Textures/Thumbnails/GPH_3D_tx_gen_limestone_wallblocks_002_nrm_thumb.jpg	images/GPH/3D Model Textures_remove from TMS Collections/Thumbnails/GPH_3D_tx_gen_limestone_wallblocks_002_nrm_thumb.jpg
images/GPH/3D Model Textures/Thumbnails/GPH_3D_tx_gen_limestone_wallblocks_002_thumb.jpg	images/GPH/3D Model Textures_remove from TMS Collections/Thumbnails/GPH_3D_tx_gen_limestone_wallblocks_002_thumb.jpg
images/GPH/3D Model Textures/Thumbnails/GPH_3D_tx_gen_limestone_wallblocks_003_nrm_thumb.jpg	images/GPH/3D Model Textures_remove from TMS Collections/Thumbnails/GPH_3D_tx_gen_limestone_wallblocks_003_nrm_thumb.jpg
images/GPH/3D Model Textures/Thumbnails/GPH_3D_tx_gen_limestone_wallblocks_003_thumb.jpg	images/GPH/3D Model Textures_remove from TMS Collections/Thumbnails/GPH_3D_tx_gen_limestone_wallblocks_003_thumb.jpg
images/GPH/3D Model Textures/Thumbnails/GPH_3D_tx_gen_limestone_wallblocks_carved_001_thumb.jpg	images/GPH/3D Model Textures_remove from TMS Collections/Thumbnails/GPH_3D_tx_gen_limestone_wallblocks_carved_001_thumb.jpg
images/GPH/3D Model Textures/Thumbnails/GPH_3D_tx_gen_limestone_wallblocks_carved_nrm_thumb.jpg	images/GPH/3D Model Textures_remove from TMS Collections/Thumbnails/GPH_3D_tx_gen_limestone_wallblocks_carved_nrm_thumb.jpg
images/GPH/3D Model Textures/Thumbnails/GPH_3D_tx_gen_limestone_wallblocks_square_001_thumb.jpg	images/GPH/3D Model Textures_remove from TMS Collections/Thumbnails/GPH_3D_tx_gen_limestone_wallblocks_square_001_thumb.jpg
images/GPH/3D Model Textures/Thumbnails/GPH_3D_tx_gen_limestone_yellow_001_thumb.jpg	images/GPH/3D Model Textures_remove from TMS Collections/Thumbnails/GPH_3D_tx_gen_limestone_yellow_001_thumb.jpg
images/GPH/3D Model Textures/Thumbnails/GPH_3D_tx_gen_linen_cloth_001_thumb.jpg	images/GPH/3D Model Textures_remove from TMS Collections/Thumbnails/GPH_3D_tx_gen_linen_cloth_001_thumb.jpg
images/GPH/3D Model Textures/Thumbnails/GPH_3D_tx_gen_marble_black_001_thumb.jpg	images/GPH/3D Model Textures_remove from TMS Collections/Thumbnails/GPH_3D_tx_gen_marble_black_001_thumb.jpg
images/GPH/3D Model Textures/Thumbnails/GPH_3D_tx_gen_natron_001_nrm_thumb.jpg	images/GPH/3D Model Textures_remove from TMS Collections/Thumbnails/GPH_3D_tx_gen_natron_001_nrm_thumb.jpg
images/GPH/3D Model Textures/Thumbnails/GPH_3D_tx_gen_natron_001_thumb.jpg	images/GPH/3D Model Textures_remove from TMS Collections/Thumbnails/GPH_3D_tx_gen_natron_001_thumb.jpg
images/GPH/3D Model Textures/Thumbnails/GPH_3D_tx_gen_plant_001_thumb.jpg	images/GPH/3D Model Textures_remove from TMS Collections/Thumbnails/GPH_3D_tx_gen_plant_001_thumb.jpg
images/GPH/3D Model Textures/Thumbnails/GPH_3D_tx_gen_plant_dianela_001_thumb.jpg	images/GPH/3D Model Textures_remove from TMS Collections/Thumbnails/GPH_3D_tx_gen_plant_dianela_001_thumb.jpg
images/GPH/3D Model Textures/Thumbnails/GPH_3D_tx_gen_plant_papyrus_001_thumb.jpg	images/GPH/3D Model Textures_remove from TMS Collections/Thumbnails/GPH_3D_tx_gen_plant_papyrus_001_thumb.jpg
images/GPH/3D Model Textures/Thumbnails/GPH_3D_tx_gen_quarry_bedrock_001_nrm_thumb.jpg	images/GPH/3D Model Textures_remove from TMS Collections/Thumbnails/GPH_3D_tx_gen_quarry_bedrock_001_nrm_thumb.jpg
images/GPH/3D Model Textures/Thumbnails/GPH_3D_tx_gen_quarry_bedrock_001_thumb.jpg	images/GPH/3D Model Textures_remove from TMS Collections/Thumbnails/GPH_3D_tx_gen_quarry_bedrock_001_thumb.jpg
images/GPH/3D Model Textures/Thumbnails/GPH_3D_tx_gen_quarry_wall_001_nrm_thumb.jpg	images/GPH/3D Model Textures_remove from TMS Collections/Thumbnails/GPH_3D_tx_gen_quarry_wall_001_nrm_thumb.jpg
images/GPH/3D Model Textures/Thumbnails/GPH_3D_tx_gen_quarry_wall_001_thumb.jpg	images/GPH/3D Model Textures_remove from TMS Collections/Thumbnails/GPH_3D_tx_gen_quarry_wall_001_thumb.jpg
images/GPH/3D Model Textures/Thumbnails/GPH_3D_tx_gen_rock_sediment_001_thumb.jpg	images/GPH/3D Model Textures_remove from TMS Collections/Thumbnails/GPH_3D_tx_gen_rock_sediment_001_thumb.jpg
images/GPH/3D Model Textures/Thumbnails/GPH_3D_tx_gen_rock_softmess_001_nrm_thumb.jpg	images/GPH/3D Model Textures_remove from TMS Collections/Thumbnails/GPH_3D_tx_gen_rock_softmess_001_nrm_thumb.jpg
images/GPH/3D Model Textures/Thumbnails/GPH_3D_tx_gen_rock_softmess_001_thumb.jpg	images/GPH/3D Model Textures_remove from TMS Collections/Thumbnails/GPH_3D_tx_gen_rock_softmess_001_thumb.jpg
images/GPH/3D Model Textures/Thumbnails/GPH_3D_tx_gen_rocks_001_thumb.jpg	images/GPH/3D Model Textures_remove from TMS Collections/Thumbnails/GPH_3D_tx_gen_rocks_001_thumb.jpg
images/GPH/3D Model Textures/Thumbnails/GPH_3D_tx_gen_rocks_002_thumb.jpg	images/GPH/3D Model Textures_remove from TMS Collections/Thumbnails/GPH_3D_tx_gen_rocks_002_thumb.jpg
images/GPH/3D Model Textures/Thumbnails/GPH_3D_tx_gen_roof_limestone_blocks_001_thumb.jpg	images/GPH/3D Model Textures_remove from TMS Collections/Thumbnails/GPH_3D_tx_gen_roof_limestone_blocks_001_thumb.jpg
images/GPH/3D Model Textures/Thumbnails/GPH_3D_tx_gen_roof_limestone_blocks_002_thumb.jpg	images/GPH/3D Model Textures_remove from TMS Collections/Thumbnails/GPH_3D_tx_gen_roof_limestone_blocks_002_thumb.jpg
images/GPH/3D Model Textures/Thumbnails/GPH_3D_tx_gen_roof_limestone_blocks_003_thumb.jpg	images/GPH/3D Model Textures_remove from TMS Collections/Thumbnails/GPH_3D_tx_gen_roof_limestone_blocks_003_thumb.jpg
images/GPH/3D Model Textures/Thumbnails/GPH_3D_tx_gen_roof_limestone_blocks_nrm_thumb.jpg	images/GPH/3D Model Textures_remove from TMS Collections/Thumbnails/GPH_3D_tx_gen_roof_limestone_blocks_nrm_thumb.jpg
images/GPH/3D Model Textures/Thumbnails/GPH_3D_tx_gen_roof_tile_001_thumb.jpg	images/GPH/3D Model Textures_remove from TMS Collections/Thumbnails/GPH_3D_tx_gen_roof_tile_001_thumb.jpg
images/GPH/3D Model Textures/Thumbnails/GPH_3D_tx_gen_rope_001_nrm_thumb.jpg	images/GPH/3D Model Textures_remove from TMS Collections/Thumbnails/GPH_3D_tx_gen_rope_001_nrm_thumb.jpg
images/GPH/3D Model Textures/Thumbnails/GPH_3D_tx_gen_rope_001_thumb.jpg	images/GPH/3D Model Textures_remove from TMS Collections/Thumbnails/GPH_3D_tx_gen_rope_001_thumb.jpg
images/GPH/3D Model Textures/Thumbnails/GPH_3D_tx_gen_rope_knotted_001_thumb.jpg	images/GPH/3D Model Textures_remove from TMS Collections/Thumbnails/GPH_3D_tx_gen_rope_knotted_001_thumb.jpg
images/GPH/3D Model Textures/Thumbnails/GPH_3D_tx_gen_sandstone_001_thumb.jpg	images/GPH/3D Model Textures_remove from TMS Collections/Thumbnails/GPH_3D_tx_gen_sandstone_001_thumb.jpg
images/GPH/3D Model Textures/Thumbnails/GPH_3D_tx_gen_sky_001_thumb.jpg	images/GPH/3D Model Textures_remove from TMS Collections/Thumbnails/GPH_3D_tx_gen_sky_001_thumb.jpg
images/GPH/3D Model Textures/Thumbnails/GPH_3D_tx_gen_sky_002_thumb.jpg	images/GPH/3D Model Textures_remove from TMS Collections/Thumbnails/GPH_3D_tx_gen_sky_002_thumb.jpg
images/GPH/3D Model Textures/Thumbnails/GPH_3D_tx_gen_slate_001_thumb.jpg	images/GPH/3D Model Textures_remove from TMS Collections/Thumbnails/GPH_3D_tx_gen_slate_001_thumb.jpg
images/GPH/3D Model Textures/Thumbnails/GPH_3D_tx_gen_stairs_limestone_001_nrm_thumb.jpg	images/GPH/3D Model Textures_remove from TMS Collections/Thumbnails/GPH_3D_tx_gen_stairs_limestone_001_nrm_thumb.jpg
images/GPH/3D Model Textures/Thumbnails/GPH_3D_tx_gen_stairs_limestone_001_thumb.jpg	images/GPH/3D Model Textures_remove from TMS Collections/Thumbnails/GPH_3D_tx_gen_stairs_limestone_001_thumb.jpg
images/GPH/3D Model Textures/Thumbnails/GPH_3D_tx_gen_statue_woman_001_thumb.jpg	images/GPH/3D Model Textures_remove from TMS Collections/Thumbnails/GPH_3D_tx_gen_statue_woman_001_thumb.jpg
images/GPH/3D Model Textures/Thumbnails/GPH_3D_tx_gen_stone_carved_001_thumb.jpg	images/GPH/3D Model Textures_remove from TMS Collections/Thumbnails/GPH_3D_tx_gen_stone_carved_001_thumb.jpg
images/GPH/3D Model Textures/Thumbnails/GPH_3D_tx_gen_stone_carved_002_thumb.jpg	images/GPH/3D Model Textures_remove from TMS Collections/Thumbnails/GPH_3D_tx_gen_stone_carved_002_thumb.jpg
images/GPH/3D Model Textures/Thumbnails/GPH_3D_tx_gen_stone_carved_003_thumb.jpg	images/GPH/3D Model Textures_remove from TMS Collections/Thumbnails/GPH_3D_tx_gen_stone_carved_003_thumb.jpg
images/GPH/3D Model Textures/Thumbnails/GPH_3D_tx_gen_stone_carved_004_thumb.jpg	images/GPH/3D Model Textures_remove from TMS Collections/Thumbnails/GPH_3D_tx_gen_stone_carved_004_thumb.jpg
images/GPH/3D Model Textures/Thumbnails/GPH_3D_tx_gen_stone_wall_rough_001_thumb.jpg	images/GPH/3D Model Textures_remove from TMS Collections/Thumbnails/GPH_3D_tx_gen_stone_wall_rough_001_thumb.jpg
images/GPH/3D Model Textures/Thumbnails/GPH_3D_tx_gen_stucco_001_thumb.jpg	images/GPH/3D Model Textures_remove from TMS Collections/Thumbnails/GPH_3D_tx_gen_stucco_001_thumb.jpg
images/GPH/3D Model Textures/Thumbnails/GPH_3D_tx_gen_terracotta_001_nrm_thumb.jpg	images/GPH/3D Model Textures_remove from TMS Collections/Thumbnails/GPH_3D_tx_gen_terracotta_001_nrm_thumb.jpg
images/GPH/3D Model Textures/Thumbnails/GPH_3D_tx_gen_terracotta_001_thumb.jpg	images/GPH/3D Model Textures_remove from TMS Collections/Thumbnails/GPH_3D_tx_gen_terracotta_001_thumb.jpg
images/GPH/3D Model Textures/Thumbnails/GPH_3D_tx_gen_tree_acai palm_001_thumb.jpg	images/GPH/3D Model Textures_remove from TMS Collections/Thumbnails/GPH_3D_tx_gen_tree_acai palm_001_thumb.jpg
images/GPH/3D Model Textures/Thumbnails/GPH_3D_tx_gen_tree_palm_001_thumb.jpg	images/GPH/3D Model Textures_remove from TMS Collections/Thumbnails/GPH_3D_tx_gen_tree_palm_001_thumb.jpg
images/GPH/3D Model Textures/Thumbnails/GPH_3D_tx_gen_tree_palm_002_thumb.jpg	images/GPH/3D Model Textures_remove from TMS Collections/Thumbnails/GPH_3D_tx_gen_tree_palm_002_thumb.jpg
images/GPH/3D Model Textures/Thumbnails/GPH_3D_tx_gen_tree_palm_003_thumb.jpg	images/GPH/3D Model Textures_remove from TMS Collections/Thumbnails/GPH_3D_tx_gen_tree_palm_003_thumb.jpg
images/GPH/3D Model Textures/Thumbnails/GPH_3D_tx_gen_tree_palm_004_thumb.jpg	images/GPH/3D Model Textures_remove from TMS Collections/Thumbnails/GPH_3D_tx_gen_tree_palm_004_thumb.jpg
images/GPH/3D Model Textures/Thumbnails/GPH_3D_tx_gen_trees_papyrus_001_thumb.jpg	images/GPH/3D Model Textures_remove from TMS Collections/Thumbnails/GPH_3D_tx_gen_trees_papyrus_001_thumb.jpg
images/GPH/3D Model Textures/Thumbnails/GPH_3D_tx_gen_underground_001_thumb.jpg	images/GPH/3D Model Textures_remove from TMS Collections/Thumbnails/GPH_3D_tx_gen_underground_001_thumb.jpg
images/GPH/3D Model Textures/Thumbnails/GPH_3D_tx_gen_vegetation_001_thumb.jpg	images/GPH/3D Model Textures_remove from TMS Collections/Thumbnails/GPH_3D_tx_gen_vegetation_001_thumb.jpg
images/GPH/3D Model Textures/Thumbnails/GPH_3D_tx_gen_wall_blocks_rough_001_thumb.jpg	images/GPH/3D Model Textures_remove from TMS Collections/Thumbnails/GPH_3D_tx_gen_wall_blocks_rough_001_thumb.jpg
images/GPH/3D Model Textures/Thumbnails/GPH_3D_tx_gen_wall_blocks_semismooth_001_thumb.jpg	images/GPH/3D Model Textures_remove from TMS Collections/Thumbnails/GPH_3D_tx_gen_wall_blocks_semismooth_001_thumb.jpg
images/GPH/3D Model Textures/Thumbnails/GPH_3D_tx_gen_wall_brick_and_plaster_001_nrm_thumb.jpg	images/GPH/3D Model Textures_remove from TMS Collections/Thumbnails/GPH_3D_tx_gen_wall_brick_and_plaster_001_nrm_thumb.jpg
images/GPH/3D Model Textures/Thumbnails/GPH_3D_tx_gen_wall_brick_and_plaster_001_thumb.jpg	images/GPH/3D Model Textures_remove from TMS Collections/Thumbnails/GPH_3D_tx_gen_wall_brick_and_plaster_001_thumb.jpg
images/GPH/3D Model Textures/Thumbnails/GPH_3D_tx_gen_wall_damage_001a_thumb.jpg	images/GPH/3D Model Textures_remove from TMS Collections/Thumbnails/GPH_3D_tx_gen_wall_damage_001a_thumb.jpg
images/GPH/3D Model Textures/Thumbnails/GPH_3D_tx_gen_wall_damage_001c_thumb.jpg	images/GPH/3D Model Textures_remove from TMS Collections/Thumbnails/GPH_3D_tx_gen_wall_damage_001c_thumb.jpg
images/GPH/3D Model Textures/Thumbnails/GPH_3D_tx_gen_wall_damage_002a_thumb.jpg	images/GPH/3D Model Textures_remove from TMS Collections/Thumbnails/GPH_3D_tx_gen_wall_damage_002a_thumb.jpg
images/GPH/3D Model Textures/Thumbnails/GPH_3D_tx_gen_wall_damage_002c_thumb.jpg	images/GPH/3D Model Textures_remove from TMS Collections/Thumbnails/GPH_3D_tx_gen_wall_damage_002c_thumb.jpg
images/GPH/3D Model Textures/Thumbnails/GPH_3D_tx_gen_wall_damage_003a_thumb.jpg	images/GPH/3D Model Textures_remove from TMS Collections/Thumbnails/GPH_3D_tx_gen_wall_damage_003a_thumb.jpg
images/GPH/3D Model Textures/Thumbnails/GPH_3D_tx_gen_wall_damage_003c_thumb.jpg	images/GPH/3D Model Textures_remove from TMS Collections/Thumbnails/GPH_3D_tx_gen_wall_damage_003c_thumb.jpg
images/GPH/3D Model Textures/Thumbnails/GPH_3D_tx_gen_wall_damage_004a_thumb.jpg	images/GPH/3D Model Textures_remove from TMS Collections/Thumbnails/GPH_3D_tx_gen_wall_damage_004a_thumb.jpg
images/GPH/3D Model Textures/Thumbnails/GPH_3D_tx_gen_wall_damage_005a_thumb.jpg	images/GPH/3D Model Textures_remove from TMS Collections/Thumbnails/GPH_3D_tx_gen_wall_damage_005a_thumb.jpg
images/GPH/3D Model Textures/Thumbnails/GPH_3D_tx_gen_wall_mortar_001_nrm_thumb.jpg	images/GPH/3D Model Textures_remove from TMS Collections/Thumbnails/GPH_3D_tx_gen_wall_mortar_001_nrm_thumb.jpg
images/GPH/3D Model Textures/Thumbnails/GPH_3D_tx_gen_wall_mortar_001_thumb.jpg	images/GPH/3D Model Textures_remove from TMS Collections/Thumbnails/GPH_3D_tx_gen_wall_mortar_001_thumb.jpg
images/GPH/3D Model Textures/Thumbnails/GPH_3D_tx_gen_wall_mudbrick_001_thumb.jpg	images/GPH/3D Model Textures_remove from TMS Collections/Thumbnails/GPH_3D_tx_gen_wall_mudbrick_001_thumb.jpg
images/GPH/3D Model Textures/Thumbnails/GPH_3D_tx_gen_wall_mudplaster_black_001_thumb.jpg	images/GPH/3D Model Textures_remove from TMS Collections/Thumbnails/GPH_3D_tx_gen_wall_mudplaster_black_001_thumb.jpg
images/GPH/3D Model Textures/Thumbnails/GPH_3D_tx_gen_wall_mudplaster_red_001_thumb.jpg	images/GPH/3D Model Textures_remove from TMS Collections/Thumbnails/GPH_3D_tx_gen_wall_mudplaster_red_001_thumb.jpg
images/GPH/3D Model Textures/Thumbnails/GPH_3D_tx_gen_wall_mudplaster_white_001_nrm_thumb.jpg	images/GPH/3D Model Textures_remove from TMS Collections/Thumbnails/GPH_3D_tx_gen_wall_mudplaster_white_001_nrm_thumb.jpg
images/GPH/3D Model Textures/Thumbnails/GPH_3D_tx_gen_wall_mudplaster_white_001_thumb.jpg	images/GPH/3D Model Textures_remove from TMS Collections/Thumbnails/GPH_3D_tx_gen_wall_mudplaster_white_001_thumb.jpg
images/GPH/3D Model Textures/Thumbnails/GPH_3D_tx_gen_wall_mudplaster_white_002_bump_thumb.jpg	images/GPH/3D Model Textures_remove from TMS Collections/Thumbnails/GPH_3D_tx_gen_wall_mudplaster_white_002_bump_thumb.jpg
images/GPH/3D Model Textures/Thumbnails/GPH_3D_tx_gen_wall_mudplaster_white_002_mask_thumb.jpg	images/GPH/3D Model Textures_remove from TMS Collections/Thumbnails/GPH_3D_tx_gen_wall_mudplaster_white_002_mask_thumb.jpg
images/GPH/3D Model Textures/Thumbnails/GPH_3D_tx_gen_wall_mudplaster_white_002_nrm_thumb.jpg	images/GPH/3D Model Textures_remove from TMS Collections/Thumbnails/GPH_3D_tx_gen_wall_mudplaster_white_002_nrm_thumb.jpg
images/GPH/3D Model Textures/Thumbnails/GPH_3D_tx_gen_wall_mudplaster_white_002_thumb.jpg	images/GPH/3D Model Textures_remove from TMS Collections/Thumbnails/GPH_3D_tx_gen_wall_mudplaster_white_002_thumb.jpg
images/GPH/3D Model Textures/Thumbnails/GPH_3D_tx_gen_wall_mudplaster_white_003_thumb.jpg	images/GPH/3D Model Textures_remove from TMS Collections/Thumbnails/GPH_3D_tx_gen_wall_mudplaster_white_003_thumb.jpg
images/GPH/3D Model Textures/Thumbnails/GPH_3D_tx_gen_wall_mudplaster_white_004_thumb.jpg	images/GPH/3D Model Textures_remove from TMS Collections/Thumbnails/GPH_3D_tx_gen_wall_mudplaster_white_004_thumb.jpg
images/GPH/3D Model Textures/Thumbnails/GPH_3D_tx_gen_wall_paint_black_001_thumb.jpg	images/GPH/3D Model Textures_remove from TMS Collections/Thumbnails/GPH_3D_tx_gen_wall_paint_black_001_thumb.jpg
images/GPH/3D Model Textures/Thumbnails/GPH_3D_tx_gen_water_001_thumb.jpg	images/GPH/3D Model Textures_remove from TMS Collections/Thumbnails/GPH_3D_tx_gen_water_001_thumb.jpg
images/GPH/3D Model Textures/Thumbnails/GPH_3D_tx_gen_water_002_thumb.jpg	images/GPH/3D Model Textures_remove from TMS Collections/Thumbnails/GPH_3D_tx_gen_water_002_thumb.jpg
images/GPH/3D Model Textures/Thumbnails/GPH_3D_tx_gen_wicker_001_nrm_thumb.jpg	images/GPH/3D Model Textures_remove from TMS Collections/Thumbnails/GPH_3D_tx_gen_wicker_001_nrm_thumb.jpg
images/GPH/3D Model Textures/Thumbnails/GPH_3D_tx_gen_wicker_001_thumb.jpg	images/GPH/3D Model Textures_remove from TMS Collections/Thumbnails/GPH_3D_tx_gen_wicker_001_thumb.jpg
images/GPH/3D Model Textures/Thumbnails/GPH_3D_tx_gen_wood_beam_001_thumb.jpg	images/GPH/3D Model Textures_remove from TMS Collections/Thumbnails/GPH_3D_tx_gen_wood_beam_001_thumb.jpg
images/GPH/3D Model Textures/Thumbnails/GPH_3D_tx_gen_wood_cedar_001_nrm_thumb.jpg	images/GPH/3D Model Textures_remove from TMS Collections/Thumbnails/GPH_3D_tx_gen_wood_cedar_001_nrm_thumb.jpg
images/GPH/3D Model Textures/Thumbnails/GPH_3D_tx_gen_wood_cedar_001_thumb.jpg	images/GPH/3D Model Textures_remove from TMS Collections/Thumbnails/GPH_3D_tx_gen_wood_cedar_001_thumb.jpg
images/GPH/3D Model Textures/Thumbnails/GPH_3D_tx_gen_wood_cedar_002_nrm_thumb.jpg	images/GPH/3D Model Textures_remove from TMS Collections/Thumbnails/GPH_3D_tx_gen_wood_cedar_002_nrm_thumb.jpg
images/GPH/3D Model Textures/Thumbnails/GPH_3D_tx_gen_wood_cedar_002_thumb.jpg	images/GPH/3D Model Textures_remove from TMS Collections/Thumbnails/GPH_3D_tx_gen_wood_cedar_002_thumb.jpg
images/GPH/3D Model Textures/Thumbnails/GPH_3D_tx_gen_wood_cedar_dry_001_thumb.jpg	images/GPH/3D Model Textures_remove from TMS Collections/Thumbnails/GPH_3D_tx_gen_wood_cedar_dry_001_thumb.jpg
images/GPH/3D Model Textures/Thumbnails/GPH_3D_tx_gen_wood_cedar_fresh_001_nrm_thumb.jpg	images/GPH/3D Model Textures_remove from TMS Collections/Thumbnails/GPH_3D_tx_gen_wood_cedar_fresh_001_nrm_thumb.jpg
images/GPH/3D Model Textures/Thumbnails/GPH_3D_tx_gen_wood_cedar_fresh_001_thumb.jpg	images/GPH/3D Model Textures_remove from TMS Collections/Thumbnails/GPH_3D_tx_gen_wood_cedar_fresh_001_thumb.jpg
images/GPH/3D Model Textures/Thumbnails/GPH_3D_tx_gen_wood_cedar_panel_001_nrm_thumb.jpg	images/GPH/3D Model Textures_remove from TMS Collections/Thumbnails/GPH_3D_tx_gen_wood_cedar_panel_001_nrm_thumb.jpg
images/GPH/3D Model Textures/Thumbnails/GPH_3D_tx_gen_wood_cedar_panel_001_thumb.jpg	images/GPH/3D Model Textures_remove from TMS Collections/Thumbnails/GPH_3D_tx_gen_wood_cedar_panel_001_thumb.jpg
images/GPH/3D Model Textures/Thumbnails/GPH_3D_tx_gen_wood_cedar_planks_001_nrm_thumb.jpg	images/GPH/3D Model Textures_remove from TMS Collections/Thumbnails/GPH_3D_tx_gen_wood_cedar_planks_001_nrm_thumb.jpg
images/GPH/3D Model Textures/Thumbnails/GPH_3D_tx_gen_wood_cedar_planks_001_thumb.jpg	images/GPH/3D Model Textures_remove from TMS Collections/Thumbnails/GPH_3D_tx_gen_wood_cedar_planks_001_thumb.jpg
images/GPH/3D Model Textures/Thumbnails/GPH_3D_tx_gen_wood_cedar_planks_light_001_thumb.jpg	images/GPH/3D Model Textures_remove from TMS Collections/Thumbnails/GPH_3D_tx_gen_wood_cedar_planks_light_001_thumb.jpg
images/GPH/3D Model Textures/Thumbnails/GPH_3D_tx_gen_wood_dark_001_thumb.jpg	images/GPH/3D Model Textures_remove from TMS Collections/Thumbnails/GPH_3D_tx_gen_wood_dark_001_thumb.jpg
images/GPH/3D Model Textures/Thumbnails/GPH_3D_tx_gen_wood_joint_001_thumb.jpg	images/GPH/3D Model Textures_remove from TMS Collections/Thumbnails/GPH_3D_tx_gen_wood_joint_001_thumb.jpg
images/GPH/3D Model Textures/Thumbnails/GPH_3D_tx_gen_wood_palm_bark_001_nrm_thumb.jpg	images/GPH/3D Model Textures_remove from TMS Collections/Thumbnails/GPH_3D_tx_gen_wood_palm_bark_001_nrm_thumb.jpg
images/GPH/3D Model Textures/Thumbnails/GPH_3D_tx_gen_wood_palm_bark_001_thumb.jpg	images/GPH/3D Model Textures_remove from TMS Collections/Thumbnails/GPH_3D_tx_gen_wood_palm_bark_001_thumb.jpg
images/GPH/3D Model Textures/Thumbnails/GPH_3D_tx_gen_wood_palm_log_001_nrm_thumb.jpg	images/GPH/3D Model Textures_remove from TMS Collections/Thumbnails/GPH_3D_tx_gen_wood_palm_log_001_nrm_thumb.jpg
images/GPH/3D Model Textures/Thumbnails/GPH_3D_tx_gen_wood_palm_log_001_thumb.jpg	images/GPH/3D Model Textures_remove from TMS Collections/Thumbnails/GPH_3D_tx_gen_wood_palm_log_001_thumb.jpg
images/GPH/3D Model Textures/Thumbnails/GPH_3D_tx_gen_wood_plank_001_thumb.jpg	images/GPH/3D Model Textures_remove from TMS Collections/Thumbnails/GPH_3D_tx_gen_wood_plank_001_thumb.jpg
images/GPH/3D Model Textures/Thumbnails/GPH_3D_tx_gen_wood_plank_002_thumb.jpg	images/GPH/3D Model Textures_remove from TMS Collections/Thumbnails/GPH_3D_tx_gen_wood_plank_002_thumb.jpg
images/GPH/3D Model Textures/Thumbnails/GPH_3D_tx_gen_wood_pole_001_thumb.jpg	images/GPH/3D Model Textures_remove from TMS Collections/Thumbnails/GPH_3D_tx_gen_wood_pole_001_thumb.jpg
images/GPH/3D Model Textures/Thumbnails/GPH_3D_tx_gen_wood_pole_002_thumb.jpg	images/GPH/3D Model Textures_remove from TMS Collections/Thumbnails/GPH_3D_tx_gen_wood_pole_002_thumb.jpg
images/GPH/3D Model Textures/Thumbnails/GPH_3D_tx_gen_wood_slab_001_nrm_thumb.jpg	images/GPH/3D Model Textures_remove from TMS Collections/Thumbnails/GPH_3D_tx_gen_wood_slab_001_nrm_thumb.jpg
images/GPH/3D Model Textures/Thumbnails/GPH_3D_tx_gen_wood_slab_001_thumb.jpg	images/GPH/3D Model Textures_remove from TMS Collections/Thumbnails/GPH_3D_tx_gen_wood_slab_001_thumb.jpg
images/GPH/3D Model Textures/Thumbnails/GPH_3D_tx_gen_wood_spacer_001_thumb.jpg	images/GPH/3D Model Textures_remove from TMS Collections/Thumbnails/GPH_3D_tx_gen_wood_spacer_001_thumb.jpg
images/GPH/3D Model Textures/Thumbnails/GPH_3D_tx_gen_wood_stack_001_thumb.jpg	images/GPH/3D Model Textures_remove from TMS Collections/Thumbnails/GPH_3D_tx_gen_wood_stack_001_thumb.jpg
images/GPH/3D Model Textures/Thumbnails/GPH_3D_tx_gen_wood_stack_002_thumb.jpg	images/GPH/3D Model Textures_remove from TMS Collections/Thumbnails/GPH_3D_tx_gen_wood_stack_002_thumb.jpg
images/GPH/3D Model Textures/Thumbnails/GPH_3D_tx_gen_wood_stack_003_thumb.jpg	images/GPH/3D Model Textures_remove from TMS Collections/Thumbnails/GPH_3D_tx_gen_wood_stack_003_thumb.jpg
images/GPH/3D Model Textures/Thumbnails/GPH_3D_tx_gen_wood_stack_ends_001_thumb.jpg	images/GPH/3D Model Textures_remove from TMS Collections/Thumbnails/GPH_3D_tx_gen_wood_stack_ends_001_thumb.jpg
images/GPH/3D Model Textures/Thumbnails/GPH_3D_tx_incense_burner_lm_001_thumb.jpg	images/GPH/3D Model Textures_remove from TMS Collections/Thumbnails/GPH_3D_tx_incense_burner_lm_001_thumb.jpg
images/GPH/3D Model Textures/Thumbnails/GPH_3D_tx_musical_instruments_diff_001_thumb.jpg	images/GPH/3D Model Textures_remove from TMS Collections/Thumbnails/GPH_3D_tx_musical_instruments_diff_001_thumb.jpg
images/GPH/3D Model Textures/Thumbnails/GPH_3D_tx_musician_001_thumb.jpg	images/GPH/3D Model Textures_remove from TMS Collections/Thumbnails/GPH_3D_tx_musician_001_thumb.jpg
images/GPH/3D Model Textures/Thumbnails/GPH_3D_tx_musician_002_thumb.jpg	images/GPH/3D Model Textures_remove from TMS Collections/Thumbnails/GPH_3D_tx_musician_002_thumb.jpg
images/GPH/3D Model Textures/Thumbnails/GPH_3D_tx_musician_003_thumb.jpg	images/GPH/3D Model Textures_remove from TMS Collections/Thumbnails/GPH_3D_tx_musician_003_thumb.jpg
images/GPH/3D Model Textures/Thumbnails/GPH_3D_tx_neutral_blend_001_thumb.jpg	images/GPH/3D Model Textures_remove from TMS Collections/Thumbnails/GPH_3D_tx_neutral_blend_001_thumb.jpg
images/GPH/3D Model Textures/Thumbnails/GPH_3D_tx_noisy_terrain_nrm_001_thumb.jpg	images/GPH/3D Model Textures_remove from TMS Collections/Thumbnails/GPH_3D_tx_noisy_terrain_nrm_001_thumb.jpg
images/GPH/3D Model Textures/Thumbnails/GPH_3D_tx_palace_wall_decoration_001_thumb.jpg	images/GPH/3D Model Textures_remove from TMS Collections/Thumbnails/GPH_3D_tx_palace_wall_decoration_001_thumb.jpg
images/GPH/3D Model Textures/Thumbnails/GPH_3D_tx_papyrus_scroll_001_thumb.jpg	images/GPH/3D Model Textures_remove from TMS Collections/Thumbnails/GPH_3D_tx_papyrus_scroll_001_thumb.jpg
images/GPH/3D Model Textures/Thumbnails/GPH_3D_tx_papyrus_scroll_alpha_001_thumb.jpg	images/GPH/3D Model Textures_remove from TMS Collections/Thumbnails/GPH_3D_tx_papyrus_scroll_alpha_001_thumb.jpg
images/GPH/3D Model Textures/Thumbnails/GPH_3D_tx_papyrus_scroll_alpha_002_thumb.jpg	images/GPH/3D Model Textures_remove from TMS Collections/Thumbnails/GPH_3D_tx_papyrus_scroll_alpha_002_thumb.jpg
images/GPH/3D Model Textures/Thumbnails/GPH_3D_tx_pottery_jar_001_thumb.jpg	images/GPH/3D Model Textures_remove from TMS Collections/Thumbnails/GPH_3D_tx_pottery_jar_001_thumb.jpg
images/GPH/3D Model Textures/Thumbnails/GPH_3D_tx_priest_body_001_thumb.jpg	images/GPH/3D Model Textures_remove from TMS Collections/Thumbnails/GPH_3D_tx_priest_body_001_thumb.jpg
images/GPH/3D Model Textures/Thumbnails/GPH_3D_tx_priest_body_nrm_001_thumb.jpg	images/GPH/3D Model Textures_remove from TMS Collections/Thumbnails/GPH_3D_tx_priest_body_nrm_001_thumb.jpg
images/GPH/3D Model Textures/Thumbnails/GPH_3D_tx_priest_head_001_thumb.jpg	images/GPH/3D Model Textures_remove from TMS Collections/Thumbnails/GPH_3D_tx_priest_head_001_thumb.jpg
images/GPH/3D Model Textures/Thumbnails/GPH_3D_tx_priest_head_nrm_001_thumb.jpg	images/GPH/3D Model Textures_remove from TMS Collections/Thumbnails/GPH_3D_tx_priest_head_nrm_001_thumb.jpg
images/GPH/3D Model Textures/Thumbnails/GPH_3D_tx_priest_lector_001_thumb.jpg	images/GPH/3D Model Textures_remove from TMS Collections/Thumbnails/GPH_3D_tx_priest_lector_001_thumb.jpg
images/GPH/3D Model Textures/Thumbnails/GPH_3D_tx_priest_lector_eye_001_thumb.jpg	images/GPH/3D Model Textures_remove from TMS Collections/Thumbnails/GPH_3D_tx_priest_lector_eye_001_thumb.jpg
images/GPH/3D Model Textures/Thumbnails/GPH_3D_tx_priest_lector_eye_shadow_001_thumb.jpg	images/GPH/3D Model Textures_remove from TMS Collections/Thumbnails/GPH_3D_tx_priest_lector_eye_shadow_001_thumb.jpg
images/GPH/3D Model Textures/Thumbnails/GPH_3D_tx_priest_lector_kilt_front_001_nrm_thumb.jpg	images/GPH/3D Model Textures_remove from TMS Collections/Thumbnails/GPH_3D_tx_priest_lector_kilt_front_001_nrm_thumb.jpg
images/GPH/3D Model Textures/Thumbnails/GPH_3D_tx_priest_lector_kilt_front_001_thumb.jpg	images/GPH/3D Model Textures_remove from TMS Collections/Thumbnails/GPH_3D_tx_priest_lector_kilt_front_001_thumb.jpg
images/GPH/3D Model Textures/Thumbnails/GPH_3D_tx_priest_lector_nrm_001_thumb.jpg	images/GPH/3D Model Textures_remove from TMS Collections/Thumbnails/GPH_3D_tx_priest_lector_nrm_001_thumb.jpg
images/GPH/3D Model Textures/Thumbnails/GPH_3D_tx_priest_lector_sash_nrm_001_thumb.jpg	images/GPH/3D Model Textures_remove from TMS Collections/Thumbnails/GPH_3D_tx_priest_lector_sash_nrm_001_thumb.jpg
images/GPH/3D Model Textures/Thumbnails/GPH_3D_tx_priest_leopard_001_thumb.jpg	images/GPH/3D Model Textures_remove from TMS Collections/Thumbnails/GPH_3D_tx_priest_leopard_001_thumb.jpg
images/GPH/3D Model Textures/Thumbnails/GPH_3D_tx_priest_leopard_nrm_001_thumb.jpg	images/GPH/3D Model Textures_remove from TMS Collections/Thumbnails/GPH_3D_tx_priest_leopard_nrm_001_thumb.jpg
images/GPH/3D Model Textures/Thumbnails/GPH_3D_tx_priest_robe_001_thumb.jpg	images/GPH/3D Model Textures_remove from TMS Collections/Thumbnails/GPH_3D_tx_priest_robe_001_thumb.jpg
images/GPH/3D Model Textures/Thumbnails/GPH_3D_tx_priest_robe_nrm_001_thumb.jpg	images/GPH/3D Model Textures_remove from TMS Collections/Thumbnails/GPH_3D_tx_priest_robe_nrm_001_thumb.jpg
images/GPH/3D Model Textures/Thumbnails/GPH_3D_tx_pyramid_cutting_facing_001_thumb.jpg	images/GPH/3D Model Textures_remove from TMS Collections/Thumbnails/GPH_3D_tx_pyramid_cutting_facing_001_thumb.jpg
images/GPH/3D Model Textures/Thumbnails/GPH_3D_tx_pyramid_fissure_001_thumb.jpg	images/GPH/3D Model Textures_remove from TMS Collections/Thumbnails/GPH_3D_tx_pyramid_fissure_001_thumb.jpg
images/GPH/3D Model Textures/Thumbnails/GPH_3D_tx_pyramid_fissure_002_thumb.jpg	images/GPH/3D Model Textures_remove from TMS Collections/Thumbnails/GPH_3D_tx_pyramid_fissure_002_thumb.jpg
images/GPH/3D Model Textures/Thumbnails/GPH_3D_tx_pyramid_fissure_003_thumb.jpg	images/GPH/3D Model Textures_remove from TMS Collections/Thumbnails/GPH_3D_tx_pyramid_fissure_003_thumb.jpg
images/GPH/3D Model Textures/Thumbnails/GPH_3D_tx_pyramid_queens_chamber_001_thumb.jpg	images/GPH/3D Model Textures_remove from TMS Collections/Thumbnails/GPH_3D_tx_pyramid_queens_chamber_001_thumb.jpg
images/GPH/3D Model Textures/Thumbnails/GPH_3D_tx_quarry_001_thumb.jpg	images/GPH/3D Model Textures_remove from TMS Collections/Thumbnails/GPH_3D_tx_quarry_001_thumb.jpg
images/GPH/3D Model Textures/Thumbnails/GPH_3D_tx_quarry_ground_001_thumb.jpg	images/GPH/3D Model Textures_remove from TMS Collections/Thumbnails/GPH_3D_tx_quarry_ground_001_thumb.jpg
images/GPH/3D Model Textures/Thumbnails/GPH_3D_tx_quarry_ground_002_thumb.jpg	images/GPH/3D Model Textures_remove from TMS Collections/Thumbnails/GPH_3D_tx_quarry_ground_002_thumb.jpg
images/GPH/3D Model Textures/Thumbnails/GPH_3D_tx_reed boat_001_nrm_thumb.jpg	images/GPH/3D Model Textures_remove from TMS Collections/Thumbnails/GPH_3D_tx_reed boat_001_nrm_thumb.jpg
images/GPH/3D Model Textures/Thumbnails/GPH_3D_tx_reed boat_001_thumb.jpg	images/GPH/3D Model Textures_remove from TMS Collections/Thumbnails/GPH_3D_tx_reed boat_001_thumb.jpg
images/GPH/3D Model Textures/Thumbnails/GPH_3D_tx_reed boat_end_001_thumb.jpg	images/GPH/3D Model Textures_remove from TMS Collections/Thumbnails/GPH_3D_tx_reed boat_end_001_thumb.jpg
images/GPH/3D Model Textures/Thumbnails/GPH_3D_tx_reed boat_lm_001_thumb.jpg	images/GPH/3D Model Textures_remove from TMS Collections/Thumbnails/GPH_3D_tx_reed boat_lm_001_thumb.jpg
images/GPH/3D Model Textures/Thumbnails/GPH_3D_tx_reed_matting_001_thumb.jpg	images/GPH/3D Model Textures_remove from TMS Collections/Thumbnails/GPH_3D_tx_reed_matting_001_thumb.jpg
images/GPH/3D Model Textures/Thumbnails/GPH_3D_tx_reed_matting_alpha_001_thumb.jpg	images/GPH/3D Model Textures_remove from TMS Collections/Thumbnails/GPH_3D_tx_reed_matting_alpha_001_thumb.jpg
images/GPH/3D Model Textures/Thumbnails/GPH_3D_tx_reed_matting_color_001_thumb.jpg	images/GPH/3D Model Textures_remove from TMS Collections/Thumbnails/GPH_3D_tx_reed_matting_color_001_thumb.jpg
images/GPH/3D Model Textures/Thumbnails/GPH_3D_tx_reed_matting_color_unrolled_001_thumb.jpg	images/GPH/3D Model Textures_remove from TMS Collections/Thumbnails/GPH_3D_tx_reed_matting_color_unrolled_001_thumb.jpg
images/GPH/3D Model Textures/Thumbnails/GPH_3D_tx_reed_matting_end_001_thumb.jpg	images/GPH/3D Model Textures_remove from TMS Collections/Thumbnails/GPH_3D_tx_reed_matting_end_001_thumb.jpg
images/GPH/3D Model Textures/Thumbnails/GPH_3D_tx_reed_matting_fringe_001_thumb.jpg	images/GPH/3D Model Textures_remove from TMS Collections/Thumbnails/GPH_3D_tx_reed_matting_fringe_001_thumb.jpg
images/GPH/3D Model Textures/Thumbnails/GPH_3D_tx_reed_matting_fringe_alpha_001_thumb.jpg	images/GPH/3D Model Textures_remove from TMS Collections/Thumbnails/GPH_3D_tx_reed_matting_fringe_alpha_001_thumb.jpg
images/GPH/3D Model Textures/Thumbnails/GPH_3D_tx_reed_matting_roll_001_thumb.jpg	images/GPH/3D Model Textures_remove from TMS Collections/Thumbnails/GPH_3D_tx_reed_matting_roll_001_thumb.jpg
images/GPH/3D Model Textures/Thumbnails/GPH_3D_tx_reed_matting_roll_002_thumb.jpg	images/GPH/3D Model Textures_remove from TMS Collections/Thumbnails/GPH_3D_tx_reed_matting_roll_002_thumb.jpg
images/GPH/3D Model Textures/Thumbnails/GPH_3D_tx_reed_matting_tile_001_thumb.jpg	images/GPH/3D Model Textures_remove from TMS Collections/Thumbnails/GPH_3D_tx_reed_matting_tile_001_thumb.jpg
images/GPH/3D Model Textures/Thumbnails/GPH_3D_tx_reed_matting_unrolled_alpha_001_thumb.jpg	images/GPH/3D Model Textures_remove from TMS Collections/Thumbnails/GPH_3D_tx_reed_matting_unrolled_alpha_001_thumb.jpg
images/GPH/3D Model Textures/Thumbnails/GPH_3D_tx_sarcophagus_Menkaure_lm_001_thumb.jpg	images/GPH/3D Model Textures_remove from TMS Collections/Thumbnails/GPH_3D_tx_sarcophagus_Menkaure_lm_001_thumb.jpg
images/GPH/3D Model Textures/Thumbnails/GPH_3D_tx_statue_KHVT_standing_alabaster_001_thumb.jpg	images/GPH/3D Model Textures_remove from TMS Collections/Thumbnails/GPH_3D_tx_statue_KHVT_standing_alabaster_001_thumb.jpg
images/GPH/3D Model Textures/Thumbnails/GPH_3D_tx_statue_Khufu_001_nrm_thumb.jpg	images/GPH/3D Model Textures_remove from TMS Collections/Thumbnails/GPH_3D_tx_statue_Khufu_001_nrm_thumb.jpg
images/GPH/3D Model Textures/Thumbnails/GPH_3D_tx_statue_Khufu_001a_thumb.jpg	images/GPH/3D Model Textures_remove from TMS Collections/Thumbnails/GPH_3D_tx_statue_Khufu_001a_thumb.jpg
images/GPH/3D Model Textures/Thumbnails/GPH_3D_tx_statue_Khufu_001b_thumb.jpg	images/GPH/3D Model Textures_remove from TMS Collections/Thumbnails/GPH_3D_tx_statue_Khufu_001b_thumb.jpg
images/GPH/3D Model Textures/Thumbnails/GPH_3D_tx_statue_Khufu_002_nrm_thumb.jpg	images/GPH/3D Model Textures_remove from TMS Collections/Thumbnails/GPH_3D_tx_statue_Khufu_002_nrm_thumb.jpg
images/GPH/3D Model Textures/Thumbnails/GPH_3D_tx_statue_Khufu_002a_thumb.jpg	images/GPH/3D Model Textures_remove from TMS Collections/Thumbnails/GPH_3D_tx_statue_Khufu_002a_thumb.jpg
images/GPH/3D Model Textures/Thumbnails/GPH_3D_tx_statue_Khufu_002b_thumb.jpg	images/GPH/3D Model Textures_remove from TMS Collections/Thumbnails/GPH_3D_tx_statue_Khufu_002b_thumb.jpg
images/GPH/3D Model Textures/Thumbnails/GPH_3D_tx_statue_Khufu_002c_thumb.jpg	images/GPH/3D Model Textures_remove from TMS Collections/Thumbnails/GPH_3D_tx_statue_Khufu_002c_thumb.jpg
images/GPH/3D Model Textures/Thumbnails/GPH_3D_tx_statue_Khufu_002d_thumb.jpg	images/GPH/3D Model Textures_remove from TMS Collections/Thumbnails/GPH_3D_tx_statue_Khufu_002d_thumb.jpg
images/GPH/3D Model Textures/Thumbnails/GPH_3D_tx_statue_Khufu_002e_thumb.jpg	images/GPH/3D Model Textures_remove from TMS Collections/Thumbnails/GPH_3D_tx_statue_Khufu_002e_thumb.jpg
images/GPH/3D Model Textures/Thumbnails/GPH_3D_tx_statue_MPT_seated_001_thumb.jpg	images/GPH/3D Model Textures_remove from TMS Collections/Thumbnails/GPH_3D_tx_statue_MPT_seated_001_thumb.jpg
images/GPH/3D Model Textures/Thumbnails/GPH_3D_tx_statue_MPT_seated_002_thumb.jpg	images/GPH/3D Model Textures_remove from TMS Collections/Thumbnails/GPH_3D_tx_statue_MPT_seated_002_thumb.jpg
images/GPH/3D Model Textures/Thumbnails/GPH_3D_tx_statue_MPT_seated_greywacke_001_thumb.jpg	images/GPH/3D Model Textures_remove from TMS Collections/Thumbnails/GPH_3D_tx_statue_MPT_seated_greywacke_001_thumb.jpg
images/GPH/3D Model Textures/Thumbnails/GPH_3D_tx_statue_MPT_seated_greywacke_lm_001_thumb.jpg	images/GPH/3D Model Textures_remove from TMS Collections/Thumbnails/GPH_3D_tx_statue_MPT_seated_greywacke_lm_001_thumb.jpg
images/GPH/3D Model Textures/Thumbnails/GPH_3D_tx_statue_MPT_seated_greywacke_nrm_001_thumb.jpg	images/GPH/3D Model Textures_remove from TMS Collections/Thumbnails/GPH_3D_tx_statue_MPT_seated_greywacke_nrm_001_thumb.jpg
images/GPH/3D Model Textures/Thumbnails/GPH_3D_tx_statue_MPT_seated_greywacke_throne_001_thumb.jpg	images/GPH/3D Model Textures_remove from TMS Collections/Thumbnails/GPH_3D_tx_statue_MPT_seated_greywacke_throne_001_thumb.jpg
images/GPH/3D Model Textures/Thumbnails/GPH_3D_tx_statue_MPT_seated_nrm_001_thumb.jpg	images/GPH/3D Model Textures_remove from TMS Collections/Thumbnails/GPH_3D_tx_statue_MPT_seated_nrm_001_thumb.jpg
images/GPH/3D Model Textures/Thumbnails/GPH_3D_tx_statue_MPT_seated_throne_001_thumb.jpg	images/GPH/3D Model Textures_remove from TMS Collections/Thumbnails/GPH_3D_tx_statue_MPT_seated_throne_001_thumb.jpg
images/GPH/3D Model Textures/Thumbnails/GPH_3D_tx_statue_MPT_seated_white_001_thumb.jpg	images/GPH/3D Model Textures_remove from TMS Collections/Thumbnails/GPH_3D_tx_statue_MPT_seated_white_001_thumb.jpg
images/GPH/3D Model Textures/Thumbnails/GPH_3D_tx_statue_MVT_seated_black_001_thumb.jpg	images/GPH/3D Model Textures_remove from TMS Collections/Thumbnails/GPH_3D_tx_statue_MVT_seated_black_001_thumb.jpg
images/GPH/3D Model Textures/Thumbnails/GPH_3D_tx_statue_MVT_seated_green_001_thumb.jpg	images/GPH/3D Model Textures_remove from TMS Collections/Thumbnails/GPH_3D_tx_statue_MVT_seated_green_001_thumb.jpg
images/GPH/3D Model Textures/Thumbnails/GPH_3D_tx_statue_MVT_seated_nrm_001_thumb.jpg	images/GPH/3D Model Textures_remove from TMS Collections/Thumbnails/GPH_3D_tx_statue_MVT_seated_nrm_001_thumb.jpg
images/GPH/3D Model Textures/Thumbnails/GPH_3D_tx_statue_MVT_seated_throne_black_001_thumb.jpg	images/GPH/3D Model Textures_remove from TMS Collections/Thumbnails/GPH_3D_tx_statue_MVT_seated_throne_black_001_thumb.jpg
images/GPH/3D Model Textures/Thumbnails/GPH_3D_tx_statue_MVT_seated_throne_black_002_thumb.jpg	images/GPH/3D Model Textures_remove from TMS Collections/Thumbnails/GPH_3D_tx_statue_MVT_seated_throne_black_002_thumb.jpg
images/GPH/3D Model Textures/Thumbnails/GPH_3D_tx_statue_MVT_seated_throne_cartouche_001_thumb.jpg	images/GPH/3D Model Textures_remove from TMS Collections/Thumbnails/GPH_3D_tx_statue_MVT_seated_throne_cartouche_001_thumb.jpg
images/GPH/3D Model Textures/Thumbnails/GPH_3D_tx_statue_MVT_seated_throne_cartouche_nrm_thumb.jpg	images/GPH/3D Model Textures_remove from TMS Collections/Thumbnails/GPH_3D_tx_statue_MVT_seated_throne_cartouche_nrm_thumb.jpg
images/GPH/3D Model Textures/Thumbnails/GPH_3D_tx_statue_MVT_seated_throne_inscribed_001_thumb.jpg	images/GPH/3D Model Textures_remove from TMS Collections/Thumbnails/GPH_3D_tx_statue_MVT_seated_throne_inscribed_001_thumb.jpg
images/GPH/3D Model Textures/Thumbnails/GPH_3D_tx_statue_MVT_seated_throne_nrm_001_thumb.jpg	images/GPH/3D Model Textures_remove from TMS Collections/Thumbnails/GPH_3D_tx_statue_MVT_seated_throne_nrm_001_thumb.jpg
images/GPH/3D Model Textures/Thumbnails/GPH_3D_tx_statue_MVT_seated_throne_uninscr_001_thumb.jpg	images/GPH/3D Model Textures_remove from TMS Collections/Thumbnails/GPH_3D_tx_statue_MVT_seated_throne_uninscr_001_thumb.jpg
images/GPH/3D Model Textures/Thumbnails/GPH_3D_tx_statue_Menkaure_standing_001_thumb.jpg	images/GPH/3D Model Textures_remove from TMS Collections/Thumbnails/GPH_3D_tx_statue_Menkaure_standing_001_thumb.jpg
images/GPH/3D Model Textures/Thumbnails/GPH_3D_tx_statue_Menkaure_standing_alabaster_001_thumb.jpg	images/GPH/3D Model Textures_remove from TMS Collections/Thumbnails/GPH_3D_tx_statue_Menkaure_standing_alabaster_001_thumb.jpg
images/GPH/3D Model Textures/Thumbnails/GPH_3D_tx_tree_date palm_bark_diff_001_thumb.jpg	images/GPH/3D Model Textures_remove from TMS Collections/Thumbnails/GPH_3D_tx_tree_date palm_bark_diff_001_thumb.jpg
images/GPH/3D Model Textures/Thumbnails/GPH_3D_tx_tree_date palm_bark_diff_wrap_001_thumb.jpg	images/GPH/3D Model Textures_remove from TMS Collections/Thumbnails/GPH_3D_tx_tree_date palm_bark_diff_wrap_001_thumb.jpg
images/GPH/3D Model Textures/Thumbnails/GPH_3D_tx_tree_date palm_dates_alpha_001_thumb.jpg	images/GPH/3D Model Textures_remove from TMS Collections/Thumbnails/GPH_3D_tx_tree_date palm_dates_alpha_001_thumb.jpg
images/GPH/3D Model Textures/Thumbnails/GPH_3D_tx_tree_date palm_dates_color_001_thumb.jpg	images/GPH/3D Model Textures_remove from TMS Collections/Thumbnails/GPH_3D_tx_tree_date palm_dates_color_001_thumb.jpg
images/GPH/3D Model Textures/Thumbnails/GPH_3D_tx_tree_date palm_trunk_001_thumb.jpg	images/GPH/3D Model Textures_remove from TMS Collections/Thumbnails/GPH_3D_tx_tree_date palm_trunk_001_thumb.jpg
images/GPH/3D Model Textures/Thumbnails/GPH_3D_tx_tree_palm_diff_001_thumb.jpg	images/GPH/3D Model Textures_remove from TMS Collections/Thumbnails/GPH_3D_tx_tree_palm_diff_001_thumb.jpg
images/GPH/3D Model Textures/Thumbnails/GPH_3D_tx_tree_palm_leaf_001_thumb.jpg	images/GPH/3D Model Textures_remove from TMS Collections/Thumbnails/GPH_3D_tx_tree_palm_leaf_001_thumb.jpg
images/GPH/3D Model Textures/Thumbnails/GPH_3D_tx_tree_palm_leaf_002_thumb.jpg	images/GPH/3D Model Textures_remove from TMS Collections/Thumbnails/GPH_3D_tx_tree_palm_leaf_002_thumb.jpg
images/GPH/3D Model Textures/Thumbnails/GPH_3D_tx_tree_palm_leaf_003_thumb.jpg	images/GPH/3D Model Textures_remove from TMS Collections/Thumbnails/GPH_3D_tx_tree_palm_leaf_003_thumb.jpg
images/GPH/3D Model Textures/Thumbnails/GPH_3D_tx_tree_palm_leaf_004_thumb.jpg	images/GPH/3D Model Textures_remove from TMS Collections/Thumbnails/GPH_3D_tx_tree_palm_leaf_004_thumb.jpg
images/GPH/3D Model Textures/Thumbnails/GPH_3D_tx_tree_palm_leaf_005_thumb.jpg	images/GPH/3D Model Textures_remove from TMS Collections/Thumbnails/GPH_3D_tx_tree_palm_leaf_005_thumb.jpg
images/GPH/3D Model Textures/Thumbnails/GPH_3D_tx_tree_palm_leaf_006_thumb.jpg	images/GPH/3D Model Textures_remove from TMS Collections/Thumbnails/GPH_3D_tx_tree_palm_leaf_006_thumb.jpg
images/GPH/3D Model Textures/Thumbnails/GPH_3D_tx_tree_palm_leaf_alpha_001_thumb.jpg	images/GPH/3D Model Textures_remove from TMS Collections/Thumbnails/GPH_3D_tx_tree_palm_leaf_alpha_001_thumb.jpg
images/GPH/3D Model Textures/Thumbnails/GPH_3D_tx_tree_palm_nrm_001_thumb.jpg	images/GPH/3D Model Textures_remove from TMS Collections/Thumbnails/GPH_3D_tx_tree_palm_nrm_001_thumb.jpg
images/GPH/3D Model Textures/Thumbnails/GPH_3D_tx_tree_palm_spec_001_thumb.jpg	images/GPH/3D Model Textures_remove from TMS Collections/Thumbnails/GPH_3D_tx_tree_palm_spec_001_thumb.jpg
images/GPH/3D Model Textures/Thumbnails/GPH_3D_tx_tree_palm_top_001_thumb.jpg	images/GPH/3D Model Textures_remove from TMS Collections/Thumbnails/GPH_3D_tx_tree_palm_top_001_thumb.jpg
images/GPH/3D Model Textures/Thumbnails/GPH_3D_tx_tree_palm_top_002_thumb.jpg	images/GPH/3D Model Textures_remove from TMS Collections/Thumbnails/GPH_3D_tx_tree_palm_top_002_thumb.jpg
images/GPH/3D Model Textures/Thumbnails/GPH_3D_tx_worker_001_thumb.jpg	images/GPH/3D Model Textures_remove from TMS Collections/Thumbnails/GPH_3D_tx_worker_001_thumb.jpg
images/GPH/3D Model Textures/Thumbnails/GPH_3D_tx_worker_002_thumb.jpg	images/GPH/3D Model Textures_remove from TMS Collections/Thumbnails/GPH_3D_tx_worker_002_thumb.jpg
images/MFA-images/Giza/GizaImage/full/library/vasiljevic_zff_19_1997.pdf	images/MFA-images/Giza/GizaImage/full/library/Vasiljevic_zff_19_1997.pdf
images/MFA-images/Giza/GizaImage/thumbnails/library/vasiljevic_zff_19_1997.jpg	images/MFA-images/Giza/GizaImage/thumbnails/library/Vasiljevic_zff_19_1997.jpg
images/MFA-images/Giza/GizaImage/thumbnails/movies/BS_00011.JPG	images/MFA-images/Giza/GizaImage/thumbnails/movies/BS_00011.jpg
images/MFA-images/Giza/GizaImage/thumbnails/movies/PDM_00840.JPG	images/MFA-images/Giza/GizaImage/thumbnails/movies/PDM_00840.jpg
images/NMEC/GEM_6365/GEM_6365_002.jpg	images/NMEC/GEM_6365/GEM_6365_002.JPG
images/NMEC/GEM_6365/GEM_6365_003.jpg	images/NMEC/GEM_6365/GEM_6365_003.JPG
